{"type":"FeatureCollection","crs":{"type":"name","properties":{"name":"urn:ogc:def:crs:OGC:1.3:CRS84"}},"features":[{"type":"Feature","properties":{"fid":1,"city":"Honolulu","country":"United States","beta_A":0.7128,"beta_V":0.5491,"beta_h":-0.1638,"A_cls":1,"H_cls":0,"color":"#1f77b4","n_points":11.0,"svg_file":"1.svg","rel_A":"<","rel_V":"<","regime_key":"A<_V<","regime_label":"$\\beta_A < 1,\\ \\beta_V < 1$","regime_color":"#1f77b4","beta_group":"A<_V<","beta_group_label":"$\\beta_A < 1,\\ \\beta_V < 1$","beta_A_prob_gt1":0.0,"beta_A_prob_lt1":1.0,"beta_V_prob_gt1":0.0,"beta_V_prob_lt1":1.0,"n_boot_valid":250.0},"geometry":{"type":"Point","coordinates":[-157.8915529691934,21.334928129372482]}},{"type":"Feature","properties":{"fid":8,"city":"Oxnard","country":"United States","beta_A":0.6154,"beta_V":0.622,"beta_h":0.0065,"A_cls":0,"H_cls":2,"color":"#ff7f0e","n_points":11.0,"svg_file":"8.svg","rel_A":"=","rel_V":"=","regime_key":"A=_V=","regime_label":"$\\beta_A = 1,\\ \\beta_V = 1$","regime_color":"#ff7f0e","beta_group":"A=_V=","beta_group_label":"$\\beta_A = 1,\\ \\beta_V = 1$","beta_A_prob_gt1":0.032,"beta_A_prob_lt1":0.968,"beta_V_prob_gt1":0.036,"beta_V_prob_lt1":0.964,"n_boot_valid":250.0},"geometry":{"type":"Point","coordinates":[-119.17944761385272,34.21863747507124]}},{"type":"Feature","properties":{"fid":10,"city":"San Jose","country":"United States","beta_A":0.4832,"beta_V":0.4822,"beta_h":-0.0011,"A_cls":0,"H_cls":2,"color":"#1f77b4","n_points":11.0,"svg_file":"10.svg","rel_A":"<","rel_V":"<","regime_key":"A<_V<","regime_label":"$\\beta_A < 1,\\ \\beta_V < 1$","regime_color":"#1f77b4","beta_group":"A<_V<","beta_group_label":"$\\beta_A < 1,\\ \\beta_V < 1$","beta_A_prob_gt1":0.0,"beta_A_prob_lt1":1.0,"beta_V_prob_gt1":0.0,"beta_V_prob_lt1":1.0,"n_boot_valid":250.0},"geometry":{"type":"Point","coordinates":[-122.43274673324639,37.63610811569936]}},{"type":"Feature","properties":{"fid":12,"city":"Thousand Oaks","country":"United States","beta_A":1.3776,"beta_V":1.3073,"beta_h":-0.0703,"A_cls":2,"H_cls":1,"color":"#2ca02c","n_points":11.0,"svg_file":"12.svg","rel_A":">","rel_V":">","regime_key":"A>_V>","regime_label":"$\\beta_A > 1,\\ \\beta_V > 1$","regime_color":"#2ca02c","beta_group":"A>_V>","beta_group_label":"$\\beta_A > 1,\\ \\beta_V > 1$","beta_A_prob_gt1":1.0,"beta_A_prob_lt1":0.0,"beta_V_prob_gt1":1.0,"beta_V_prob_lt1":0.0,"n_boot_valid":250.0},"geometry":{"type":"Point","coordinates":[-118.90190458985631,34.1838656503726]}},{"type":"Feature","properties":{"fid":14,"city":"Los Angeles","country":"United States","beta_A":0.6429,"beta_V":0.6516,"beta_h":0.0087,"A_cls":1,"H_cls":2,"color":"#1f77b4","n_points":11.0,"svg_file":"14.svg","rel_A":"<","rel_V":"<","regime_key":"A<_V<","regime_label":"$\\beta_A < 1,\\ \\beta_V < 1$","regime_color":"#1f77b4","beta_group":"A<_V<","beta_group_label":"$\\beta_A < 1,\\ \\beta_V < 1$","beta_A_prob_gt1":0.008,"beta_A_prob_lt1":0.992,"beta_V_prob_gt1":0.008,"beta_V_prob_lt1":0.992,"n_boot_valid":250.0},"geometry":{"type":"Point","coordinates":[-118.06743490191242,33.86249253035501]}},{"type":"Feature","properties":{"fid":18,"city":"Concord","country":"United States","beta_A":0.7694,"beta_V":0.7378,"beta_h":-0.0317,"A_cls":1,"H_cls":2,"color":"#1f77b4","n_points":11.0,"svg_file":"18.svg","rel_A":"<","rel_V":"<","regime_key":"A<_V<","regime_label":"$\\beta_A < 1,\\ \\beta_V < 1$","regime_color":"#1f77b4","beta_group":"A<_V<","beta_group_label":"$\\beta_A < 1,\\ \\beta_V < 1$","beta_A_prob_gt1":0.0,"beta_A_prob_lt1":1.0,"beta_V_prob_gt1":0.0,"beta_V_prob_lt1":1.0,"n_boot_valid":250.0},"geometry":{"type":"Point","coordinates":[-122.0403778835121,37.91020944744592]}},{"type":"Feature","properties":{"fid":21,"city":"Tijuana","country":"United States","beta_A":0.6028,"beta_V":0.6037,"beta_h":0.0009,"A_cls":0,"H_cls":2,"color":"#1f77b4","n_points":11.0,"svg_file":"21.svg","rel_A":"<","rel_V":"<","regime_key":"A<_V<","regime_label":"$\\beta_A < 1,\\ \\beta_V < 1$","regime_color":"#1f77b4","beta_group":"A<_V<","beta_group_label":"$\\beta_A < 1,\\ \\beta_V < 1$","beta_A_prob_gt1":0.0,"beta_A_prob_lt1":1.0,"beta_V_prob_gt1":0.0,"beta_V_prob_lt1":1.0,"n_boot_valid":250.0},"geometry":{"type":"Point","coordinates":[-117.23655323515456,32.849223245635756]}},{"type":"Feature","properties":{"fid":29,"city":"Bakersfield","country":"United States","beta_A":0.6297,"beta_V":0.6168,"beta_h":-0.0129,"A_cls":0,"H_cls":2,"color":"#1f77b4","n_points":11.0,"svg_file":"29.svg","rel_A":"<","rel_V":"<","regime_key":"A<_V<","regime_label":"$\\beta_A < 1,\\ \\beta_V < 1$","regime_color":"#1f77b4","beta_group":"A<_V<","beta_group_label":"$\\beta_A < 1,\\ \\beta_V < 1$","beta_A_prob_gt1":0.0,"beta_A_prob_lt1":1.0,"beta_V_prob_gt1":0.0,"beta_V_prob_lt1":1.0,"n_boot_valid":250.0},"geometry":{"type":"Point","coordinates":[-119.03907018054021,35.36478208433153]}},{"type":"Feature","properties":{"fid":34,"city":"Stockton","country":"United States","beta_A":0.6062,"beta_V":0.5557,"beta_h":-0.0505,"A_cls":0,"H_cls":1,"color":"#1f77b4","n_points":11.0,"svg_file":"34.svg","rel_A":"<","rel_V":"<","regime_key":"A<_V<","regime_label":"$\\beta_A < 1,\\ \\beta_V < 1$","regime_color":"#1f77b4","beta_group":"A<_V<","beta_group_label":"$\\beta_A < 1,\\ \\beta_V < 1$","beta_A_prob_gt1":0.0,"beta_A_prob_lt1":1.0,"beta_V_prob_gt1":0.0,"beta_V_prob_lt1":1.0,"n_boot_valid":250.0},"geometry":{"type":"Point","coordinates":[-121.30084918205989,37.97215623618065]}},{"type":"Feature","properties":{"fid":35,"city":"Modesto","country":"United States","beta_A":0.3967,"beta_V":0.3834,"beta_h":-0.0134,"A_cls":0,"H_cls":2,"color":"#1f77b4","n_points":11.0,"svg_file":"35.svg","rel_A":"<","rel_V":"<","regime_key":"A<_V<","regime_label":"$\\beta_A < 1,\\ \\beta_V < 1$","regime_color":"#1f77b4","beta_group":"A<_V<","beta_group_label":"$\\beta_A < 1,\\ \\beta_V < 1$","beta_A_prob_gt1":0.0,"beta_A_prob_lt1":1.0,"beta_V_prob_gt1":0.0,"beta_V_prob_lt1":1.0,"n_boot_valid":250.0},"geometry":{"type":"Point","coordinates":[-120.98028568016018,37.653780584424645]}},{"type":"Feature","properties":{"fid":46,"city":"Fresno","country":"United States","beta_A":0.7313,"beta_V":0.7035,"beta_h":-0.0278,"A_cls":1,"H_cls":2,"color":"#1f77b4","n_points":11.0,"svg_file":"46.svg","rel_A":"<","rel_V":"<","regime_key":"A<_V<","regime_label":"$\\beta_A < 1,\\ \\beta_V < 1$","regime_color":"#1f77b4","beta_group":"A<_V<","beta_group_label":"$\\beta_A < 1,\\ \\beta_V < 1$","beta_A_prob_gt1":0.008,"beta_A_prob_lt1":0.992,"beta_V_prob_gt1":0.004,"beta_V_prob_lt1":0.996,"n_boot_valid":250.0},"geometry":{"type":"Point","coordinates":[-119.77140752464831,36.780863524367405]}},{"type":"Feature","properties":{"fid":49,"city":"Sacramento","country":"United States","beta_A":0.7548,"beta_V":0.7208,"beta_h":-0.034,"A_cls":1,"H_cls":2,"color":"#1f77b4","n_points":11.0,"svg_file":"49.svg","rel_A":"<","rel_V":"<","regime_key":"A<_V<","regime_label":"$\\beta_A < 1,\\ \\beta_V < 1$","regime_color":"#1f77b4","beta_group":"A<_V<","beta_group_label":"$\\beta_A < 1,\\ \\beta_V < 1$","beta_A_prob_gt1":0.0,"beta_A_prob_lt1":1.0,"beta_V_prob_gt1":0.0,"beta_V_prob_lt1":1.0,"n_boot_valid":250.0},"geometry":{"type":"Point","coordinates":[-121.39377391720633,38.610471939053994]}},{"type":"Feature","properties":{"fid":56,"city":"Indio","country":"United States","beta_A":0.271,"beta_V":0.2733,"beta_h":0.0022,"A_cls":0,"H_cls":2,"color":"#1f77b4","n_points":11.0,"svg_file":"56.svg","rel_A":"<","rel_V":"<","regime_key":"A<_V<","regime_label":"$\\beta_A < 1,\\ \\beta_V < 1$","regime_color":"#1f77b4","beta_group":"A<_V<","beta_group_label":"$\\beta_A < 1,\\ \\beta_V < 1$","beta_A_prob_gt1":0.0,"beta_A_prob_lt1":1.0,"beta_V_prob_gt1":0.0,"beta_V_prob_lt1":1.0,"n_boot_valid":250.0},"geometry":{"type":"Point","coordinates":[-116.36125964854152,33.75836270803035]}},{"type":"Feature","properties":{"fid":65,"city":"Hermosillo","country":"Mexico","beta_A":0.9055,"beta_V":0.8998,"beta_h":-0.0057,"A_cls":1,"H_cls":2,"color":"#ff7f0e","n_points":11.0,"svg_file":"65.svg","rel_A":"=","rel_V":"=","regime_key":"A=_V=","regime_label":"$\\beta_A = 1,\\ \\beta_V = 1$","regime_color":"#ff7f0e","beta_group":"A=_V=","beta_group_label":"$\\beta_A = 1,\\ \\beta_V = 1$","beta_A_prob_gt1":0.236,"beta_A_prob_lt1":0.764,"beta_V_prob_gt1":0.228,"beta_V_prob_lt1":0.772,"n_boot_valid":250.0},"geometry":{"type":"Point","coordinates":[-110.96435684310724,29.08021235390298]}},{"type":"Feature","properties":{"fid":74,"city":"Las Vegas","country":"United States","beta_A":0.6671,"beta_V":0.6742,"beta_h":0.0071,"A_cls":1,"H_cls":2,"color":"#1f77b4","n_points":11.0,"svg_file":"74.svg","rel_A":"<","rel_V":"<","regime_key":"A<_V<","regime_label":"$\\beta_A < 1,\\ \\beta_V < 1$","regime_color":"#1f77b4","beta_group":"A<_V<","beta_group_label":"$\\beta_A < 1,\\ \\beta_V < 1$","beta_A_prob_gt1":0.0,"beta_A_prob_lt1":1.0,"beta_V_prob_gt1":0.0,"beta_V_prob_lt1":1.0,"n_boot_valid":250.0},"geometry":{"type":"Point","coordinates":[-115.18214260592597,36.13081754129756]}},{"type":"Feature","properties":{"fid":79,"city":"Phoenix","country":"United States","beta_A":0.5491,"beta_V":0.538,"beta_h":-0.0112,"A_cls":0,"H_cls":2,"color":"#1f77b4","n_points":11.0,"svg_file":"79.svg","rel_A":"<","rel_V":"<","regime_key":"A<_V<","regime_label":"$\\beta_A < 1,\\ \\beta_V < 1$","regime_color":"#1f77b4","beta_group":"A<_V<","beta_group_label":"$\\beta_A < 1,\\ \\beta_V < 1$","beta_A_prob_gt1":0.0,"beta_A_prob_lt1":1.0,"beta_V_prob_gt1":0.0,"beta_V_prob_lt1":1.0,"n_boot_valid":250.0},"geometry":{"type":"Point","coordinates":[-112.1154220097515,33.45491738521594]}},{"type":"Feature","properties":{"fid":84,"city":"Tucson","country":"United States","beta_A":0.4493,"beta_V":0.4431,"beta_h":-0.0062,"A_cls":0,"H_cls":2,"color":"#1f77b4","n_points":11.0,"svg_file":"84.svg","rel_A":"<","rel_V":"<","regime_key":"A<_V<","regime_label":"$\\beta_A < 1,\\ \\beta_V < 1$","regime_color":"#1f77b4","beta_group":"A<_V<","beta_group_label":"$\\beta_A < 1,\\ \\beta_V < 1$","beta_A_prob_gt1":0.0,"beta_A_prob_lt1":1.0,"beta_V_prob_gt1":0.0,"beta_V_prob_lt1":1.0,"n_boot_valid":250.0},"geometry":{"type":"Point","coordinates":[-110.92398696613873,32.245084925786195]}},{"type":"Feature","properties":{"fid":101,"city":"Portland","country":"United States","beta_A":0.5648,"beta_V":0.5512,"beta_h":-0.0136,"A_cls":0,"H_cls":2,"color":"#1f77b4","n_points":11.0,"svg_file":"101.svg","rel_A":"<","rel_V":"<","regime_key":"A<_V<","regime_label":"$\\beta_A < 1,\\ \\beta_V < 1$","regime_color":"#1f77b4","beta_group":"A<_V<","beta_group_label":"$\\beta_A < 1,\\ \\beta_V < 1$","beta_A_prob_gt1":0.0,"beta_A_prob_lt1":1.0,"beta_V_prob_gt1":0.0,"beta_V_prob_lt1":1.0,"n_boot_valid":250.0},"geometry":{"type":"Point","coordinates":[-122.56108231811197,45.54717399380624]}},{"type":"Feature","properties":{"fid":112,"city":"Aguascalientes","country":"Mexico","beta_A":0.6726,"beta_V":0.6568,"beta_h":-0.0158,"A_cls":1,"H_cls":2,"color":"#ff7f0e","n_points":11.0,"svg_file":"112.svg","rel_A":"=","rel_V":"=","regime_key":"A=_V=","regime_label":"$\\beta_A = 1,\\ \\beta_V = 1$","regime_color":"#ff7f0e","beta_group":"A=_V=","beta_group_label":"$\\beta_A = 1,\\ \\beta_V = 1$","beta_A_prob_gt1":0.028,"beta_A_prob_lt1":0.972,"beta_V_prob_gt1":0.024,"beta_V_prob_lt1":0.976,"n_boot_valid":250.0},"geometry":{"type":"Point","coordinates":[-102.27708070254913,21.917070348766625]}},{"type":"Feature","properties":{"fid":126,"city":"Torreon","country":"Mexico","beta_A":1.0899,"beta_V":1.0286,"beta_h":-0.0613,"A_cls":2,"H_cls":1,"color":"#ff7f0e","n_points":11.0,"svg_file":"126.svg","rel_A":"=","rel_V":"=","regime_key":"A=_V=","regime_label":"$\\beta_A = 1,\\ \\beta_V = 1$","regime_color":"#ff7f0e","beta_group":"A=_V=","beta_group_label":"$\\beta_A = 1,\\ \\beta_V = 1$","beta_A_prob_gt1":0.912,"beta_A_prob_lt1":0.088,"beta_V_prob_gt1":0.64,"beta_V_prob_lt1":0.36,"n_boot_valid":250.0},"geometry":{"type":"Point","coordinates":[-103.43122785196508,25.55616377719211]}},{"type":"Feature","properties":{"fid":139,"city":"Querétaro","country":"Mexico","beta_A":0.619,"beta_V":0.5877,"beta_h":-0.0313,"A_cls":0,"H_cls":2,"color":"#ff7f0e","n_points":11.0,"svg_file":"139.svg","rel_A":"=","rel_V":"=","regime_key":"A=_V=","regime_label":"$\\beta_A = 1,\\ \\beta_V = 1$","regime_color":"#ff7f0e","beta_group":"A=_V=","beta_group_label":"$\\beta_A = 1,\\ \\beta_V = 1$","beta_A_prob_gt1":0.036,"beta_A_prob_lt1":0.964,"beta_V_prob_gt1":0.024,"beta_V_prob_lt1":0.976,"n_boot_valid":250.0},"geometry":{"type":"Point","coordinates":[-100.38876071779379,20.604335590290724]}},{"type":"Feature","properties":{"fid":140,"city":"Seattle","country":"United States","beta_A":0.613,"beta_V":0.5674,"beta_h":-0.0456,"A_cls":0,"H_cls":1,"color":"#1f77b4","n_points":11.0,"svg_file":"140.svg","rel_A":"<","rel_V":"<","regime_key":"A<_V<","regime_label":"$\\beta_A < 1,\\ \\beta_V < 1$","regime_color":"#1f77b4","beta_group":"A<_V<","beta_group_label":"$\\beta_A < 1,\\ \\beta_V < 1$","beta_A_prob_gt1":0.0,"beta_A_prob_lt1":1.0,"beta_V_prob_gt1":0.0,"beta_V_prob_lt1":1.0,"n_boot_valid":250.0},"geometry":{"type":"Point","coordinates":[-122.28266481240406,47.5402142500602]}},{"type":"Feature","properties":{"fid":146,"city":"Toluca","country":"Mexico","beta_A":0.5002,"beta_V":0.4635,"beta_h":-0.0367,"A_cls":0,"H_cls":2,"color":"#1f77b4","n_points":11.0,"svg_file":"146.svg","rel_A":"<","rel_V":"<","regime_key":"A<_V<","regime_label":"$\\beta_A < 1,\\ \\beta_V < 1$","regime_color":"#1f77b4","beta_group":"A<_V<","beta_group_label":"$\\beta_A < 1,\\ \\beta_V < 1$","beta_A_prob_gt1":0.0,"beta_A_prob_lt1":1.0,"beta_V_prob_gt1":0.0,"beta_V_prob_lt1":1.0,"n_boot_valid":250.0},"geometry":{"type":"Point","coordinates":[-99.6402512356219,19.304163377622043]}},{"type":"Feature","properties":{"fid":160,"city":"Victoria","country":"Canada","beta_A":0.4967,"beta_V":0.4607,"beta_h":-0.036,"A_cls":0,"H_cls":2,"color":"#1f77b4","n_points":11.0,"svg_file":"160.svg","rel_A":"<","rel_V":"<","regime_key":"A<_V<","regime_label":"$\\beta_A < 1,\\ \\beta_V < 1$","regime_color":"#1f77b4","beta_group":"A<_V<","beta_group_label":"$\\beta_A < 1,\\ \\beta_V < 1$","beta_A_prob_gt1":0.0,"beta_A_prob_lt1":1.0,"beta_V_prob_gt1":0.0,"beta_V_prob_lt1":1.0,"n_boot_valid":250.0},"geometry":{"type":"Point","coordinates":[-123.36255636037012,48.452817968472765]}},{"type":"Feature","properties":{"fid":171,"city":"Boise","country":"United States","beta_A":0.7106,"beta_V":0.6604,"beta_h":-0.0502,"A_cls":1,"H_cls":1,"color":"#1f77b4","n_points":11.0,"svg_file":"171.svg","rel_A":"<","rel_V":"<","regime_key":"A<_V<","regime_label":"$\\beta_A < 1,\\ \\beta_V < 1$","regime_color":"#1f77b4","beta_group":"A<_V<","beta_group_label":"$\\beta_A < 1,\\ \\beta_V < 1$","beta_A_prob_gt1":0.0,"beta_A_prob_lt1":1.0,"beta_V_prob_gt1":0.0,"beta_V_prob_lt1":1.0,"n_boot_valid":250.0},"geometry":{"type":"Point","coordinates":[-116.32239879394434,43.62117686973722]}},{"type":"Feature","properties":{"fid":187,"city":"Vancouver","country":"Canada","beta_A":0.3953,"beta_V":0.3677,"beta_h":-0.0277,"A_cls":0,"H_cls":2,"color":"#1f77b4","n_points":11.0,"svg_file":"187.svg","rel_A":"<","rel_V":"<","regime_key":"A<_V<","regime_label":"$\\beta_A < 1,\\ \\beta_V < 1$","regime_color":"#1f77b4","beta_group":"A<_V<","beta_group_label":"$\\beta_A < 1,\\ \\beta_V < 1$","beta_A_prob_gt1":0.0,"beta_A_prob_lt1":1.0,"beta_V_prob_gt1":0.0,"beta_V_prob_lt1":1.0,"n_boot_valid":250.0},"geometry":{"type":"Point","coordinates":[-122.98094800053742,49.238545383975215]}},{"type":"Feature","properties":{"fid":192,"city":"Provo","country":"United States","beta_A":0.3212,"beta_V":0.3056,"beta_h":-0.0156,"A_cls":0,"H_cls":2,"color":"#1f77b4","n_points":11.0,"svg_file":"192.svg","rel_A":"<","rel_V":"<","regime_key":"A<_V<","regime_label":"$\\beta_A < 1,\\ \\beta_V < 1$","regime_color":"#1f77b4","beta_group":"A<_V<","beta_group_label":"$\\beta_A < 1,\\ \\beta_V < 1$","beta_A_prob_gt1":0.0,"beta_A_prob_lt1":1.0,"beta_V_prob_gt1":0.0,"beta_V_prob_lt1":1.0,"n_boot_valid":250.0},"geometry":{"type":"Point","coordinates":[-111.69895137919855,40.318782893113166]}},{"type":"Feature","properties":{"fid":193,"city":"Salt Lake City","country":"United States","beta_A":0.6679,"beta_V":0.6343,"beta_h":-0.0336,"A_cls":1,"H_cls":2,"color":"#1f77b4","n_points":11.0,"svg_file":"193.svg","rel_A":"<","rel_V":"<","regime_key":"A<_V<","regime_label":"$\\beta_A < 1,\\ \\beta_V < 1$","regime_color":"#1f77b4","beta_group":"A<_V<","beta_group_label":"$\\beta_A < 1,\\ \\beta_V < 1$","beta_A_prob_gt1":0.004,"beta_A_prob_lt1":0.996,"beta_V_prob_gt1":0.0,"beta_V_prob_lt1":1.0,"n_boot_valid":250.0},"geometry":{"type":"Point","coordinates":[-111.91961166252435,40.65518028314585]}},{"type":"Feature","properties":{"fid":196,"city":"Albuquerque","country":"United States","beta_A":0.6537,"beta_V":0.6455,"beta_h":-0.0082,"A_cls":1,"H_cls":2,"color":"#1f77b4","n_points":11.0,"svg_file":"196.svg","rel_A":"<","rel_V":"<","regime_key":"A<_V<","regime_label":"$\\beta_A < 1,\\ \\beta_V < 1$","regime_color":"#1f77b4","beta_group":"A<_V<","beta_group_label":"$\\beta_A < 1,\\ \\beta_V < 1$","beta_A_prob_gt1":0.0,"beta_A_prob_lt1":1.0,"beta_V_prob_gt1":0.0,"beta_V_prob_lt1":1.0,"n_boot_valid":250.0},"geometry":{"type":"Point","coordinates":[-106.59995848552123,35.15078405038424]}},{"type":"Feature","properties":{"fid":206,"city":"Ogden","country":"United States","beta_A":0.7074,"beta_V":0.6676,"beta_h":-0.0398,"A_cls":1,"H_cls":2,"color":"#1f77b4","n_points":11.0,"svg_file":"206.svg","rel_A":"<","rel_V":"<","regime_key":"A<_V<","regime_label":"$\\beta_A < 1,\\ \\beta_V < 1$","regime_color":"#1f77b4","beta_group":"A<_V<","beta_group_label":"$\\beta_A < 1,\\ \\beta_V < 1$","beta_A_prob_gt1":0.0,"beta_A_prob_lt1":1.0,"beta_V_prob_gt1":0.0,"beta_V_prob_lt1":1.0,"n_boot_valid":250.0},"geometry":{"type":"Point","coordinates":[-112.0494898652123,41.13621135492908]}},{"type":"Feature","properties":{"fid":234,"city":"Nuevo Laredo","country":"Mexico","beta_A":1.12,"beta_V":1.0229,"beta_h":-0.0972,"A_cls":2,"H_cls":1,"color":"#9467bd","n_points":11.0,"svg_file":"234.svg","rel_A":">","rel_V":"=","regime_key":"A>_V=","regime_label":"$\\beta_A > 1,\\ \\beta_V = 1$","regime_color":"#9467bd","beta_group":"A>_V=","beta_group_label":"$\\beta_A > 1,\\ \\beta_V = 1$","beta_A_prob_gt1":1.0,"beta_A_prob_lt1":0.0,"beta_V_prob_gt1":0.816,"beta_V_prob_lt1":0.184,"n_boot_valid":250.0},"geometry":{"type":"Point","coordinates":[-99.52964868983764,27.513884635880963]}},{"type":"Feature","properties":{"fid":239,"city":"McAllen","country":"United States","beta_A":0.3534,"beta_V":0.335,"beta_h":-0.0184,"A_cls":0,"H_cls":2,"color":"#1f77b4","n_points":11.0,"svg_file":"239.svg","rel_A":"<","rel_V":"<","regime_key":"A<_V<","regime_label":"$\\beta_A < 1,\\ \\beta_V < 1$","regime_color":"#1f77b4","beta_group":"A<_V<","beta_group_label":"$\\beta_A < 1,\\ \\beta_V < 1$","beta_A_prob_gt1":0.0,"beta_A_prob_lt1":1.0,"beta_V_prob_gt1":0.0,"beta_V_prob_lt1":1.0,"n_boot_valid":250.0},"geometry":{"type":"Point","coordinates":[-98.24445220198281,26.221385972452936]}},{"type":"Feature","properties":{"fid":241,"city":"Spokane","country":"United States","beta_A":0.7162,"beta_V":0.699,"beta_h":-0.0172,"A_cls":1,"H_cls":2,"color":"#1f77b4","n_points":11.0,"svg_file":"241.svg","rel_A":"<","rel_V":"<","regime_key":"A<_V<","regime_label":"$\\beta_A < 1,\\ \\beta_V < 1$","regime_color":"#1f77b4","beta_group":"A<_V<","beta_group_label":"$\\beta_A < 1,\\ \\beta_V < 1$","beta_A_prob_gt1":0.0,"beta_A_prob_lt1":1.0,"beta_V_prob_gt1":0.0,"beta_V_prob_lt1":1.0,"n_boot_valid":250.0},"geometry":{"type":"Point","coordinates":[-117.34423628333825,47.68094992056011]}},{"type":"Feature","properties":{"fid":250,"city":"San Antonio","country":"United States","beta_A":0.7503,"beta_V":0.7018,"beta_h":-0.0485,"A_cls":1,"H_cls":1,"color":"#1f77b4","n_points":11.0,"svg_file":"250.svg","rel_A":"<","rel_V":"<","regime_key":"A<_V<","regime_label":"$\\beta_A < 1,\\ \\beta_V < 1$","regime_color":"#1f77b4","beta_group":"A<_V<","beta_group_label":"$\\beta_A < 1,\\ \\beta_V < 1$","beta_A_prob_gt1":0.004,"beta_A_prob_lt1":0.996,"beta_V_prob_gt1":0.004,"beta_V_prob_lt1":0.996,"n_boot_valid":250.0},"geometry":{"type":"Point","coordinates":[-98.54921122583133,29.49343428083938]}},{"type":"Feature","properties":{"fid":253,"city":"Corpus Christi","country":"United States","beta_A":1.2898,"beta_V":1.2169,"beta_h":-0.0729,"A_cls":2,"H_cls":1,"color":"#2ca02c","n_points":11.0,"svg_file":"253.svg","rel_A":">","rel_V":">","regime_key":"A>_V>","regime_label":"$\\beta_A > 1,\\ \\beta_V > 1$","regime_color":"#2ca02c","beta_group":"A>_V>","beta_group_label":"$\\beta_A > 1,\\ \\beta_V > 1$","beta_A_prob_gt1":1.0,"beta_A_prob_lt1":0.0,"beta_V_prob_gt1":0.996,"beta_V_prob_lt1":0.004,"n_boot_valid":250.0},"geometry":{"type":"Point","coordinates":[-97.39430353203805,27.734089801675147]}},{"type":"Feature","properties":{"fid":255,"city":"Villahermosa","country":"Mexico","beta_A":0.4378,"beta_V":0.354,"beta_h":-0.0838,"A_cls":0,"H_cls":1,"color":"#1f77b4","n_points":11.0,"svg_file":"255.svg","rel_A":"<","rel_V":"<","regime_key":"A<_V<","regime_label":"$\\beta_A < 1,\\ \\beta_V < 1$","regime_color":"#1f77b4","beta_group":"A<_V<","beta_group_label":"$\\beta_A < 1,\\ \\beta_V < 1$","beta_A_prob_gt1":0.0,"beta_A_prob_lt1":1.0,"beta_V_prob_gt1":0.0,"beta_V_prob_lt1":1.0,"n_boot_valid":250.0},"geometry":{"type":"Point","coordinates":[-92.94344067924655,17.991430293669733]}},{"type":"Feature","properties":{"fid":265,"city":"Colorado Springs","country":"United States","beta_A":0.7684,"beta_V":0.7358,"beta_h":-0.0326,"A_cls":1,"H_cls":2,"color":"#1f77b4","n_points":11.0,"svg_file":"265.svg","rel_A":"<","rel_V":"<","regime_key":"A<_V<","regime_label":"$\\beta_A < 1,\\ \\beta_V < 1$","regime_color":"#1f77b4","beta_group":"A<_V<","beta_group_label":"$\\beta_A < 1,\\ \\beta_V < 1$","beta_A_prob_gt1":0.0,"beta_A_prob_lt1":1.0,"beta_V_prob_gt1":0.0,"beta_V_prob_lt1":1.0,"n_boot_valid":250.0},"geometry":{"type":"Point","coordinates":[-104.7799148509983,38.85038783940712]}},{"type":"Feature","properties":{"fid":272,"city":"Denver","country":"United States","beta_A":0.7387,"beta_V":0.6902,"beta_h":-0.0485,"A_cls":1,"H_cls":1,"color":"#1f77b4","n_points":11.0,"svg_file":"272.svg","rel_A":"<","rel_V":"<","regime_key":"A<_V<","regime_label":"$\\beta_A < 1,\\ \\beta_V < 1$","regime_color":"#1f77b4","beta_group":"A<_V<","beta_group_label":"$\\beta_A < 1,\\ \\beta_V < 1$","beta_A_prob_gt1":0.0,"beta_A_prob_lt1":1.0,"beta_V_prob_gt1":0.0,"beta_V_prob_lt1":1.0,"n_boot_valid":250.0},"geometry":{"type":"Point","coordinates":[-104.99320658009502,39.74610431975378]}},{"type":"Feature","properties":{"fid":273,"city":"Austin","country":"United States","beta_A":0.5758,"beta_V":0.5331,"beta_h":-0.0426,"A_cls":0,"H_cls":2,"color":"#1f77b4","n_points":11.0,"svg_file":"273.svg","rel_A":"<","rel_V":"<","regime_key":"A<_V<","regime_label":"$\\beta_A < 1,\\ \\beta_V < 1$","regime_color":"#1f77b4","beta_group":"A<_V<","beta_group_label":"$\\beta_A < 1,\\ \\beta_V < 1$","beta_A_prob_gt1":0.0,"beta_A_prob_lt1":1.0,"beta_V_prob_gt1":0.0,"beta_V_prob_lt1":1.0,"n_boot_valid":250.0},"geometry":{"type":"Point","coordinates":[-97.71494123238104,30.364579085631878]}},{"type":"Feature","properties":{"fid":315,"city":"Houston","country":"United States","beta_A":0.7861,"beta_V":0.7069,"beta_h":-0.0792,"A_cls":1,"H_cls":1,"color":"#1f77b4","n_points":11.0,"svg_file":"315.svg","rel_A":"<","rel_V":"<","regime_key":"A<_V<","regime_label":"$\\beta_A < 1,\\ \\beta_V < 1$","regime_color":"#1f77b4","beta_group":"A<_V<","beta_group_label":"$\\beta_A < 1,\\ \\beta_V < 1$","beta_A_prob_gt1":0.0,"beta_A_prob_lt1":1.0,"beta_V_prob_gt1":0.0,"beta_V_prob_lt1":1.0,"n_boot_valid":250.0},"geometry":{"type":"Point","coordinates":[-95.36272709250981,29.843254075509115]}},{"type":"Feature","properties":{"fid":323,"city":"Dallas","country":"United States","beta_A":0.5895,"beta_V":0.5331,"beta_h":-0.0564,"A_cls":0,"H_cls":1,"color":"#1f77b4","n_points":11.0,"svg_file":"323.svg","rel_A":"<","rel_V":"<","regime_key":"A<_V<","regime_label":"$\\beta_A < 1,\\ \\beta_V < 1$","regime_color":"#1f77b4","beta_group":"A<_V<","beta_group_label":"$\\beta_A < 1,\\ \\beta_V < 1$","beta_A_prob_gt1":0.0,"beta_A_prob_lt1":1.0,"beta_V_prob_gt1":0.0,"beta_V_prob_lt1":1.0,"n_boot_valid":250.0},"geometry":{"type":"Point","coordinates":[-96.8743254451853,32.89243500562018]}},{"type":"Feature","properties":{"fid":345,"city":"San Pedro Sula","country":"Honduras","beta_A":0.6908,"beta_V":0.6475,"beta_h":-0.0432,"A_cls":1,"H_cls":2,"color":"#1f77b4","n_points":11.0,"svg_file":"345.svg","rel_A":"<","rel_V":"<","regime_key":"A<_V<","regime_label":"$\\beta_A < 1,\\ \\beta_V < 1$","regime_color":"#1f77b4","beta_group":"A<_V<","beta_group_label":"$\\beta_A < 1,\\ \\beta_V < 1$","beta_A_prob_gt1":0.0,"beta_A_prob_lt1":1.0,"beta_V_prob_gt1":0.0,"beta_V_prob_lt1":1.0,"n_boot_valid":250.0},"geometry":{"type":"Point","coordinates":[-88.00990437987859,15.503941822929098]}},{"type":"Feature","properties":{"fid":349,"city":"Oklahoma City","country":"United States","beta_A":0.7842,"beta_V":0.6935,"beta_h":-0.0906,"A_cls":1,"H_cls":1,"color":"#1f77b4","n_points":11.0,"svg_file":"349.svg","rel_A":"<","rel_V":"<","regime_key":"A<_V<","regime_label":"$\\beta_A < 1,\\ \\beta_V < 1$","regime_color":"#1f77b4","beta_group":"A<_V<","beta_group_label":"$\\beta_A < 1,\\ \\beta_V < 1$","beta_A_prob_gt1":0.004,"beta_A_prob_lt1":0.996,"beta_V_prob_gt1":0.0,"beta_V_prob_lt1":1.0,"n_boot_valid":250.0},"geometry":{"type":"Point","coordinates":[-97.49158795076654,35.45656012354278]}},{"type":"Feature","properties":{"fid":359,"city":"Tegucigalpa","country":"Honduras","beta_A":0.4197,"beta_V":0.3494,"beta_h":-0.0703,"A_cls":0,"H_cls":1,"color":"#1f77b4","n_points":11.0,"svg_file":"359.svg","rel_A":"<","rel_V":"<","regime_key":"A<_V<","regime_label":"$\\beta_A < 1,\\ \\beta_V < 1$","regime_color":"#1f77b4","beta_group":"A<_V<","beta_group_label":"$\\beta_A < 1,\\ \\beta_V < 1$","beta_A_prob_gt1":0.0,"beta_A_prob_lt1":1.0,"beta_V_prob_gt1":0.0,"beta_V_prob_lt1":1.0,"n_boot_valid":250.0},"geometry":{"type":"Point","coordinates":[-87.20495037291803,14.074320155250806]}},{"type":"Feature","properties":{"fid":362,"city":"Calgary","country":"Canada","beta_A":0.4421,"beta_V":0.4152,"beta_h":-0.0269,"A_cls":0,"H_cls":2,"color":"#1f77b4","n_points":11.0,"svg_file":"362.svg","rel_A":"<","rel_V":"<","regime_key":"A<_V<","regime_label":"$\\beta_A < 1,\\ \\beta_V < 1$","regime_color":"#1f77b4","beta_group":"A<_V<","beta_group_label":"$\\beta_A < 1,\\ \\beta_V < 1$","beta_A_prob_gt1":0.0,"beta_A_prob_lt1":1.0,"beta_V_prob_gt1":0.0,"beta_V_prob_lt1":1.0,"n_boot_valid":250.0},"geometry":{"type":"Point","coordinates":[-114.09116257096883,51.016479948611774]}},{"type":"Feature","properties":{"fid":367,"city":"Managua","country":"Nicaragua","beta_A":0.5649,"beta_V":0.5266,"beta_h":-0.0382,"A_cls":0,"H_cls":2,"color":"#1f77b4","n_points":11.0,"svg_file":"367.svg","rel_A":"<","rel_V":"<","regime_key":"A<_V<","regime_label":"$\\beta_A < 1,\\ \\beta_V < 1$","regime_color":"#1f77b4","beta_group":"A<_V<","beta_group_label":"$\\beta_A < 1,\\ \\beta_V < 1$","beta_A_prob_gt1":0.0,"beta_A_prob_lt1":1.0,"beta_V_prob_gt1":0.0,"beta_V_prob_lt1":1.0,"n_boot_valid":250.0},"geometry":{"type":"Point","coordinates":[-86.25609837484268,12.113571099870594]}},{"type":"Feature","properties":{"fid":383,"city":"Wichita","country":"United States","beta_A":0.5684,"beta_V":0.5121,"beta_h":-0.0563,"A_cls":0,"H_cls":1,"color":"#1f77b4","n_points":11.0,"svg_file":"383.svg","rel_A":"<","rel_V":"<","regime_key":"A<_V<","regime_label":"$\\beta_A < 1,\\ \\beta_V < 1$","regime_color":"#1f77b4","beta_group":"A<_V<","beta_group_label":"$\\beta_A < 1,\\ \\beta_V < 1$","beta_A_prob_gt1":0.0,"beta_A_prob_lt1":1.0,"beta_V_prob_gt1":0.0,"beta_V_prob_lt1":1.0,"n_boot_valid":250.0},"geometry":{"type":"Point","coordinates":[-97.31509576587435,37.69354995717704]}},{"type":"Feature","properties":{"fid":385,"city":"Tulsa","country":"United States","beta_A":0.868,"beta_V":0.8151,"beta_h":-0.0529,"A_cls":1,"H_cls":1,"color":"#d62728","n_points":11.0,"svg_file":"385.svg","rel_A":"=","rel_V":"<","regime_key":"A=_V<","regime_label":"$\\beta_A = 1,\\ \\beta_V < 1$","regime_color":"#d62728","beta_group":"A=_V<","beta_group_label":"$\\beta_A = 1,\\ \\beta_V < 1$","beta_A_prob_gt1":0.04,"beta_A_prob_lt1":0.96,"beta_V_prob_gt1":0.008,"beta_V_prob_lt1":0.992,"n_boot_valid":250.0},"geometry":{"type":"Point","coordinates":[-95.92610196063258,36.09573794683154]}},{"type":"Feature","properties":{"fid":392,"city":"San José","country":"Costa Rica","beta_A":0.4895,"beta_V":0.4472,"beta_h":-0.0423,"A_cls":0,"H_cls":2,"color":"#1f77b4","n_points":11.0,"svg_file":"392.svg","rel_A":"<","rel_V":"<","regime_key":"A<_V<","regime_label":"$\\beta_A < 1,\\ \\beta_V < 1$","regime_color":"#1f77b4","beta_group":"A<_V<","beta_group_label":"$\\beta_A < 1,\\ \\beta_V < 1$","beta_A_prob_gt1":0.0,"beta_A_prob_lt1":1.0,"beta_V_prob_gt1":0.0,"beta_V_prob_lt1":1.0,"n_boot_valid":250.0},"geometry":{"type":"Point","coordinates":[-84.1125155411772,9.950853862411542]}},{"type":"Feature","properties":{"fid":397,"city":"Baton Rouge","country":"United States","beta_A":0.9383,"beta_V":0.8781,"beta_h":-0.0602,"A_cls":1,"H_cls":1,"color":"#ff7f0e","n_points":11.0,"svg_file":"397.svg","rel_A":"=","rel_V":"=","regime_key":"A=_V=","regime_label":"$\\beta_A = 1,\\ \\beta_V = 1$","regime_color":"#ff7f0e","beta_group":"A=_V=","beta_group_label":"$\\beta_A = 1,\\ \\beta_V = 1$","beta_A_prob_gt1":0.132,"beta_A_prob_lt1":0.868,"beta_V_prob_gt1":0.064,"beta_V_prob_lt1":0.936,"n_boot_valid":250.0},"geometry":{"type":"Point","coordinates":[-91.10219564672548,30.433027134257536]}},{"type":"Feature","properties":{"fid":403,"city":"Edmonton","country":"Canada","beta_A":0.5878,"beta_V":0.545,"beta_h":-0.0428,"A_cls":0,"H_cls":2,"color":"#1f77b4","n_points":11.0,"svg_file":"403.svg","rel_A":"<","rel_V":"<","regime_key":"A<_V<","regime_label":"$\\beta_A < 1,\\ \\beta_V < 1$","regime_color":"#1f77b4","beta_group":"A<_V<","beta_group_label":"$\\beta_A < 1,\\ \\beta_V < 1$","beta_A_prob_gt1":0.0,"beta_A_prob_lt1":1.0,"beta_V_prob_gt1":0.0,"beta_V_prob_lt1":1.0,"n_boot_valid":250.0},"geometry":{"type":"Point","coordinates":[-113.44258144865215,53.54501065107244]}},{"type":"Feature","properties":{"fid":409,"city":"Lincoln","country":"United States","beta_A":1.6396,"beta_V":1.4816,"beta_h":-0.158,"A_cls":2,"H_cls":0,"color":"#9467bd","n_points":11.0,"svg_file":"409.svg","rel_A":">","rel_V":"=","regime_key":"A>_V=","regime_label":"$\\beta_A > 1,\\ \\beta_V = 1$","regime_color":"#9467bd","beta_group":"A>_V=","beta_group_label":"$\\beta_A > 1,\\ \\beta_V = 1$","beta_A_prob_gt1":0.996,"beta_A_prob_lt1":0.004,"beta_V_prob_gt1":0.988,"beta_V_prob_lt1":0.012,"n_boot_valid":250.0},"geometry":{"type":"Point","coordinates":[-96.67942675669477,40.79890297791615]}},{"type":"Feature","properties":{"fid":413,"city":"Springfield","country":"United States","beta_A":0.6914,"beta_V":0.6401,"beta_h":-0.0514,"A_cls":1,"H_cls":1,"color":"#1f77b4","n_points":11.0,"svg_file":"413.svg","rel_A":"<","rel_V":"<","regime_key":"A<_V<","regime_label":"$\\beta_A < 1,\\ \\beta_V < 1$","regime_color":"#1f77b4","beta_group":"A<_V<","beta_group_label":"$\\beta_A < 1,\\ \\beta_V < 1$","beta_A_prob_gt1":0.0,"beta_A_prob_lt1":1.0,"beta_V_prob_gt1":0.0,"beta_V_prob_lt1":1.0,"n_boot_valid":250.0},"geometry":{"type":"Point","coordinates":[-93.27065838509463,37.1904004295595]}},{"type":"Feature","properties":{"fid":417,"city":"Omaha","country":"United States","beta_A":1.2091,"beta_V":1.085,"beta_h":-0.124,"A_cls":2,"H_cls":0,"color":"#ff7f0e","n_points":11.0,"svg_file":"417.svg","rel_A":"=","rel_V":"=","regime_key":"A=_V=","regime_label":"$\\beta_A = 1,\\ \\beta_V = 1$","regime_color":"#ff7f0e","beta_group":"A=_V=","beta_group_label":"$\\beta_A = 1,\\ \\beta_V = 1$","beta_A_prob_gt1":0.964,"beta_A_prob_lt1":0.036,"beta_V_prob_gt1":0.848,"beta_V_prob_lt1":0.152,"n_boot_valid":250.0},"geometry":{"type":"Point","coordinates":[-96.06102533330188,41.239781446813815]}},{"type":"Feature","properties":{"fid":423,"city":"Mobile","country":"United States","beta_A":2.0919,"beta_V":2.0244,"beta_h":-0.0675,"A_cls":2,"H_cls":1,"color":"#2ca02c","n_points":11.0,"svg_file":"423.svg","rel_A":">","rel_V":">","regime_key":"A>_V>","regime_label":"$\\beta_A > 1,\\ \\beta_V > 1$","regime_color":"#2ca02c","beta_group":"A>_V>","beta_group_label":"$\\beta_A > 1,\\ \\beta_V > 1$","beta_A_prob_gt1":1.0,"beta_A_prob_lt1":0.0,"beta_V_prob_gt1":1.0,"beta_V_prob_lt1":0.0,"n_boot_valid":250.0},"geometry":{"type":"Point","coordinates":[-88.07949869003461,30.707001609192282]}},{"type":"Feature","properties":{"fid":427,"city":"Guayaquil","country":"Ecuador","beta_A":0.6186,"beta_V":0.6521,"beta_h":0.0335,"A_cls":0,"H_cls":2,"color":"#1f77b4","n_points":11.0,"svg_file":"427.svg","rel_A":"<","rel_V":"<","regime_key":"A<_V<","regime_label":"$\\beta_A < 1,\\ \\beta_V < 1$","regime_color":"#1f77b4","beta_group":"A<_V<","beta_group_label":"$\\beta_A < 1,\\ \\beta_V < 1$","beta_A_prob_gt1":0.0,"beta_A_prob_lt1":1.0,"beta_V_prob_gt1":0.004,"beta_V_prob_lt1":0.996,"n_boot_valid":250.0},"geometry":{"type":"Point","coordinates":[-79.88752759423791,-2.171741096006082]}},{"type":"Feature","properties":{"fid":436,"city":"Pensacola","country":"United States","beta_A":0.9018,"beta_V":0.8297,"beta_h":-0.0721,"A_cls":1,"H_cls":1,"color":"#ff7f0e","n_points":11.0,"svg_file":"436.svg","rel_A":"=","rel_V":"=","regime_key":"A=_V=","regime_label":"$\\beta_A = 1,\\ \\beta_V = 1$","regime_color":"#ff7f0e","beta_group":"A=_V=","beta_group_label":"$\\beta_A = 1,\\ \\beta_V = 1$","beta_A_prob_gt1":0.208,"beta_A_prob_lt1":0.792,"beta_V_prob_gt1":0.076,"beta_V_prob_lt1":0.924,"n_boot_valid":250.0},"geometry":{"type":"Point","coordinates":[-87.2351532885782,30.44158441669441]}},{"type":"Feature","properties":{"fid":443,"city":"Memphis","country":"United States","beta_A":1.7909,"beta_V":1.618,"beta_h":-0.173,"A_cls":2,"H_cls":0,"color":"#2ca02c","n_points":11.0,"svg_file":"443.svg","rel_A":">","rel_V":">","regime_key":"A>_V>","regime_label":"$\\beta_A > 1,\\ \\beta_V > 1$","regime_color":"#2ca02c","beta_group":"A>_V>","beta_group_label":"$\\beta_A > 1,\\ \\beta_V > 1$","beta_A_prob_gt1":1.0,"beta_A_prob_lt1":0.0,"beta_V_prob_gt1":1.0,"beta_V_prob_lt1":0.0,"n_boot_valid":250.0},"geometry":{"type":"Point","coordinates":[-89.89406763172835,35.08095323386877]}},{"type":"Feature","properties":{"fid":448,"city":"Bartlett","country":"United States","beta_A":3.8328,"beta_V":3.6792,"beta_h":-0.1536,"A_cls":2,"H_cls":0,"color":"#2ca02c","n_points":11.0,"svg_file":"448.svg","rel_A":">","rel_V":">","regime_key":"A>_V>","regime_label":"$\\beta_A > 1,\\ \\beta_V > 1$","regime_color":"#2ca02c","beta_group":"A>_V>","beta_group_label":"$\\beta_A > 1,\\ \\beta_V > 1$","beta_A_prob_gt1":1.0,"beta_A_prob_lt1":0.0,"beta_V_prob_gt1":1.0,"beta_V_prob_lt1":0.0,"n_boot_valid":250.0},"geometry":{"type":"Point","coordinates":[-89.81620561905642,35.18134260788173]}},{"type":"Feature","properties":{"fid":458,"city":"Panama City","country":"Panama","beta_A":0.4237,"beta_V":0.3666,"beta_h":-0.0572,"A_cls":0,"H_cls":1,"color":"#1f77b4","n_points":11.0,"svg_file":"458.svg","rel_A":"<","rel_V":"<","regime_key":"A<_V<","regime_label":"$\\beta_A < 1,\\ \\beta_V < 1$","regime_color":"#1f77b4","beta_group":"A<_V<","beta_group_label":"$\\beta_A < 1,\\ \\beta_V < 1$","beta_A_prob_gt1":0.0,"beta_A_prob_lt1":1.0,"beta_V_prob_gt1":0.0,"beta_V_prob_lt1":1.0,"n_boot_valid":250.0},"geometry":{"type":"Point","coordinates":[-79.46043457593547,9.044295340399918]}},{"type":"Feature","properties":{"fid":462,"city":"Saskatoon","country":"Canada","beta_A":0.5624,"beta_V":0.5216,"beta_h":-0.0408,"A_cls":0,"H_cls":2,"color":"#1f77b4","n_points":11.0,"svg_file":"462.svg","rel_A":"<","rel_V":"<","regime_key":"A<_V<","regime_label":"$\\beta_A < 1,\\ \\beta_V < 1$","regime_color":"#1f77b4","beta_group":"A<_V<","beta_group_label":"$\\beta_A < 1,\\ \\beta_V < 1$","beta_A_prob_gt1":0.0,"beta_A_prob_lt1":1.0,"beta_V_prob_gt1":0.0,"beta_V_prob_lt1":1.0,"n_boot_valid":250.0},"geometry":{"type":"Point","coordinates":[-106.65957819319563,52.13805609566614]}},{"type":"Feature","properties":{"fid":467,"city":"Quito","country":"Ecuador","beta_A":0.4712,"beta_V":0.4493,"beta_h":-0.0219,"A_cls":0,"H_cls":2,"color":"#1f77b4","n_points":11.0,"svg_file":"467.svg","rel_A":"<","rel_V":"<","regime_key":"A<_V<","regime_label":"$\\beta_A < 1,\\ \\beta_V < 1$","regime_color":"#1f77b4","beta_group":"A<_V<","beta_group_label":"$\\beta_A < 1,\\ \\beta_V < 1$","beta_A_prob_gt1":0.0,"beta_A_prob_lt1":1.0,"beta_V_prob_gt1":0.0,"beta_V_prob_lt1":1.0,"n_boot_valid":250.0},"geometry":{"type":"Point","coordinates":[-78.50049272624241,-0.218367540544478]}},{"type":"Feature","properties":{"fid":474,"city":"Des Moines","country":"United States","beta_A":0.9934,"beta_V":0.8447,"beta_h":-0.1488,"A_cls":1,"H_cls":0,"color":"#ff7f0e","n_points":11.0,"svg_file":"474.svg","rel_A":"=","rel_V":"=","regime_key":"A=_V=","regime_label":"$\\beta_A = 1,\\ \\beta_V = 1$","regime_color":"#ff7f0e","beta_group":"A=_V=","beta_group_label":"$\\beta_A = 1,\\ \\beta_V = 1$","beta_A_prob_gt1":0.42,"beta_A_prob_lt1":0.58,"beta_V_prob_gt1":0.036,"beta_V_prob_lt1":0.964,"n_boot_valid":250.0},"geometry":{"type":"Point","coordinates":[-93.69424295768691,41.60050734436495]}},{"type":"Feature","properties":{"fid":482,"city":"Montgomery","country":"United States","beta_A":1.3965,"beta_V":1.2731,"beta_h":-0.1234,"A_cls":2,"H_cls":0,"color":"#ff7f0e","n_points":11.0,"svg_file":"482.svg","rel_A":"=","rel_V":"=","regime_key":"A=_V=","regime_label":"$\\beta_A = 1,\\ \\beta_V = 1$","regime_color":"#ff7f0e","beta_group":"A=_V=","beta_group_label":"$\\beta_A = 1,\\ \\beta_V = 1$","beta_A_prob_gt1":0.96,"beta_A_prob_lt1":0.04,"beta_V_prob_gt1":0.896,"beta_V_prob_lt1":0.104,"n_boot_valid":250.0},"geometry":{"type":"Point","coordinates":[-86.2640298315109,32.37010263444778]}},{"type":"Feature","properties":{"fid":500,"city":"Bradenton","country":"United States","beta_A":0.4748,"beta_V":0.4221,"beta_h":-0.0527,"A_cls":0,"H_cls":1,"color":"#1f77b4","n_points":11.0,"svg_file":"500.svg","rel_A":"<","rel_V":"<","regime_key":"A<_V<","regime_label":"$\\beta_A < 1,\\ \\beta_V < 1$","regime_color":"#1f77b4","beta_group":"A<_V<","beta_group_label":"$\\beta_A < 1,\\ \\beta_V < 1$","beta_A_prob_gt1":0.0,"beta_A_prob_lt1":1.0,"beta_V_prob_gt1":0.0,"beta_V_prob_lt1":1.0,"n_boot_valid":250.0},"geometry":{"type":"Point","coordinates":[-82.48571999523037,27.226175705638315]}},{"type":"Feature","properties":{"fid":501,"city":"Tampa","country":"United States","beta_A":0.3958,"beta_V":0.3599,"beta_h":-0.0359,"A_cls":0,"H_cls":2,"color":"#1f77b4","n_points":11.0,"svg_file":"501.svg","rel_A":"<","rel_V":"<","regime_key":"A<_V<","regime_label":"$\\beta_A < 1,\\ \\beta_V < 1$","regime_color":"#1f77b4","beta_group":"A<_V<","beta_group_label":"$\\beta_A < 1,\\ \\beta_V < 1$","beta_A_prob_gt1":0.0,"beta_A_prob_lt1":1.0,"beta_V_prob_gt1":0.0,"beta_V_prob_lt1":1.0,"n_boot_valid":250.0},"geometry":{"type":"Point","coordinates":[-82.47371340603627,28.005343424546687]}},{"type":"Feature","properties":{"fid":507,"city":"Cape Coral","country":"United States","beta_A":0.2523,"beta_V":0.2475,"beta_h":-0.0047,"A_cls":0,"H_cls":2,"color":"#1f77b4","n_points":11.0,"svg_file":"507.svg","rel_A":"<","rel_V":"<","regime_key":"A<_V<","regime_label":"$\\beta_A < 1,\\ \\beta_V < 1$","regime_color":"#1f77b4","beta_group":"A<_V<","beta_group_label":"$\\beta_A < 1,\\ \\beta_V < 1$","beta_A_prob_gt1":0.0,"beta_A_prob_lt1":1.0,"beta_V_prob_gt1":0.0,"beta_V_prob_lt1":1.0,"n_boot_valid":250.0},"geometry":{"type":"Point","coordinates":[-81.94218530518593,26.59251362431707]}},{"type":"Feature","properties":{"fid":512,"city":"Cali","country":"Colombia","beta_A":0.5112,"beta_V":0.5029,"beta_h":-0.0083,"A_cls":0,"H_cls":2,"color":"#1f77b4","n_points":11.0,"svg_file":"512.svg","rel_A":"<","rel_V":"<","regime_key":"A<_V<","regime_label":"$\\beta_A < 1,\\ \\beta_V < 1$","regime_color":"#1f77b4","beta_group":"A<_V<","beta_group_label":"$\\beta_A < 1,\\ \\beta_V < 1$","beta_A_prob_gt1":0.0,"beta_A_prob_lt1":1.0,"beta_V_prob_gt1":0.0,"beta_V_prob_lt1":1.0,"n_boot_valid":250.0},"geometry":{"type":"Point","coordinates":[-76.5095385628782,3.434007682485296]}},{"type":"Feature","properties":{"fid":528,"city":"Lima","country":"Peru","beta_A":0.3125,"beta_V":0.3142,"beta_h":0.0017,"A_cls":0,"H_cls":2,"color":"#1f77b4","n_points":11.0,"svg_file":"528.svg","rel_A":"<","rel_V":"<","regime_key":"A<_V<","regime_label":"$\\beta_A < 1,\\ \\beta_V < 1$","regime_color":"#1f77b4","beta_group":"A<_V<","beta_group_label":"$\\beta_A < 1,\\ \\beta_V < 1$","beta_A_prob_gt1":0.0,"beta_A_prob_lt1":1.0,"beta_V_prob_gt1":0.0,"beta_V_prob_lt1":1.0,"n_boot_valid":250.0},"geometry":{"type":"Point","coordinates":[-77.0138103273841,-12.027920741959637]}},{"type":"Feature","properties":{"fid":530,"city":"Nashville","country":"United States","beta_A":1.1361,"beta_V":1.0665,"beta_h":-0.0697,"A_cls":2,"H_cls":1,"color":"#ff7f0e","n_points":11.0,"svg_file":"530.svg","rel_A":"=","rel_V":"=","regime_key":"A=_V=","regime_label":"$\\beta_A = 1,\\ \\beta_V = 1$","regime_color":"#ff7f0e","beta_group":"A=_V=","beta_group_label":"$\\beta_A = 1,\\ \\beta_V = 1$","beta_A_prob_gt1":0.912,"beta_A_prob_lt1":0.088,"beta_V_prob_gt1":0.748,"beta_V_prob_lt1":0.252,"n_boot_valid":250.0},"geometry":{"type":"Point","coordinates":[-86.75933411449313,36.12204709024768]}},{"type":"Feature","properties":{"fid":553,"city":"Eagan","country":"United States","beta_A":2.2138,"beta_V":2.1441,"beta_h":-0.0697,"A_cls":2,"H_cls":1,"color":"#2ca02c","n_points":11.0,"svg_file":"553.svg","rel_A":">","rel_V":">","regime_key":"A>_V>","regime_label":"$\\beta_A > 1,\\ \\beta_V > 1$","regime_color":"#2ca02c","beta_group":"A>_V>","beta_group_label":"$\\beta_A > 1,\\ \\beta_V > 1$","beta_A_prob_gt1":1.0,"beta_A_prob_lt1":0.0,"beta_V_prob_gt1":1.0,"beta_V_prob_lt1":0.0,"n_boot_valid":250.0},"geometry":{"type":"Point","coordinates":[-93.27972308595136,44.7720765566822]}},{"type":"Feature","properties":{"fid":554,"city":"Minneapolis [Saint Paul]","country":"United States","beta_A":1.6402,"beta_V":1.4584,"beta_h":-0.1817,"A_cls":2,"H_cls":0,"color":"#2ca02c","n_points":11.0,"svg_file":"554.svg","rel_A":">","rel_V":">","regime_key":"A>_V>","regime_label":"$\\beta_A > 1,\\ \\beta_V > 1$","regime_color":"#2ca02c","beta_group":"A>_V>","beta_group_label":"$\\beta_A > 1,\\ \\beta_V > 1$","beta_A_prob_gt1":1.0,"beta_A_prob_lt1":0.0,"beta_V_prob_gt1":1.0,"beta_V_prob_lt1":0.0,"n_boot_valid":250.0},"geometry":{"type":"Point","coordinates":[-93.18526153282511,45.025398774152855]}},{"type":"Feature","properties":{"fid":556,"city":"Miami","country":"United States","beta_A":0.4767,"beta_V":0.4597,"beta_h":-0.017,"A_cls":0,"H_cls":2,"color":"#1f77b4","n_points":11.0,"svg_file":"556.svg","rel_A":"<","rel_V":"<","regime_key":"A<_V<","regime_label":"$\\beta_A < 1,\\ \\beta_V < 1$","regime_color":"#1f77b4","beta_group":"A<_V<","beta_group_label":"$\\beta_A < 1,\\ \\beta_V < 1$","beta_A_prob_gt1":0.0,"beta_A_prob_lt1":1.0,"beta_V_prob_gt1":0.0,"beta_V_prob_lt1":1.0,"n_boot_valid":250.0},"geometry":{"type":"Point","coordinates":[-80.18366967858549,26.25932178659251]}},{"type":"Feature","properties":{"fid":559,"city":"Atlanta","country":"United States","beta_A":0.7195,"beta_V":0.6798,"beta_h":-0.0397,"A_cls":1,"H_cls":2,"color":"#1f77b4","n_points":11.0,"svg_file":"559.svg","rel_A":"<","rel_V":"<","regime_key":"A<_V<","regime_label":"$\\beta_A < 1,\\ \\beta_V < 1$","regime_color":"#1f77b4","beta_group":"A<_V<","beta_group_label":"$\\beta_A < 1,\\ \\beta_V < 1$","beta_A_prob_gt1":0.0,"beta_A_prob_lt1":1.0,"beta_V_prob_gt1":0.0,"beta_V_prob_lt1":1.0,"n_boot_valid":250.0},"geometry":{"type":"Point","coordinates":[-84.33493050907802,33.77571335520224]}},{"type":"Feature","properties":{"fid":568,"city":"Orlando","country":"United States","beta_A":0.6197,"beta_V":0.5903,"beta_h":-0.0294,"A_cls":0,"H_cls":2,"color":"#1f77b4","n_points":11.0,"svg_file":"568.svg","rel_A":"<","rel_V":"<","regime_key":"A<_V<","regime_label":"$\\beta_A < 1,\\ \\beta_V < 1$","regime_color":"#1f77b4","beta_group":"A<_V<","beta_group_label":"$\\beta_A < 1,\\ \\beta_V < 1$","beta_A_prob_gt1":0.0,"beta_A_prob_lt1":1.0,"beta_V_prob_gt1":0.0,"beta_V_prob_lt1":1.0,"n_boot_valid":250.0},"geometry":{"type":"Point","coordinates":[-81.39064340357277,28.50614984089429]}},{"type":"Feature","properties":{"fid":577,"city":"Roswell","country":"United States","beta_A":1.4746,"beta_V":1.454,"beta_h":-0.0206,"A_cls":2,"H_cls":2,"color":"#2ca02c","n_points":11.0,"svg_file":"577.svg","rel_A":">","rel_V":">","regime_key":"A>_V>","regime_label":"$\\beta_A > 1,\\ \\beta_V > 1$","regime_color":"#2ca02c","beta_group":"A>_V>","beta_group_label":"$\\beta_A > 1,\\ \\beta_V > 1$","beta_A_prob_gt1":0.996,"beta_A_prob_lt1":0.004,"beta_V_prob_gt1":0.992,"beta_V_prob_lt1":0.008,"n_boot_valid":250.0},"geometry":{"type":"Point","coordinates":[-84.24853936187519,34.053523953678464]}},{"type":"Feature","properties":{"fid":594,"city":"Palm Bay","country":"United States","beta_A":0.6655,"beta_V":0.6332,"beta_h":-0.0322,"A_cls":1,"H_cls":2,"color":"#1f77b4","n_points":11.0,"svg_file":"594.svg","rel_A":"<","rel_V":"<","regime_key":"A<_V<","regime_label":"$\\beta_A < 1,\\ \\beta_V < 1$","regime_color":"#1f77b4","beta_group":"A<_V<","beta_group_label":"$\\beta_A < 1,\\ \\beta_V < 1$","beta_A_prob_gt1":0.004,"beta_A_prob_lt1":0.996,"beta_V_prob_gt1":0.0,"beta_V_prob_lt1":1.0,"n_boot_valid":250.0},"geometry":{"type":"Point","coordinates":[-80.63787356019549,28.17076714486824]}},{"type":"Feature","properties":{"fid":595,"city":"Jacksonville","country":"United States","beta_A":0.7038,"beta_V":0.6531,"beta_h":-0.0507,"A_cls":1,"H_cls":1,"color":"#1f77b4","n_points":11.0,"svg_file":"595.svg","rel_A":"<","rel_V":"<","regime_key":"A<_V<","regime_label":"$\\beta_A < 1,\\ \\beta_V < 1$","regime_color":"#1f77b4","beta_group":"A<_V<","beta_group_label":"$\\beta_A < 1,\\ \\beta_V < 1$","beta_A_prob_gt1":0.0,"beta_A_prob_lt1":1.0,"beta_V_prob_gt1":0.0,"beta_V_prob_lt1":1.0,"n_boot_valid":250.0},"geometry":{"type":"Point","coordinates":[-81.6392274590206,30.291873262870162]}},{"type":"Feature","properties":{"fid":596,"city":"Stuart","country":"United States","beta_A":0.2437,"beta_V":0.2347,"beta_h":-0.009,"A_cls":0,"H_cls":2,"color":"#1f77b4","n_points":11.0,"svg_file":"596.svg","rel_A":"<","rel_V":"<","regime_key":"A<_V<","regime_label":"$\\beta_A < 1,\\ \\beta_V < 1$","regime_color":"#1f77b4","beta_group":"A<_V<","beta_group_label":"$\\beta_A < 1,\\ \\beta_V < 1$","beta_A_prob_gt1":0.0,"beta_A_prob_lt1":1.0,"beta_V_prob_gt1":0.0,"beta_V_prob_lt1":1.0,"n_boot_valid":250.0},"geometry":{"type":"Point","coordinates":[-80.230248854231,27.20926045792587]}},{"type":"Feature","properties":{"fid":606,"city":"Daytona Beach","country":"United States","beta_A":1.0467,"beta_V":1.0462,"beta_h":-0.0005,"A_cls":1,"H_cls":2,"color":"#ff7f0e","n_points":11.0,"svg_file":"606.svg","rel_A":"=","rel_V":"=","regime_key":"A=_V=","regime_label":"$\\beta_A = 1,\\ \\beta_V = 1$","regime_color":"#ff7f0e","beta_group":"A=_V=","beta_group_label":"$\\beta_A = 1,\\ \\beta_V = 1$","beta_A_prob_gt1":0.664,"beta_A_prob_lt1":0.336,"beta_V_prob_gt1":0.652,"beta_V_prob_lt1":0.348,"n_boot_valid":250.0},"geometry":{"type":"Point","coordinates":[-81.04401079553269,29.242019394484956]}},{"type":"Feature","properties":{"fid":621,"city":"Bogota","country":"Colombia","beta_A":0.2803,"beta_V":0.2845,"beta_h":0.0041,"A_cls":0,"H_cls":2,"color":"#1f77b4","n_points":11.0,"svg_file":"621.svg","rel_A":"<","rel_V":"<","regime_key":"A<_V<","regime_label":"$\\beta_A < 1,\\ \\beta_V < 1$","regime_color":"#1f77b4","beta_group":"A<_V<","beta_group_label":"$\\beta_A < 1,\\ \\beta_V < 1$","beta_A_prob_gt1":0.0,"beta_A_prob_lt1":1.0,"beta_V_prob_gt1":0.0,"beta_V_prob_lt1":1.0,"n_boot_valid":250.0},"geometry":{"type":"Point","coordinates":[-74.11572189430096,4.648325733856286]}},{"type":"Feature","properties":{"fid":625,"city":"Winnipeg","country":"Canada","beta_A":0.937,"beta_V":0.8081,"beta_h":-0.1289,"A_cls":1,"H_cls":0,"color":"#ff7f0e","n_points":11.0,"svg_file":"625.svg","rel_A":"=","rel_V":"=","regime_key":"A=_V=","regime_label":"$\\beta_A = 1,\\ \\beta_V = 1$","regime_color":"#ff7f0e","beta_group":"A=_V=","beta_group_label":"$\\beta_A = 1,\\ \\beta_V = 1$","beta_A_prob_gt1":0.272,"beta_A_prob_lt1":0.728,"beta_V_prob_gt1":0.052,"beta_V_prob_lt1":0.948,"n_boot_valid":250.0},"geometry":{"type":"Point","coordinates":[-97.18327358769443,49.8666479856768]}},{"type":"Feature","properties":{"fid":626,"city":"Barranquilla","country":"Colombia","beta_A":0.3735,"beta_V":0.3349,"beta_h":-0.0386,"A_cls":0,"H_cls":2,"color":"#1f77b4","n_points":11.0,"svg_file":"626.svg","rel_A":"<","rel_V":"<","regime_key":"A<_V<","regime_label":"$\\beta_A < 1,\\ \\beta_V < 1$","regime_color":"#1f77b4","beta_group":"A<_V<","beta_group_label":"$\\beta_A < 1,\\ \\beta_V < 1$","beta_A_prob_gt1":0.0,"beta_A_prob_lt1":1.0,"beta_V_prob_gt1":0.0,"beta_V_prob_lt1":1.0,"n_boot_valid":250.0},"geometry":{"type":"Point","coordinates":[-74.79521063543703,10.927602202673029]}},{"type":"Feature","properties":{"fid":635,"city":"Joliet","country":"United States","beta_A":1.0724,"beta_V":0.9594,"beta_h":-0.113,"A_cls":2,"H_cls":1,"color":"#ff7f0e","n_points":11.0,"svg_file":"635.svg","rel_A":"=","rel_V":"=","regime_key":"A=_V=","regime_label":"$\\beta_A = 1,\\ \\beta_V = 1$","regime_color":"#ff7f0e","beta_group":"A=_V=","beta_group_label":"$\\beta_A = 1,\\ \\beta_V = 1$","beta_A_prob_gt1":0.948,"beta_A_prob_lt1":0.052,"beta_V_prob_gt1":0.1,"beta_V_prob_lt1":0.9,"n_boot_valid":250.0},"geometry":{"type":"Point","coordinates":[-88.17653609484353,41.564400991252135]}},{"type":"Feature","properties":{"fid":652,"city":"Algonquin","country":"United States","beta_A":1.9565,"beta_V":1.829,"beta_h":-0.1275,"A_cls":2,"H_cls":0,"color":"#2ca02c","n_points":11.0,"svg_file":"652.svg","rel_A":">","rel_V":">","regime_key":"A>_V>","regime_label":"$\\beta_A > 1,\\ \\beta_V > 1$","regime_color":"#2ca02c","beta_group":"A>_V>","beta_group_label":"$\\beta_A > 1,\\ \\beta_V > 1$","beta_A_prob_gt1":1.0,"beta_A_prob_lt1":0.0,"beta_V_prob_gt1":1.0,"beta_V_prob_lt1":0.0,"n_boot_valid":250.0},"geometry":{"type":"Point","coordinates":[-88.34892751245879,42.17924403291452]}},{"type":"Feature","properties":{"fid":665,"city":"Lexington","country":"United States","beta_A":1.6004,"beta_V":1.5246,"beta_h":-0.0759,"A_cls":2,"H_cls":1,"color":"#2ca02c","n_points":11.0,"svg_file":"665.svg","rel_A":">","rel_V":">","regime_key":"A>_V>","regime_label":"$\\beta_A > 1,\\ \\beta_V > 1$","regime_color":"#2ca02c","beta_group":"A>_V>","beta_group_label":"$\\beta_A > 1,\\ \\beta_V > 1$","beta_A_prob_gt1":1.0,"beta_A_prob_lt1":0.0,"beta_V_prob_gt1":0.996,"beta_V_prob_lt1":0.004,"n_boot_valid":250.0},"geometry":{"type":"Point","coordinates":[-84.48502971009944,38.025269098251606]}},{"type":"Feature","properties":{"fid":669,"city":"Nassau","country":"Bahamas","beta_A":0.9569,"beta_V":0.8618,"beta_h":-0.0951,"A_cls":1,"H_cls":1,"color":"#ff7f0e","n_points":11.0,"svg_file":"669.svg","rel_A":"=","rel_V":"=","regime_key":"A=_V=","regime_label":"$\\beta_A = 1,\\ \\beta_V = 1$","regime_color":"#ff7f0e","beta_group":"A=_V=","beta_group_label":"$\\beta_A = 1,\\ \\beta_V = 1$","beta_A_prob_gt1":0.336,"beta_A_prob_lt1":0.664,"beta_V_prob_gt1":0.108,"beta_V_prob_lt1":0.892,"n_boot_valid":250.0},"geometry":{"type":"Point","coordinates":[-77.33764938557539,25.051869115144292]}},{"type":"Feature","properties":{"fid":694,"city":"Appleton","country":"United States","beta_A":2.0369,"beta_V":1.7811,"beta_h":-0.2558,"A_cls":2,"H_cls":0,"color":"#2ca02c","n_points":11.0,"svg_file":"694.svg","rel_A":">","rel_V":">","regime_key":"A>_V>","regime_label":"$\\beta_A > 1,\\ \\beta_V > 1$","regime_color":"#2ca02c","beta_group":"A>_V>","beta_group_label":"$\\beta_A > 1,\\ \\beta_V > 1$","beta_A_prob_gt1":1.0,"beta_A_prob_lt1":0.0,"beta_V_prob_gt1":1.0,"beta_V_prob_lt1":0.0,"n_boot_valid":250.0},"geometry":{"type":"Point","coordinates":[-88.4209455744888,44.229972992343754]}},{"type":"Feature","properties":{"fid":709,"city":"Fort Wayne","country":"United States","beta_A":1.4452,"beta_V":1.2484,"beta_h":-0.1968,"A_cls":2,"H_cls":0,"color":"#2ca02c","n_points":11.0,"svg_file":"709.svg","rel_A":">","rel_V":">","regime_key":"A>_V>","regime_label":"$\\beta_A > 1,\\ \\beta_V > 1$","regime_color":"#2ca02c","beta_group":"A>_V>","beta_group_label":"$\\beta_A > 1,\\ \\beta_V > 1$","beta_A_prob_gt1":1.0,"beta_A_prob_lt1":0.0,"beta_V_prob_gt1":1.0,"beta_V_prob_lt1":0.0,"n_boot_valid":250.0},"geometry":{"type":"Point","coordinates":[-85.10812683210153,41.08669850407541]}},{"type":"Feature","properties":{"fid":711,"city":"Green Bay","country":"United States","beta_A":1.6649,"beta_V":1.4974,"beta_h":-0.1675,"A_cls":2,"H_cls":0,"color":"#2ca02c","n_points":11.0,"svg_file":"711.svg","rel_A":">","rel_V":">","regime_key":"A>_V>","regime_label":"$\\beta_A > 1,\\ \\beta_V > 1$","regime_color":"#2ca02c","beta_group":"A>_V>","beta_group_label":"$\\beta_A > 1,\\ \\beta_V > 1$","beta_A_prob_gt1":1.0,"beta_A_prob_lt1":0.0,"beta_V_prob_gt1":1.0,"beta_V_prob_lt1":0.0,"n_boot_valid":250.0},"geometry":{"type":"Point","coordinates":[-88.01917557146406,44.50079107036833]}},{"type":"Feature","properties":{"fid":725,"city":"Grand Rapids","country":"United States","beta_A":1.1171,"beta_V":0.9933,"beta_h":-0.1238,"A_cls":2,"H_cls":0,"color":"#ff7f0e","n_points":11.0,"svg_file":"725.svg","rel_A":"=","rel_V":"=","regime_key":"A=_V=","regime_label":"$\\beta_A = 1,\\ \\beta_V = 1$","regime_color":"#ff7f0e","beta_group":"A=_V=","beta_group_label":"$\\beta_A = 1,\\ \\beta_V = 1$","beta_A_prob_gt1":0.988,"beta_A_prob_lt1":0.012,"beta_V_prob_gt1":0.42,"beta_V_prob_lt1":0.58,"n_boot_valid":250.0},"geometry":{"type":"Point","coordinates":[-85.65276926423904,42.932755957201955]}},{"type":"Feature","properties":{"fid":729,"city":"Columbus","country":"United States","beta_A":1.1159,"beta_V":1.0092,"beta_h":-0.1067,"A_cls":2,"H_cls":1,"color":"#ff7f0e","n_points":11.0,"svg_file":"729.svg","rel_A":"=","rel_V":"=","regime_key":"A=_V=","regime_label":"$\\beta_A = 1,\\ \\beta_V = 1$","regime_color":"#ff7f0e","beta_group":"A=_V=","beta_group_label":"$\\beta_A = 1,\\ \\beta_V = 1$","beta_A_prob_gt1":0.976,"beta_A_prob_lt1":0.024,"beta_V_prob_gt1":0.576,"beta_V_prob_lt1":0.424,"n_boot_valid":250.0},"geometry":{"type":"Point","coordinates":[-83.02117241010085,40.02774403938216]}},{"type":"Feature","properties":{"fid":742,"city":"Greensboro","country":"United States","beta_A":0.69,"beta_V":0.6543,"beta_h":-0.0357,"A_cls":1,"H_cls":2,"color":"#1f77b4","n_points":11.0,"svg_file":"742.svg","rel_A":"<","rel_V":"<","regime_key":"A<_V<","regime_label":"$\\beta_A < 1,\\ \\beta_V < 1$","regime_color":"#1f77b4","beta_group":"A<_V<","beta_group_label":"$\\beta_A < 1,\\ \\beta_V < 1$","beta_A_prob_gt1":0.0,"beta_A_prob_lt1":1.0,"beta_V_prob_gt1":0.0,"beta_V_prob_lt1":1.0,"n_boot_valid":250.0},"geometry":{"type":"Point","coordinates":[-79.85151544768088,36.069432114955525]}},{"type":"Feature","properties":{"fid":749,"city":"Lansing","country":"United States","beta_A":3.2348,"beta_V":2.9368,"beta_h":-0.298,"A_cls":2,"H_cls":0,"color":"#2ca02c","n_points":11.0,"svg_file":"749.svg","rel_A":">","rel_V":">","regime_key":"A>_V>","regime_label":"$\\beta_A > 1,\\ \\beta_V > 1$","regime_color":"#2ca02c","beta_group":"A>_V>","beta_group_label":"$\\beta_A > 1,\\ \\beta_V > 1$","beta_A_prob_gt1":1.0,"beta_A_prob_lt1":0.0,"beta_V_prob_gt1":1.0,"beta_V_prob_lt1":0.0,"n_boot_valid":250.0},"geometry":{"type":"Point","coordinates":[-84.56944056951266,42.7008939441106]}},{"type":"Feature","properties":{"fid":752,"city":"Fayetteville","country":"United States","beta_A":2.3991,"beta_V":2.3441,"beta_h":-0.055,"A_cls":2,"H_cls":1,"color":"#2ca02c","n_points":11.0,"svg_file":"752.svg","rel_A":">","rel_V":">","regime_key":"A>_V>","regime_label":"$\\beta_A > 1,\\ \\beta_V > 1$","regime_color":"#2ca02c","beta_group":"A>_V>","beta_group_label":"$\\beta_A > 1,\\ \\beta_V > 1$","beta_A_prob_gt1":1.0,"beta_A_prob_lt1":0.0,"beta_V_prob_gt1":1.0,"beta_V_prob_lt1":0.0,"n_boot_valid":250.0},"geometry":{"type":"Point","coordinates":[-78.93568034790044,35.046046264860514]}},{"type":"Feature","properties":{"fid":753,"city":"Arequipa","country":"Peru","beta_A":1.0977,"beta_V":1.1011,"beta_h":0.0034,"A_cls":2,"H_cls":2,"color":"#ff7f0e","n_points":11.0,"svg_file":"753.svg","rel_A":"=","rel_V":"=","regime_key":"A=_V=","regime_label":"$\\beta_A = 1,\\ \\beta_V = 1$","regime_color":"#ff7f0e","beta_group":"A=_V=","beta_group_label":"$\\beta_A = 1,\\ \\beta_V = 1$","beta_A_prob_gt1":0.948,"beta_A_prob_lt1":0.052,"beta_V_prob_gt1":0.952,"beta_V_prob_lt1":0.048,"n_boot_valid":250.0},"geometry":{"type":"Point","coordinates":[-71.53518987040607,-16.394732910302412]}},{"type":"Feature","properties":{"fid":775,"city":"Raleigh","country":"United States","beta_A":0.5996,"beta_V":0.5535,"beta_h":-0.0462,"A_cls":0,"H_cls":1,"color":"#1f77b4","n_points":11.0,"svg_file":"775.svg","rel_A":"<","rel_V":"<","regime_key":"A<_V<","regime_label":"$\\beta_A < 1,\\ \\beta_V < 1$","regime_color":"#1f77b4","beta_group":"A<_V<","beta_group_label":"$\\beta_A < 1,\\ \\beta_V < 1$","beta_A_prob_gt1":0.0,"beta_A_prob_lt1":1.0,"beta_V_prob_gt1":0.0,"beta_V_prob_lt1":1.0,"n_boot_valid":250.0},"geometry":{"type":"Point","coordinates":[-78.59165752830117,35.82844945012998]}},{"type":"Feature","properties":{"fid":816,"city":"Santo Domingo","country":"Dominican Republic","beta_A":0.7214,"beta_V":0.597,"beta_h":-0.1244,"A_cls":1,"H_cls":0,"color":"#1f77b4","n_points":11.0,"svg_file":"816.svg","rel_A":"<","rel_V":"<","regime_key":"A<_V<","regime_label":"$\\beta_A < 1,\\ \\beta_V < 1$","regime_color":"#1f77b4","beta_group":"A<_V<","beta_group_label":"$\\beta_A < 1,\\ \\beta_V < 1$","beta_A_prob_gt1":0.0,"beta_A_prob_lt1":1.0,"beta_V_prob_gt1":0.0,"beta_V_prob_lt1":1.0,"n_boot_valid":250.0},"geometry":{"type":"Point","coordinates":[-69.91033877541913,18.48634810768912]}},{"type":"Feature","properties":{"fid":828,"city":"Richmond","country":"United States","beta_A":0.9669,"beta_V":0.9281,"beta_h":-0.0389,"A_cls":1,"H_cls":2,"color":"#ff7f0e","n_points":11.0,"svg_file":"828.svg","rel_A":"=","rel_V":"=","regime_key":"A=_V=","regime_label":"$\\beta_A = 1,\\ \\beta_V = 1$","regime_color":"#ff7f0e","beta_group":"A=_V=","beta_group_label":"$\\beta_A = 1,\\ \\beta_V = 1$","beta_A_prob_gt1":0.316,"beta_A_prob_lt1":0.684,"beta_V_prob_gt1":0.14,"beta_V_prob_lt1":0.86,"n_boot_valid":250.0},"geometry":{"type":"Point","coordinates":[-77.44329126898643,37.55660151164358]}},{"type":"Feature","properties":{"fid":834,"city":"London","country":"Canada","beta_A":0.8335,"beta_V":0.7659,"beta_h":-0.0676,"A_cls":1,"H_cls":1,"color":"#d62728","n_points":11.0,"svg_file":"834.svg","rel_A":"=","rel_V":"<","regime_key":"A=_V<","regime_label":"$\\beta_A = 1,\\ \\beta_V < 1$","regime_color":"#d62728","beta_group":"A=_V<","beta_group_label":"$\\beta_A = 1,\\ \\beta_V < 1$","beta_A_prob_gt1":0.012,"beta_A_prob_lt1":0.988,"beta_V_prob_gt1":0.0,"beta_V_prob_lt1":1.0,"n_boot_valid":250.0},"geometry":{"type":"Point","coordinates":[-81.23423455200665,42.98735913134633]}},{"type":"Feature","properties":{"fid":847,"city":"Virginia Beach","country":"United States","beta_A":0.9896,"beta_V":0.9164,"beta_h":-0.0731,"A_cls":1,"H_cls":1,"color":"#ff7f0e","n_points":11.0,"svg_file":"847.svg","rel_A":"=","rel_V":"=","regime_key":"A=_V=","regime_label":"$\\beta_A = 1,\\ \\beta_V = 1$","regime_color":"#ff7f0e","beta_group":"A=_V=","beta_group_label":"$\\beta_A = 1,\\ \\beta_V = 1$","beta_A_prob_gt1":0.424,"beta_A_prob_lt1":0.576,"beta_V_prob_gt1":0.22,"beta_V_prob_lt1":0.78,"n_boot_valid":250.0},"geometry":{"type":"Point","coordinates":[-76.20204861909697,36.85126216370021]}},{"type":"Feature","properties":{"fid":849,"city":"El Alto [La Paz]","country":"Bolivia","beta_A":0.899,"beta_V":0.8039,"beta_h":-0.095,"A_cls":1,"H_cls":1,"color":"#1f77b4","n_points":11.0,"svg_file":"849.svg","rel_A":"<","rel_V":"<","regime_key":"A<_V<","regime_label":"$\\beta_A < 1,\\ \\beta_V < 1$","regime_color":"#1f77b4","beta_group":"A<_V<","beta_group_label":"$\\beta_A < 1,\\ \\beta_V < 1$","beta_A_prob_gt1":0.0,"beta_A_prob_lt1":1.0,"beta_V_prob_gt1":0.0,"beta_V_prob_lt1":1.0,"n_boot_valid":250.0},"geometry":{"type":"Point","coordinates":[-68.13107328196477,-16.53444268414688]}},{"type":"Feature","properties":{"fid":855,"city":"Washington D.C.","country":"United States","beta_A":1.1273,"beta_V":0.9921,"beta_h":-0.1352,"A_cls":2,"H_cls":0,"color":"#9467bd","n_points":11.0,"svg_file":"855.svg","rel_A":">","rel_V":"=","regime_key":"A>_V=","regime_label":"$\\beta_A > 1,\\ \\beta_V = 1$","regime_color":"#9467bd","beta_group":"A>_V=","beta_group_label":"$\\beta_A > 1,\\ \\beta_V = 1$","beta_A_prob_gt1":0.996,"beta_A_prob_lt1":0.004,"beta_V_prob_gt1":0.448,"beta_V_prob_lt1":0.552,"n_boot_valid":250.0},"geometry":{"type":"Point","coordinates":[-76.98783896711048,38.95711441607856]}},{"type":"Feature","properties":{"fid":856,"city":"Dale City","country":"United States","beta_A":0.8021,"beta_V":0.7244,"beta_h":-0.0777,"A_cls":1,"H_cls":1,"color":"#1f77b4","n_points":11.0,"svg_file":"856.svg","rel_A":"<","rel_V":"<","regime_key":"A<_V<","regime_label":"$\\beta_A < 1,\\ \\beta_V < 1$","regime_color":"#1f77b4","beta_group":"A<_V<","beta_group_label":"$\\beta_A < 1,\\ \\beta_V < 1$","beta_A_prob_gt1":0.0,"beta_A_prob_lt1":1.0,"beta_V_prob_gt1":0.0,"beta_V_prob_lt1":1.0,"n_boot_valid":250.0},"geometry":{"type":"Point","coordinates":[-77.30747427786415,38.65487804637539]}},{"type":"Feature","properties":{"fid":865,"city":"Kitchener","country":"Canada","beta_A":0.7389,"beta_V":0.6572,"beta_h":-0.0817,"A_cls":1,"H_cls":1,"color":"#1f77b4","n_points":11.0,"svg_file":"865.svg","rel_A":"<","rel_V":"<","regime_key":"A<_V<","regime_label":"$\\beta_A < 1,\\ \\beta_V < 1$","regime_color":"#1f77b4","beta_group":"A<_V<","beta_group_label":"$\\beta_A < 1,\\ \\beta_V < 1$","beta_A_prob_gt1":0.0,"beta_A_prob_lt1":1.0,"beta_V_prob_gt1":0.0,"beta_V_prob_lt1":1.0,"n_boot_valid":250.0},"geometry":{"type":"Point","coordinates":[-80.48346731075061,43.44309348995441]}},{"type":"Feature","properties":{"fid":875,"city":"Toronto","country":"Canada","beta_A":0.6252,"beta_V":0.5604,"beta_h":-0.0647,"A_cls":0,"H_cls":1,"color":"#1f77b4","n_points":11.0,"svg_file":"875.svg","rel_A":"<","rel_V":"<","regime_key":"A<_V<","regime_label":"$\\beta_A < 1,\\ \\beta_V < 1$","regime_color":"#1f77b4","beta_group":"A<_V<","beta_group_label":"$\\beta_A < 1,\\ \\beta_V < 1$","beta_A_prob_gt1":0.0,"beta_A_prob_lt1":1.0,"beta_V_prob_gt1":0.0,"beta_V_prob_lt1":1.0,"n_boot_valid":250.0},"geometry":{"type":"Point","coordinates":[-79.65770014561826,43.57092786130307]}},{"type":"Feature","properties":{"fid":880,"city":"Baltimore","country":"United States","beta_A":1.435,"beta_V":1.2908,"beta_h":-0.1443,"A_cls":2,"H_cls":0,"color":"#2ca02c","n_points":11.0,"svg_file":"880.svg","rel_A":">","rel_V":">","regime_key":"A>_V>","regime_label":"$\\beta_A > 1,\\ \\beta_V > 1$","regime_color":"#2ca02c","beta_group":"A>_V>","beta_group_label":"$\\beta_A > 1,\\ \\beta_V > 1$","beta_A_prob_gt1":1.0,"beta_A_prob_lt1":0.0,"beta_V_prob_gt1":1.0,"beta_V_prob_lt1":0.0,"n_boot_valid":250.0},"geometry":{"type":"Point","coordinates":[-76.59679750642464,39.308850657592586]}},{"type":"Feature","properties":{"fid":884,"city":"La Serena","country":"Chile","beta_A":0.8433,"beta_V":0.8485,"beta_h":0.0052,"A_cls":1,"H_cls":2,"color":"#ff7f0e","n_points":11.0,"svg_file":"884.svg","rel_A":"=","rel_V":"=","regime_key":"A=_V=","regime_label":"$\\beta_A = 1,\\ \\beta_V = 1$","regime_color":"#ff7f0e","beta_group":"A=_V=","beta_group_label":"$\\beta_A = 1,\\ \\beta_V = 1$","beta_A_prob_gt1":0.016,"beta_A_prob_lt1":0.984,"beta_V_prob_gt1":0.024,"beta_V_prob_lt1":0.976,"n_boot_valid":250.0},"geometry":{"type":"Point","coordinates":[-71.25185626214987,-29.937186826957685]}},{"type":"Feature","properties":{"fid":897,"city":"Cochabamba","country":"Bolivia","beta_A":0.4266,"beta_V":0.3778,"beta_h":-0.0488,"A_cls":0,"H_cls":1,"color":"#1f77b4","n_points":11.0,"svg_file":"897.svg","rel_A":"<","rel_V":"<","regime_key":"A<_V<","regime_label":"$\\beta_A < 1,\\ \\beta_V < 1$","regime_color":"#1f77b4","beta_group":"A<_V<","beta_group_label":"$\\beta_A < 1,\\ \\beta_V < 1$","beta_A_prob_gt1":0.0,"beta_A_prob_lt1":1.0,"beta_V_prob_gt1":0.0,"beta_V_prob_lt1":1.0,"n_boot_valid":250.0},"geometry":{"type":"Point","coordinates":[-66.29853891038313,-17.406459606236183]}},{"type":"Feature","properties":{"fid":898,"city":"Philadelphia","country":"United States","beta_A":1.764,"beta_V":1.5753,"beta_h":-0.1886,"A_cls":2,"H_cls":0,"color":"#2ca02c","n_points":11.0,"svg_file":"898.svg","rel_A":">","rel_V":">","regime_key":"A>_V>","regime_label":"$\\beta_A > 1,\\ \\beta_V > 1$","regime_color":"#2ca02c","beta_group":"A>_V>","beta_group_label":"$\\beta_A > 1,\\ \\beta_V > 1$","beta_A_prob_gt1":1.0,"beta_A_prob_lt1":0.0,"beta_V_prob_gt1":1.0,"beta_V_prob_lt1":0.0,"n_boot_valid":250.0},"geometry":{"type":"Point","coordinates":[-75.18470699003666,39.884634511939765]}},{"type":"Feature","properties":{"fid":899,"city":"Oshawa","country":"Canada","beta_A":0.4167,"beta_V":0.3793,"beta_h":-0.0374,"A_cls":0,"H_cls":2,"color":"#1f77b4","n_points":11.0,"svg_file":"899.svg","rel_A":"<","rel_V":"<","regime_key":"A<_V<","regime_label":"$\\beta_A < 1,\\ \\beta_V < 1$","regime_color":"#1f77b4","beta_group":"A<_V<","beta_group_label":"$\\beta_A < 1,\\ \\beta_V < 1$","beta_A_prob_gt1":0.0,"beta_A_prob_lt1":1.0,"beta_V_prob_gt1":0.0,"beta_V_prob_lt1":1.0,"n_boot_valid":250.0},"geometry":{"type":"Point","coordinates":[-78.8807225595077,43.90011082437472]}},{"type":"Feature","properties":{"fid":901,"city":"Viña del Mar [Valparaíso]","country":"Chile","beta_A":2.1131,"beta_V":1.9249,"beta_h":-0.1883,"A_cls":2,"H_cls":0,"color":"#2ca02c","n_points":11.0,"svg_file":"901.svg","rel_A":">","rel_V":">","regime_key":"A>_V>","regime_label":"$\\beta_A > 1,\\ \\beta_V > 1$","regime_color":"#2ca02c","beta_group":"A>_V>","beta_group_label":"$\\beta_A > 1,\\ \\beta_V > 1$","beta_A_prob_gt1":1.0,"beta_A_prob_lt1":0.0,"beta_V_prob_gt1":1.0,"beta_V_prob_lt1":0.0,"n_boot_valid":250.0},"geometry":{"type":"Point","coordinates":[-71.51407764972612,-32.996175708292895]}},{"type":"Feature","properties":{"fid":913,"city":"Allentown","country":"United States","beta_A":0.8374,"beta_V":0.6961,"beta_h":-0.1413,"A_cls":1,"H_cls":0,"color":"#1f77b4","n_points":11.0,"svg_file":"913.svg","rel_A":"<","rel_V":"<","regime_key":"A<_V<","regime_label":"$\\beta_A < 1,\\ \\beta_V < 1$","regime_color":"#1f77b4","beta_group":"A<_V<","beta_group_label":"$\\beta_A < 1,\\ \\beta_V < 1$","beta_A_prob_gt1":0.0,"beta_A_prob_lt1":1.0,"beta_V_prob_gt1":0.0,"beta_V_prob_lt1":1.0,"n_boot_valid":250.0},"geometry":{"type":"Point","coordinates":[-75.40833703719895,40.64620146423168]}},{"type":"Feature","properties":{"fid":931,"city":"Santiago","country":"Chile","beta_A":0.8236,"beta_V":0.8013,"beta_h":-0.0223,"A_cls":1,"H_cls":2,"color":"#ff7f0e","n_points":11.0,"svg_file":"931.svg","rel_A":"=","rel_V":"=","regime_key":"A=_V=","regime_label":"$\\beta_A = 1,\\ \\beta_V = 1$","regime_color":"#ff7f0e","beta_group":"A=_V=","beta_group_label":"$\\beta_A = 1,\\ \\beta_V = 1$","beta_A_prob_gt1":0.176,"beta_A_prob_lt1":0.824,"beta_V_prob_gt1":0.116,"beta_V_prob_lt1":0.884,"n_boot_valid":250.0},"geometry":{"type":"Point","coordinates":[-70.6427088251506,-33.476579085958925]}},{"type":"Feature","properties":{"fid":950,"city":"Syracuse","country":"United States","beta_A":3.0623,"beta_V":2.695,"beta_h":-0.3673,"A_cls":2,"H_cls":0,"color":"#2ca02c","n_points":11.0,"svg_file":"950.svg","rel_A":">","rel_V":">","regime_key":"A>_V>","regime_label":"$\\beta_A > 1,\\ \\beta_V > 1$","regime_color":"#2ca02c","beta_group":"A>_V>","beta_group_label":"$\\beta_A > 1,\\ \\beta_V > 1$","beta_A_prob_gt1":1.0,"beta_A_prob_lt1":0.0,"beta_V_prob_gt1":1.0,"beta_V_prob_lt1":0.0,"n_boot_valid":250.0},"geometry":{"type":"Point","coordinates":[-76.13689371060886,43.08751197232512]}},{"type":"Feature","properties":{"fid":951,"city":"Maturin","country":"Venezuela","beta_A":1.153,"beta_V":1.1481,"beta_h":-0.0048,"A_cls":2,"H_cls":2,"color":"#ff7f0e","n_points":11.0,"svg_file":"951.svg","rel_A":"=","rel_V":"=","regime_key":"A=_V=","regime_label":"$\\beta_A = 1,\\ \\beta_V = 1$","regime_color":"#ff7f0e","beta_group":"A=_V=","beta_group_label":"$\\beta_A = 1,\\ \\beta_V = 1$","beta_A_prob_gt1":0.972,"beta_A_prob_lt1":0.028,"beta_V_prob_gt1":0.972,"beta_V_prob_lt1":0.028,"n_boot_valid":250.0},"geometry":{"type":"Point","coordinates":[-63.16579773779128,9.755641921761558]}},{"type":"Feature","properties":{"fid":966,"city":"Mendoza","country":"Argentina","beta_A":1.212,"beta_V":1.2087,"beta_h":-0.0033,"A_cls":2,"H_cls":2,"color":"#2ca02c","n_points":11.0,"svg_file":"966.svg","rel_A":">","rel_V":">","regime_key":"A>_V>","regime_label":"$\\beta_A > 1,\\ \\beta_V > 1$","regime_color":"#2ca02c","beta_group":"A>_V>","beta_group_label":"$\\beta_A > 1,\\ \\beta_V > 1$","beta_A_prob_gt1":0.996,"beta_A_prob_lt1":0.004,"beta_V_prob_gt1":0.996,"beta_V_prob_lt1":0.004,"n_boot_valid":250.0},"geometry":{"type":"Point","coordinates":[-68.8252591394883,-32.90107831148654]}},{"type":"Feature","properties":{"fid":972,"city":"Bridgeport","country":"United States","beta_A":0.5469,"beta_V":0.507,"beta_h":-0.04,"A_cls":0,"H_cls":2,"color":"#1f77b4","n_points":11.0,"svg_file":"972.svg","rel_A":"<","rel_V":"<","regime_key":"A<_V<","regime_label":"$\\beta_A < 1,\\ \\beta_V < 1$","regime_color":"#1f77b4","beta_group":"A<_V<","beta_group_label":"$\\beta_A < 1,\\ \\beta_V < 1$","beta_A_prob_gt1":0.0,"beta_A_prob_lt1":1.0,"beta_V_prob_gt1":0.0,"beta_V_prob_lt1":1.0,"n_boot_valid":250.0},"geometry":{"type":"Point","coordinates":[-73.0106676919404,41.239781446813815]}},{"type":"Feature","properties":{"fid":976,"city":"Santa Cruz de la Sierra","country":"Bolivia","beta_A":0.5167,"beta_V":0.4765,"beta_h":-0.0402,"A_cls":0,"H_cls":2,"color":"#1f77b4","n_points":11.0,"svg_file":"976.svg","rel_A":"<","rel_V":"<","regime_key":"A<_V<","regime_label":"$\\beta_A < 1,\\ \\beta_V < 1$","regime_color":"#1f77b4","beta_group":"A<_V<","beta_group_label":"$\\beta_A < 1,\\ \\beta_V < 1$","beta_A_prob_gt1":0.0,"beta_A_prob_lt1":1.0,"beta_V_prob_gt1":0.0,"beta_V_prob_lt1":1.0,"n_boot_valid":250.0},"geometry":{"type":"Point","coordinates":[-63.16139757652151,-17.78949209193952]}},{"type":"Feature","properties":{"fid":989,"city":"Ottawa","country":"Canada","beta_A":0.6327,"beta_V":0.5362,"beta_h":-0.0964,"A_cls":0,"H_cls":1,"color":"#1f77b4","n_points":11.0,"svg_file":"989.svg","rel_A":"<","rel_V":"<","regime_key":"A<_V<","regime_label":"$\\beta_A < 1,\\ \\beta_V < 1$","regime_color":"#1f77b4","beta_group":"A<_V<","beta_group_label":"$\\beta_A < 1,\\ \\beta_V < 1$","beta_A_prob_gt1":0.0,"beta_A_prob_lt1":1.0,"beta_V_prob_gt1":0.0,"beta_V_prob_lt1":1.0,"n_boot_valid":250.0},"geometry":{"type":"Point","coordinates":[-75.68555698033992,45.417717783126335]}},{"type":"Feature","properties":{"fid":991,"city":"San Miguel de Tucumán","country":"Argentina","beta_A":0.7878,"beta_V":0.6715,"beta_h":-0.1162,"A_cls":1,"H_cls":1,"color":"#1f77b4","n_points":11.0,"svg_file":"991.svg","rel_A":"<","rel_V":"<","regime_key":"A<_V<","regime_label":"$\\beta_A < 1,\\ \\beta_V < 1$","regime_color":"#1f77b4","beta_group":"A<_V<","beta_group_label":"$\\beta_A < 1,\\ \\beta_V < 1$","beta_A_prob_gt1":0.004,"beta_A_prob_lt1":0.996,"beta_V_prob_gt1":0.0,"beta_V_prob_lt1":1.0,"n_boot_valid":250.0},"geometry":{"type":"Point","coordinates":[-65.22287519374278,-26.82892321595863]}},{"type":"Feature","properties":{"fid":997,"city":"Hartford","country":"United States","beta_A":0.9862,"beta_V":0.8669,"beta_h":-0.1193,"A_cls":1,"H_cls":1,"color":"#ff7f0e","n_points":11.0,"svg_file":"997.svg","rel_A":"=","rel_V":"=","regime_key":"A=_V=","regime_label":"$\\beta_A = 1,\\ \\beta_V = 1$","regime_color":"#ff7f0e","beta_group":"A=_V=","beta_group_label":"$\\beta_A = 1,\\ \\beta_V = 1$","beta_A_prob_gt1":0.38,"beta_A_prob_lt1":0.62,"beta_V_prob_gt1":0.06,"beta_V_prob_lt1":0.94,"n_boot_valid":250.0},"geometry":{"type":"Point","coordinates":[-72.68186005930198,41.72242273939207]}},{"type":"Feature","properties":{"fid":1006,"city":"Manaus","country":"Brazil","beta_A":0.3783,"beta_V":0.3954,"beta_h":0.0171,"A_cls":0,"H_cls":2,"color":"#1f77b4","n_points":11.0,"svg_file":"1006.svg","rel_A":"<","rel_V":"<","regime_key":"A<_V<","regime_label":"$\\beta_A < 1,\\ \\beta_V < 1$","regime_color":"#1f77b4","beta_group":"A<_V<","beta_group_label":"$\\beta_A < 1,\\ \\beta_V < 1$","beta_A_prob_gt1":0.0,"beta_A_prob_lt1":1.0,"beta_V_prob_gt1":0.0,"beta_V_prob_lt1":1.0,"n_boot_valid":250.0},"geometry":{"type":"Point","coordinates":[-59.98932825853889,-3.061744900712611]}},{"type":"Feature","properties":{"fid":1017,"city":"Montreal","country":"Canada","beta_A":1.0693,"beta_V":0.933,"beta_h":-0.1363,"A_cls":2,"H_cls":0,"color":"#ff7f0e","n_points":11.0,"svg_file":"1017.svg","rel_A":"=","rel_V":"=","regime_key":"A=_V=","regime_label":"$\\beta_A = 1,\\ \\beta_V = 1$","regime_color":"#ff7f0e","beta_group":"A=_V=","beta_group_label":"$\\beta_A = 1,\\ \\beta_V = 1$","beta_A_prob_gt1":0.916,"beta_A_prob_lt1":0.084,"beta_V_prob_gt1":0.16,"beta_V_prob_lt1":0.84,"n_boot_valid":250.0},"geometry":{"type":"Point","coordinates":[-73.69469219896254,45.53792345283689]}},{"type":"Feature","properties":{"fid":1022,"city":"Boston","country":"United States","beta_A":0.6215,"beta_V":0.5201,"beta_h":-0.1013,"A_cls":0,"H_cls":1,"color":"#1f77b4","n_points":11.0,"svg_file":"1022.svg","rel_A":"<","rel_V":"<","regime_key":"A<_V<","regime_label":"$\\beta_A < 1,\\ \\beta_V < 1$","regime_color":"#1f77b4","beta_group":"A<_V<","beta_group_label":"$\\beta_A < 1,\\ \\beta_V < 1$","beta_A_prob_gt1":0.0,"beta_A_prob_lt1":1.0,"beta_V_prob_gt1":0.0,"beta_V_prob_lt1":1.0,"n_boot_valid":250.0},"geometry":{"type":"Point","coordinates":[-71.10854516941006,42.36504101650109]}},{"type":"Feature","properties":{"fid":1035,"city":"Cordoba","country":"Argentina","beta_A":1.2431,"beta_V":1.1345,"beta_h":-0.1086,"A_cls":2,"H_cls":1,"color":"#ff7f0e","n_points":11.0,"svg_file":"1035.svg","rel_A":"=","rel_V":"=","regime_key":"A=_V=","regime_label":"$\\beta_A = 1,\\ \\beta_V = 1$","regime_color":"#ff7f0e","beta_group":"A=_V=","beta_group_label":"$\\beta_A = 1,\\ \\beta_V = 1$","beta_A_prob_gt1":0.94,"beta_A_prob_lt1":0.06,"beta_V_prob_gt1":0.824,"beta_V_prob_lt1":0.176,"n_boot_valid":250.0},"geometry":{"type":"Point","coordinates":[-64.19307782329174,-31.384644871774523]}},{"type":"Feature","properties":{"fid":1048,"city":"Quebec","country":"Canada","beta_A":1.3228,"beta_V":1.1789,"beta_h":-0.1439,"A_cls":2,"H_cls":0,"color":"#2ca02c","n_points":11.0,"svg_file":"1048.svg","rel_A":">","rel_V":">","regime_key":"A>_V>","regime_label":"$\\beta_A > 1,\\ \\beta_V > 1$","regime_color":"#2ca02c","beta_group":"A>_V>","beta_group_label":"$\\beta_A > 1,\\ \\beta_V > 1$","beta_A_prob_gt1":0.996,"beta_A_prob_lt1":0.004,"beta_V_prob_gt1":0.996,"beta_V_prob_lt1":0.004,"n_boot_valid":250.0},"geometry":{"type":"Point","coordinates":[-71.25067495263582,46.81995196138645]}},{"type":"Feature","properties":{"fid":1063,"city":"Cuiabá","country":"Brazil","beta_A":0.6157,"beta_V":0.5431,"beta_h":-0.0726,"A_cls":0,"H_cls":1,"color":"#1f77b4","n_points":11.0,"svg_file":"1063.svg","rel_A":"<","rel_V":"<","regime_key":"A<_V<","regime_label":"$\\beta_A < 1,\\ \\beta_V < 1$","regime_color":"#1f77b4","beta_group":"A<_V<","beta_group_label":"$\\beta_A < 1,\\ \\beta_V < 1$","beta_A_prob_gt1":0.0,"beta_A_prob_lt1":1.0,"beta_V_prob_gt1":0.0,"beta_V_prob_lt1":1.0,"n_boot_valid":250.0},"geometry":{"type":"Point","coordinates":[-56.11081178039503,-15.614695754061252]}},{"type":"Feature","properties":{"fid":1070,"city":"Rosario","country":"Argentina","beta_A":1.114,"beta_V":0.9179,"beta_h":-0.1961,"A_cls":2,"H_cls":0,"color":"#ff7f0e","n_points":11.0,"svg_file":"1070.svg","rel_A":"=","rel_V":"=","regime_key":"A=_V=","regime_label":"$\\beta_A = 1,\\ \\beta_V = 1$","regime_color":"#ff7f0e","beta_group":"A=_V=","beta_group_label":"$\\beta_A = 1,\\ \\beta_V = 1$","beta_A_prob_gt1":0.92,"beta_A_prob_lt1":0.08,"beta_V_prob_gt1":0.232,"beta_V_prob_lt1":0.768,"n_boot_valid":250.0},"geometry":{"type":"Point","coordinates":[-60.707984981395676,-32.86218637439066]}},{"type":"Feature","properties":{"fid":1091,"city":"Campo Grande","country":"Brazil","beta_A":0.548,"beta_V":0.5165,"beta_h":-0.0315,"A_cls":0,"H_cls":2,"color":"#1f77b4","n_points":11.0,"svg_file":"1091.svg","rel_A":"<","rel_V":"<","regime_key":"A<_V<","regime_label":"$\\beta_A < 1,\\ \\beta_V < 1$","regime_color":"#1f77b4","beta_group":"A<_V<","beta_group_label":"$\\beta_A < 1,\\ \\beta_V < 1$","beta_A_prob_gt1":0.0,"beta_A_prob_lt1":1.0,"beta_V_prob_gt1":0.0,"beta_V_prob_lt1":1.0,"n_boot_valid":250.0},"geometry":{"type":"Point","coordinates":[-54.621678238478836,-20.496522000044795]}},{"type":"Feature","properties":{"fid":1105,"city":"Buenos Aires","country":"Argentina","beta_A":0.8248,"beta_V":0.737,"beta_h":-0.0878,"A_cls":1,"H_cls":1,"color":"#1f77b4","n_points":11.0,"svg_file":"1105.svg","rel_A":"<","rel_V":"<","regime_key":"A<_V<","regime_label":"$\\beta_A < 1,\\ \\beta_V < 1$","regime_color":"#1f77b4","beta_group":"A<_V<","beta_group_label":"$\\beta_A < 1,\\ \\beta_V < 1$","beta_A_prob_gt1":0.004,"beta_A_prob_lt1":0.996,"beta_V_prob_gt1":0.0,"beta_V_prob_lt1":1.0,"n_boot_valid":250.0},"geometry":{"type":"Point","coordinates":[-58.57374839995734,-34.6624394674225]}},{"type":"Feature","properties":{"fid":1115,"city":"Halifax","country":"Canada","beta_A":1.1946,"beta_V":1.0223,"beta_h":-0.1723,"A_cls":2,"H_cls":0,"color":"#9467bd","n_points":11.0,"svg_file":"1115.svg","rel_A":">","rel_V":"=","regime_key":"A>_V=","regime_label":"$\\beta_A > 1,\\ \\beta_V = 1$","regime_color":"#9467bd","beta_group":"A>_V=","beta_group_label":"$\\beta_A > 1,\\ \\beta_V = 1$","beta_A_prob_gt1":1.0,"beta_A_prob_lt1":0.0,"beta_V_prob_gt1":0.912,"beta_V_prob_lt1":0.088,"n_boot_valid":250.0},"geometry":{"type":"Point","coordinates":[-63.57895813903126,44.66626551504693]}},{"type":"Feature","properties":{"fid":1117,"city":"La Plata","country":"Argentina","beta_A":1.0921,"beta_V":0.9923,"beta_h":-0.0998,"A_cls":2,"H_cls":1,"color":"#ff7f0e","n_points":11.0,"svg_file":"1117.svg","rel_A":"=","rel_V":"=","regime_key":"A=_V=","regime_label":"$\\beta_A = 1,\\ \\beta_V = 1$","regime_color":"#ff7f0e","beta_group":"A=_V=","beta_group_label":"$\\beta_A = 1,\\ \\beta_V = 1$","beta_A_prob_gt1":0.928,"beta_A_prob_lt1":0.072,"beta_V_prob_gt1":0.44,"beta_V_prob_lt1":0.56,"n_boot_valid":250.0},"geometry":{"type":"Point","coordinates":[-57.95791442031756,-34.91519506125706]}},{"type":"Feature","properties":{"fid":1118,"city":"Ciudad del Este","country":"Paraguay","beta_A":0.5856,"beta_V":0.5508,"beta_h":-0.0348,"A_cls":0,"H_cls":2,"color":"#ff7f0e","n_points":11.0,"svg_file":"1118.svg","rel_A":"=","rel_V":"=","regime_key":"A=_V=","regime_label":"$\\beta_A = 1,\\ \\beta_V = 1$","regime_color":"#ff7f0e","beta_group":"A=_V=","beta_group_label":"$\\beta_A = 1,\\ \\beta_V = 1$","beta_A_prob_gt1":0.076,"beta_A_prob_lt1":0.924,"beta_V_prob_gt1":0.048,"beta_V_prob_lt1":0.952,"n_boot_valid":250.0},"geometry":{"type":"Point","coordinates":[-54.59294836452808,-25.530930046891203]}},{"type":"Feature","properties":{"fid":1141,"city":"Mar del Plata","country":"Argentina","beta_A":0.4384,"beta_V":0.3917,"beta_h":-0.0468,"A_cls":0,"H_cls":1,"color":"#1f77b4","n_points":11.0,"svg_file":"1141.svg","rel_A":"<","rel_V":"<","regime_key":"A<_V<","regime_label":"$\\beta_A < 1,\\ \\beta_V < 1$","regime_color":"#1f77b4","beta_group":"A<_V<","beta_group_label":"$\\beta_A < 1,\\ \\beta_V < 1$","beta_A_prob_gt1":0.0,"beta_A_prob_lt1":1.0,"beta_V_prob_gt1":0.0,"beta_V_prob_lt1":1.0,"n_boot_valid":250.0},"geometry":{"type":"Point","coordinates":[-57.571085657983865,-38.025269098251606]}},{"type":"Feature","properties":{"fid":1149,"city":"Maringá","country":"Brazil","beta_A":1.169,"beta_V":1.0811,"beta_h":-0.0879,"A_cls":2,"H_cls":1,"color":"#ff7f0e","n_points":11.0,"svg_file":"1149.svg","rel_A":"=","rel_V":"=","regime_key":"A=_V=","regime_label":"$\\beta_A = 1,\\ \\beta_V = 1$","regime_color":"#ff7f0e","beta_group":"A=_V=","beta_group_label":"$\\beta_A = 1,\\ \\beta_V = 1$","beta_A_prob_gt1":0.98,"beta_A_prob_lt1":0.02,"beta_V_prob_gt1":0.808,"beta_V_prob_lt1":0.192,"n_boot_valid":250.0},"geometry":{"type":"Point","coordinates":[-51.91465425387694,-23.42659882755537]}},{"type":"Feature","properties":{"fid":1162,"city":"Londrina","country":"Brazil","beta_A":1.3137,"beta_V":1.2469,"beta_h":-0.0669,"A_cls":2,"H_cls":1,"color":"#9467bd","n_points":11.0,"svg_file":"1162.svg","rel_A":">","rel_V":"=","regime_key":"A>_V=","regime_label":"$\\beta_A > 1,\\ \\beta_V = 1$","regime_color":"#9467bd","beta_group":"A>_V=","beta_group_label":"$\\beta_A > 1,\\ \\beta_V = 1$","beta_A_prob_gt1":1.0,"beta_A_prob_lt1":0.0,"beta_V_prob_gt1":0.984,"beta_V_prob_lt1":0.016,"n_boot_valid":250.0},"geometry":{"type":"Point","coordinates":[-51.168842357053315,-23.322144306944534]}},{"type":"Feature","properties":{"fid":1165,"city":"Belém","country":"Brazil","beta_A":0.5734,"beta_V":0.5189,"beta_h":-0.0545,"A_cls":0,"H_cls":1,"color":"#1f77b4","n_points":11.0,"svg_file":"1165.svg","rel_A":"<","rel_V":"<","regime_key":"A<_V<","regime_label":"$\\beta_A < 1,\\ \\beta_V < 1$","regime_color":"#1f77b4","beta_group":"A<_V<","beta_group_label":"$\\beta_A < 1,\\ \\beta_V < 1$","beta_A_prob_gt1":0.0,"beta_A_prob_lt1":1.0,"beta_V_prob_gt1":0.0,"beta_V_prob_lt1":1.0,"n_boot_valid":250.0},"geometry":{"type":"Point","coordinates":[-48.395763861599995,-1.370911765082306]}},{"type":"Feature","properties":{"fid":1177,"city":"Goiânia","country":"Brazil","beta_A":0.5281,"beta_V":0.4693,"beta_h":-0.0587,"A_cls":0,"H_cls":1,"color":"#1f77b4","n_points":11.0,"svg_file":"1177.svg","rel_A":"<","rel_V":"<","regime_key":"A<_V<","regime_label":"$\\beta_A < 1,\\ \\beta_V < 1$","regime_color":"#1f77b4","beta_group":"A<_V<","beta_group_label":"$\\beta_A < 1,\\ \\beta_V < 1$","beta_A_prob_gt1":0.0,"beta_A_prob_lt1":1.0,"beta_V_prob_gt1":0.0,"beta_V_prob_lt1":1.0,"n_boot_valid":250.0},"geometry":{"type":"Point","coordinates":[-49.28353031272751,-16.707078695178186]}},{"type":"Feature","properties":{"fid":1210,"city":"Ceilândia","country":"Brazil","beta_A":0.4854,"beta_V":0.4602,"beta_h":-0.0253,"A_cls":0,"H_cls":2,"color":"#1f77b4","n_points":11.0,"svg_file":"1210.svg","rel_A":"<","rel_V":"<","regime_key":"A<_V<","regime_label":"$\\beta_A < 1,\\ \\beta_V < 1$","regime_color":"#1f77b4","beta_group":"A<_V<","beta_group_label":"$\\beta_A < 1,\\ \\beta_V < 1$","beta_A_prob_gt1":0.0,"beta_A_prob_lt1":1.0,"beta_V_prob_gt1":0.0,"beta_V_prob_lt1":1.0,"n_boot_valid":250.0},"geometry":{"type":"Point","coordinates":[-48.071639041010705,-15.844481018450425]}},{"type":"Feature","properties":{"fid":1214,"city":"Novo Hamburgo","country":"Brazil","beta_A":1.1839,"beta_V":1.1032,"beta_h":-0.0806,"A_cls":2,"H_cls":1,"color":"#ff7f0e","n_points":11.0,"svg_file":"1214.svg","rel_A":"=","rel_V":"=","regime_key":"A=_V=","regime_label":"$\\beta_A = 1,\\ \\beta_V = 1$","regime_color":"#ff7f0e","beta_group":"A=_V=","beta_group_label":"$\\beta_A = 1,\\ \\beta_V = 1$","beta_A_prob_gt1":0.96,"beta_A_prob_lt1":0.04,"beta_V_prob_gt1":0.832,"beta_V_prob_lt1":0.168,"n_boot_valid":250.0},"geometry":{"type":"Point","coordinates":[-51.1494160813439,-29.723751606570293]}},{"type":"Feature","properties":{"fid":1218,"city":"Porto Alegre","country":"Brazil","beta_A":0.9301,"beta_V":0.8125,"beta_h":-0.1176,"A_cls":1,"H_cls":1,"color":"#ff7f0e","n_points":11.0,"svg_file":"1218.svg","rel_A":"=","rel_V":"=","regime_key":"A=_V=","regime_label":"$\\beta_A = 1,\\ \\beta_V = 1$","regime_color":"#ff7f0e","beta_group":"A=_V=","beta_group_label":"$\\beta_A = 1,\\ \\beta_V = 1$","beta_A_prob_gt1":0.404,"beta_A_prob_lt1":0.596,"beta_V_prob_gt1":0.328,"beta_V_prob_lt1":0.672,"n_boot_valid":250.0},"geometry":{"type":"Point","coordinates":[-51.124866798131755,-30.073876235281446]}},{"type":"Feature","properties":{"fid":1228,"city":"Uberlândia","country":"Brazil","beta_A":0.6857,"beta_V":0.6543,"beta_h":-0.0314,"A_cls":1,"H_cls":2,"color":"#1f77b4","n_points":11.0,"svg_file":"1228.svg","rel_A":"<","rel_V":"<","regime_key":"A<_V<","regime_label":"$\\beta_A < 1,\\ \\beta_V < 1$","regime_color":"#1f77b4","beta_group":"A<_V<","beta_group_label":"$\\beta_A < 1,\\ \\beta_V < 1$","beta_A_prob_gt1":0.0,"beta_A_prob_lt1":1.0,"beta_V_prob_gt1":0.0,"beta_V_prob_lt1":1.0,"n_boot_valid":250.0},"geometry":{"type":"Point","coordinates":[-48.284801355749714,-18.91984842803709]}},{"type":"Feature","properties":{"fid":1257,"city":"Ribeirao Preto","country":"Brazil","beta_A":0.9582,"beta_V":0.9216,"beta_h":-0.0366,"A_cls":1,"H_cls":2,"color":"#ff7f0e","n_points":11.0,"svg_file":"1257.svg","rel_A":"=","rel_V":"=","regime_key":"A=_V=","regime_label":"$\\beta_A = 1,\\ \\beta_V = 1$","regime_color":"#ff7f0e","beta_group":"A=_V=","beta_group_label":"$\\beta_A = 1,\\ \\beta_V = 1$","beta_A_prob_gt1":0.424,"beta_A_prob_lt1":0.576,"beta_V_prob_gt1":0.308,"beta_V_prob_lt1":0.692,"n_boot_valid":250.0},"geometry":{"type":"Point","coordinates":[-47.81196100611313,-21.160458222646554]}},{"type":"Feature","properties":{"fid":1262,"city":"Joinville","country":"Brazil","beta_A":0.3273,"beta_V":0.3045,"beta_h":-0.0229,"A_cls":0,"H_cls":2,"color":"#1f77b4","n_points":11.0,"svg_file":"1262.svg","rel_A":"<","rel_V":"<","regime_key":"A<_V<","regime_label":"$\\beta_A < 1,\\ \\beta_V < 1$","regime_color":"#1f77b4","beta_group":"A<_V<","beta_group_label":"$\\beta_A < 1,\\ \\beta_V < 1$","beta_A_prob_gt1":0.0,"beta_A_prob_lt1":1.0,"beta_V_prob_gt1":0.0,"beta_V_prob_lt1":1.0,"n_boot_valid":250.0},"geometry":{"type":"Point","coordinates":[-48.82785535899372,-26.309909767171153]}},{"type":"Feature","properties":{"fid":1281,"city":"Florianópolis","country":"Brazil","beta_A":0.5433,"beta_V":0.4552,"beta_h":-0.0881,"A_cls":0,"H_cls":1,"color":"#1f77b4","n_points":11.0,"svg_file":"1281.svg","rel_A":"<","rel_V":"<","regime_key":"A<_V<","regime_label":"$\\beta_A < 1,\\ \\beta_V < 1$","regime_color":"#1f77b4","beta_group":"A<_V<","beta_group_label":"$\\beta_A < 1,\\ \\beta_V < 1$","beta_A_prob_gt1":0.0,"beta_A_prob_lt1":1.0,"beta_V_prob_gt1":0.0,"beta_V_prob_lt1":1.0,"n_boot_valid":250.0},"geometry":{"type":"Point","coordinates":[-48.58744554370373,-27.590091415961133]}},{"type":"Feature","properties":{"fid":1286,"city":"Sorocaba","country":"Brazil","beta_A":1.1493,"beta_V":1.044,"beta_h":-0.1053,"A_cls":2,"H_cls":1,"color":"#9467bd","n_points":11.0,"svg_file":"1286.svg","rel_A":">","rel_V":"=","regime_key":"A>_V=","regime_label":"$\\beta_A > 1,\\ \\beta_V = 1$","regime_color":"#9467bd","beta_group":"A>_V=","beta_group_label":"$\\beta_A > 1,\\ \\beta_V = 1$","beta_A_prob_gt1":1.0,"beta_A_prob_lt1":0.0,"beta_V_prob_gt1":0.896,"beta_V_prob_lt1":0.104,"n_boot_valid":250.0},"geometry":{"type":"Point","coordinates":[-47.46971578538044,-23.50182569916647]}},{"type":"Feature","properties":{"fid":1291,"city":"Campinas","country":"Brazil","beta_A":0.506,"beta_V":0.4685,"beta_h":-0.0376,"A_cls":0,"H_cls":2,"color":"#1f77b4","n_points":11.0,"svg_file":"1291.svg","rel_A":"<","rel_V":"<","regime_key":"A<_V<","regime_label":"$\\beta_A < 1,\\ \\beta_V < 1$","regime_color":"#1f77b4","beta_group":"A<_V<","beta_group_label":"$\\beta_A < 1,\\ \\beta_V < 1$","beta_A_prob_gt1":0.0,"beta_A_prob_lt1":1.0,"beta_V_prob_gt1":0.0,"beta_V_prob_lt1":1.0,"n_boot_valid":250.0},"geometry":{"type":"Point","coordinates":[-47.06641804683852,-22.908807870597514]}},{"type":"Feature","properties":{"fid":1302,"city":"Jundiaí","country":"Brazil","beta_A":1.0122,"beta_V":0.982,"beta_h":-0.0302,"A_cls":1,"H_cls":2,"color":"#ff7f0e","n_points":11.0,"svg_file":"1302.svg","rel_A":"=","rel_V":"=","regime_key":"A=_V=","regime_label":"$\\beta_A = 1,\\ \\beta_V = 1$","regime_color":"#ff7f0e","beta_group":"A=_V=","beta_group_label":"$\\beta_A = 1,\\ \\beta_V = 1$","beta_A_prob_gt1":0.54,"beta_A_prob_lt1":0.46,"beta_V_prob_gt1":0.436,"beta_V_prob_lt1":0.564,"n_boot_valid":250.0},"geometry":{"type":"Point","coordinates":[-46.84939193955778,-23.192663414404905]}},{"type":"Feature","properties":{"fid":1303,"city":"São Paulo","country":"Brazil","beta_A":0.6555,"beta_V":0.6037,"beta_h":-0.0519,"A_cls":1,"H_cls":1,"color":"#d62728","n_points":11.0,"svg_file":"1303.svg","rel_A":"=","rel_V":"<","regime_key":"A=_V<","regime_label":"$\\beta_A = 1,\\ \\beta_V < 1$","regime_color":"#d62728","beta_group":"A=_V<","beta_group_label":"$\\beta_A = 1,\\ \\beta_V < 1$","beta_A_prob_gt1":0.02,"beta_A_prob_lt1":0.98,"beta_V_prob_gt1":0.004,"beta_V_prob_lt1":0.996,"n_boot_valid":250.0},"geometry":{"type":"Point","coordinates":[-46.65833986625812,-23.59379184007539]}},{"type":"Feature","properties":{"fid":1312,"city":"São Luís","country":"Brazil","beta_A":0.6778,"beta_V":0.6325,"beta_h":-0.0453,"A_cls":1,"H_cls":1,"color":"#1f77b4","n_points":11.0,"svg_file":"1312.svg","rel_A":"<","rel_V":"<","regime_key":"A<_V<","regime_label":"$\\beta_A < 1,\\ \\beta_V < 1$","regime_color":"#1f77b4","beta_group":"A<_V<","beta_group_label":"$\\beta_A < 1,\\ \\beta_V < 1$","beta_A_prob_gt1":0.0,"beta_A_prob_lt1":1.0,"beta_V_prob_gt1":0.0,"beta_V_prob_lt1":1.0,"n_boot_valid":250.0},"geometry":{"type":"Point","coordinates":[-44.24392373631995,-2.56816762376004]}},{"type":"Feature","properties":{"fid":1313,"city":"Praia Grande","country":"Brazil","beta_A":1.1646,"beta_V":0.9587,"beta_h":-0.206,"A_cls":2,"H_cls":0,"color":"#ff7f0e","n_points":11.0,"svg_file":"1313.svg","rel_A":"=","rel_V":"=","regime_key":"A=_V=","regime_label":"$\\beta_A = 1,\\ \\beta_V = 1$","regime_color":"#ff7f0e","beta_group":"A=_V=","beta_group_label":"$\\beta_A = 1,\\ \\beta_V = 1$","beta_A_prob_gt1":0.988,"beta_A_prob_lt1":0.012,"beta_V_prob_gt1":0.22,"beta_V_prob_lt1":0.78,"n_boot_valid":250.0},"geometry":{"type":"Point","coordinates":[-46.64570927230025,-24.104234126493658]}},{"type":"Feature","properties":{"fid":1320,"city":"Santos","country":"Brazil","beta_A":0.7361,"beta_V":0.565,"beta_h":-0.1711,"A_cls":1,"H_cls":0,"color":"#1f77b4","n_points":11.0,"svg_file":"1320.svg","rel_A":"<","rel_V":"<","regime_key":"A<_V<","regime_label":"$\\beta_A < 1,\\ \\beta_V < 1$","regime_color":"#1f77b4","beta_group":"A<_V<","beta_group_label":"$\\beta_A < 1,\\ \\beta_V < 1$","beta_A_prob_gt1":0.0,"beta_A_prob_lt1":1.0,"beta_V_prob_gt1":0.0,"beta_V_prob_lt1":1.0,"n_boot_valid":250.0},"geometry":{"type":"Point","coordinates":[-46.32016114375295,-23.97027354066183]}},{"type":"Feature","properties":{"fid":1324,"city":"Sao Jose dos Campos","country":"Brazil","beta_A":0.5407,"beta_V":0.5169,"beta_h":-0.0238,"A_cls":0,"H_cls":2,"color":"#1f77b4","n_points":11.0,"svg_file":"1324.svg","rel_A":"<","rel_V":"<","regime_key":"A<_V<","regime_label":"$\\beta_A < 1,\\ \\beta_V < 1$","regime_color":"#1f77b4","beta_group":"A<_V<","beta_group_label":"$\\beta_A < 1,\\ \\beta_V < 1$","beta_A_prob_gt1":0.0,"beta_A_prob_lt1":1.0,"beta_V_prob_gt1":0.0,"beta_V_prob_lt1":1.0,"n_boot_valid":250.0},"geometry":{"type":"Point","coordinates":[-45.90174566752984,-23.234426133791786]}},{"type":"Feature","properties":{"fid":1343,"city":"Teresina","country":"Brazil","beta_A":0.6652,"beta_V":0.653,"beta_h":-0.0122,"A_cls":1,"H_cls":2,"color":"#ff7f0e","n_points":11.0,"svg_file":"1343.svg","rel_A":"=","rel_V":"=","regime_key":"A=_V=","regime_label":"$\\beta_A = 1,\\ \\beta_V = 1$","regime_color":"#ff7f0e","beta_group":"A=_V=","beta_group_label":"$\\beta_A = 1,\\ \\beta_V = 1$","beta_A_prob_gt1":0.036,"beta_A_prob_lt1":0.964,"beta_V_prob_gt1":0.032,"beta_V_prob_lt1":0.968,"n_boot_valid":250.0},"geometry":{"type":"Point","coordinates":[-42.794915789072675,-5.109965480784714]}},{"type":"Feature","properties":{"fid":1346,"city":"Belo Horizonte","country":"Brazil","beta_A":0.4746,"beta_V":0.4541,"beta_h":-0.0205,"A_cls":0,"H_cls":2,"color":"#1f77b4","n_points":11.0,"svg_file":"1346.svg","rel_A":"<","rel_V":"<","regime_key":"A<_V<","regime_label":"$\\beta_A < 1,\\ \\beta_V < 1$","regime_color":"#1f77b4","beta_group":"A<_V<","beta_group_label":"$\\beta_A < 1,\\ \\beta_V < 1$","beta_A_prob_gt1":0.0,"beta_A_prob_lt1":1.0,"beta_V_prob_gt1":0.0,"beta_V_prob_lt1":1.0,"n_boot_valid":250.0},"geometry":{"type":"Point","coordinates":[-43.99806243283004,-19.899914540079724]}},{"type":"Feature","properties":{"fid":1354,"city":"Volta Redonda","country":"Brazil","beta_A":0.9812,"beta_V":0.8867,"beta_h":-0.0945,"A_cls":1,"H_cls":1,"color":"#ff7f0e","n_points":11.0,"svg_file":"1354.svg","rel_A":"=","rel_V":"=","regime_key":"A=_V=","regime_label":"$\\beta_A = 1,\\ \\beta_V = 1$","regime_color":"#ff7f0e","beta_group":"A=_V=","beta_group_label":"$\\beta_A = 1,\\ \\beta_V = 1$","beta_A_prob_gt1":0.476,"beta_A_prob_lt1":0.524,"beta_V_prob_gt1":0.332,"beta_V_prob_lt1":0.668,"n_boot_valid":250.0},"geometry":{"type":"Point","coordinates":[-44.15003009431421,-22.525126865963028]}},{"type":"Feature","properties":{"fid":1361,"city":"Rio de Janeiro","country":"Brazil","beta_A":1.2229,"beta_V":1.0548,"beta_h":-0.1681,"A_cls":2,"H_cls":0,"color":"#9467bd","n_points":11.0,"svg_file":"1361.svg","rel_A":">","rel_V":"=","regime_key":"A>_V=","regime_label":"$\\beta_A > 1,\\ \\beta_V = 1$","regime_color":"#9467bd","beta_group":"A>_V=","beta_group_label":"$\\beta_A > 1,\\ \\beta_V = 1$","beta_A_prob_gt1":1.0,"beta_A_prob_lt1":0.0,"beta_V_prob_gt1":0.772,"beta_V_prob_lt1":0.228,"n_boot_valid":250.0},"geometry":{"type":"Point","coordinates":[-43.36192697495454,-22.808677661448186]}},{"type":"Feature","properties":{"fid":1372,"city":"Sao Goncalo","country":"Brazil","beta_A":1.4782,"beta_V":1.2794,"beta_h":-0.1988,"A_cls":2,"H_cls":0,"color":"#2ca02c","n_points":11.0,"svg_file":"1372.svg","rel_A":">","rel_V":">","regime_key":"A>_V>","regime_label":"$\\beta_A > 1,\\ \\beta_V > 1$","regime_color":"#2ca02c","beta_group":"A>_V>","beta_group_label":"$\\beta_A > 1,\\ \\beta_V > 1$","beta_A_prob_gt1":1.0,"beta_A_prob_lt1":0.0,"beta_V_prob_gt1":0.996,"beta_V_prob_lt1":0.004,"n_boot_valid":250.0},"geometry":{"type":"Point","coordinates":[-43.02056091193931,-22.833708290629918]}},{"type":"Feature","properties":{"fid":1400,"city":"Vila Velha","country":"Brazil","beta_A":0.3534,"beta_V":0.2997,"beta_h":-0.0537,"A_cls":0,"H_cls":1,"color":"#1f77b4","n_points":11.0,"svg_file":"1400.svg","rel_A":"<","rel_V":"<","regime_key":"A<_V<","regime_label":"$\\beta_A < 1,\\ \\beta_V < 1$","regime_color":"#1f77b4","beta_group":"A<_V<","beta_group_label":"$\\beta_A < 1,\\ \\beta_V < 1$","beta_A_prob_gt1":0.0,"beta_A_prob_lt1":1.0,"beta_V_prob_gt1":0.0,"beta_V_prob_lt1":1.0,"n_boot_valid":250.0},"geometry":{"type":"Point","coordinates":[-40.35172124992367,-20.334854389043052]}},{"type":"Feature","properties":{"fid":1406,"city":"Fortaleza","country":"Brazil","beta_A":0.5769,"beta_V":0.5108,"beta_h":-0.0662,"A_cls":0,"H_cls":1,"color":"#1f77b4","n_points":11.0,"svg_file":"1406.svg","rel_A":"<","rel_V":"<","regime_key":"A<_V<","regime_label":"$\\beta_A < 1,\\ \\beta_V < 1$","regime_color":"#1f77b4","beta_group":"A<_V<","beta_group_label":"$\\beta_A < 1,\\ \\beta_V < 1$","beta_A_prob_gt1":0.0,"beta_A_prob_lt1":1.0,"beta_V_prob_gt1":0.0,"beta_V_prob_lt1":1.0,"n_boot_valid":250.0},"geometry":{"type":"Point","coordinates":[-38.541845519593046,-3.810373346526116]}},{"type":"Feature","properties":{"fid":1420,"city":"Salvador","country":"Brazil","beta_A":0.8135,"beta_V":0.7423,"beta_h":-0.0713,"A_cls":1,"H_cls":1,"color":"#ff7f0e","n_points":11.0,"svg_file":"1420.svg","rel_A":"=","rel_V":"=","regime_key":"A=_V=","regime_label":"$\\beta_A = 1,\\ \\beta_V = 1$","regime_color":"#ff7f0e","beta_group":"A=_V=","beta_group_label":"$\\beta_A = 1,\\ \\beta_V = 1$","beta_A_prob_gt1":0.096,"beta_A_prob_lt1":0.904,"beta_V_prob_gt1":0.036,"beta_V_prob_lt1":0.964,"n_boot_valid":250.0},"geometry":{"type":"Point","coordinates":[-38.41459438098934,-12.925744296661783]}},{"type":"Feature","properties":{"fid":1430,"city":"Aracaju","country":"Brazil","beta_A":0.2928,"beta_V":0.259,"beta_h":-0.0337,"A_cls":0,"H_cls":2,"color":"#1f77b4","n_points":11.0,"svg_file":"1430.svg","rel_A":"<","rel_V":"<","regime_key":"A<_V<","regime_label":"$\\beta_A < 1,\\ \\beta_V < 1$","regime_color":"#1f77b4","beta_group":"A<_V<","beta_group_label":"$\\beta_A < 1,\\ \\beta_V < 1$","beta_A_prob_gt1":0.0,"beta_A_prob_lt1":1.0,"beta_V_prob_gt1":0.0,"beta_V_prob_lt1":1.0,"n_boot_valid":250.0},"geometry":{"type":"Point","coordinates":[-37.05861073317375,-10.915384915864168]}},{"type":"Feature","properties":{"fid":1438,"city":"Maceió","country":"Brazil","beta_A":0.8336,"beta_V":0.7694,"beta_h":-0.0642,"A_cls":1,"H_cls":1,"color":"#ff7f0e","n_points":11.0,"svg_file":"1438.svg","rel_A":"=","rel_V":"=","regime_key":"A=_V=","regime_label":"$\\beta_A = 1,\\ \\beta_V = 1$","regime_color":"#ff7f0e","beta_group":"A=_V=","beta_group_label":"$\\beta_A = 1,\\ \\beta_V = 1$","beta_A_prob_gt1":0.076,"beta_A_prob_lt1":0.924,"beta_V_prob_gt1":0.032,"beta_V_prob_lt1":0.968,"n_boot_valid":250.0},"geometry":{"type":"Point","coordinates":[-35.73607889582704,-9.605195854827182]}},{"type":"Feature","properties":{"fid":1442,"city":"Natal","country":"Brazil","beta_A":0.6921,"beta_V":0.649,"beta_h":-0.0431,"A_cls":1,"H_cls":2,"color":"#1f77b4","n_points":11.0,"svg_file":"1442.svg","rel_A":"<","rel_V":"<","regime_key":"A<_V<","regime_label":"$\\beta_A < 1,\\ \\beta_V < 1$","regime_color":"#1f77b4","beta_group":"A<_V<","beta_group_label":"$\\beta_A < 1,\\ \\beta_V < 1$","beta_A_prob_gt1":0.004,"beta_A_prob_lt1":0.996,"beta_V_prob_gt1":0.0,"beta_V_prob_lt1":1.0,"n_boot_valid":250.0},"geometry":{"type":"Point","coordinates":[-35.23419449179246,-5.826978765317279]}},{"type":"Feature","properties":{"fid":1445,"city":"Recife","country":"Brazil","beta_A":1.0671,"beta_V":0.9851,"beta_h":-0.082,"A_cls":2,"H_cls":1,"color":"#ff7f0e","n_points":11.0,"svg_file":"1445.svg","rel_A":"=","rel_V":"=","regime_key":"A=_V=","regime_label":"$\\beta_A = 1,\\ \\beta_V = 1$","regime_color":"#ff7f0e","beta_group":"A=_V=","beta_group_label":"$\\beta_A = 1,\\ \\beta_V = 1$","beta_A_prob_gt1":0.856,"beta_A_prob_lt1":0.144,"beta_V_prob_gt1":0.464,"beta_V_prob_lt1":0.536,"n_boot_valid":250.0},"geometry":{"type":"Point","coordinates":[-34.93391715413999,-8.020889700571699]}},{"type":"Feature","properties":{"fid":1449,"city":"João Pessoa","country":"Brazil","beta_A":0.5826,"beta_V":0.5387,"beta_h":-0.0439,"A_cls":0,"H_cls":1,"color":"#d62728","n_points":11.0,"svg_file":"1449.svg","rel_A":"=","rel_V":"<","regime_key":"A=_V<","regime_label":"$\\beta_A = 1,\\ \\beta_V < 1$","regime_color":"#d62728","beta_group":"A=_V<","beta_group_label":"$\\beta_A = 1,\\ \\beta_V < 1$","beta_A_prob_gt1":0.016,"beta_A_prob_lt1":0.984,"beta_V_prob_gt1":0.004,"beta_V_prob_lt1":0.996,"n_boot_valid":250.0},"geometry":{"type":"Point","coordinates":[-34.88503004087484,-7.144473876444022]}},{"type":"Feature","properties":{"fid":1452,"city":"Dakar","country":"Senegal","beta_A":0.218,"beta_V":0.1736,"beta_h":-0.0444,"A_cls":0,"H_cls":1,"color":"#1f77b4","n_points":11.0,"svg_file":"1452.svg","rel_A":"<","rel_V":"<","regime_key":"A<_V<","regime_label":"$\\beta_A < 1,\\ \\beta_V < 1$","regime_color":"#1f77b4","beta_group":"A<_V<","beta_group_label":"$\\beta_A < 1,\\ \\beta_V < 1$","beta_A_prob_gt1":0.0,"beta_A_prob_lt1":1.0,"beta_V_prob_gt1":0.0,"beta_V_prob_lt1":1.0,"n_boot_valid":250.0},"geometry":{"type":"Point","coordinates":[-17.39259265271118,14.737479672696521]}},{"type":"Feature","properties":{"fid":1455,"city":"Serrekunda","country":"Gambia","beta_A":0.2705,"beta_V":0.2463,"beta_h":-0.0243,"A_cls":0,"H_cls":2,"color":"#1f77b4","n_points":11.0,"svg_file":"1455.svg","rel_A":"<","rel_V":"<","regime_key":"A<_V<","regime_label":"$\\beta_A < 1,\\ \\beta_V < 1$","regime_color":"#1f77b4","beta_group":"A<_V<","beta_group_label":"$\\beta_A < 1,\\ \\beta_V < 1$","beta_A_prob_gt1":0.0,"beta_A_prob_lt1":1.0,"beta_V_prob_gt1":0.0,"beta_V_prob_lt1":1.0,"n_boot_valid":250.0},"geometry":{"type":"Point","coordinates":[-16.696544029874755,13.424155152564227]}},{"type":"Feature","properties":{"fid":1473,"city":"Touba","country":"Senegal","beta_A":1.0317,"beta_V":1.031,"beta_h":-0.0008,"A_cls":1,"H_cls":2,"color":"#ff7f0e","n_points":11.0,"svg_file":"1473.svg","rel_A":"=","rel_V":"=","regime_key":"A=_V=","regime_label":"$\\beta_A = 1,\\ \\beta_V = 1$","regime_color":"#ff7f0e","beta_group":"A=_V=","beta_group_label":"$\\beta_A = 1,\\ \\beta_V = 1$","beta_A_prob_gt1":0.716,"beta_A_prob_lt1":0.284,"beta_V_prob_gt1":0.712,"beta_V_prob_lt1":0.288,"n_boot_valid":250.0},"geometry":{"type":"Point","coordinates":[-15.880253121264385,14.85627403895212]}},{"type":"Feature","properties":{"fid":1474,"city":"Nouakchott","country":"Mauritania","beta_A":0.5599,"beta_V":0.5781,"beta_h":0.0182,"A_cls":0,"H_cls":2,"color":"#1f77b4","n_points":11.0,"svg_file":"1474.svg","rel_A":"<","rel_V":"<","regime_key":"A<_V<","regime_label":"$\\beta_A < 1,\\ \\beta_V < 1$","regime_color":"#1f77b4","beta_group":"A<_V<","beta_group_label":"$\\beta_A < 1,\\ \\beta_V < 1$","beta_A_prob_gt1":0.0,"beta_A_prob_lt1":1.0,"beta_V_prob_gt1":0.0,"beta_V_prob_lt1":1.0,"n_boot_valid":250.0},"geometry":{"type":"Point","coordinates":[-15.965970769476508,18.057388410026448]}},{"type":"Feature","properties":{"fid":1502,"city":"Conakry","country":"Guinea","beta_A":0.374,"beta_V":0.3693,"beta_h":-0.0047,"A_cls":0,"H_cls":2,"color":"#1f77b4","n_points":11.0,"svg_file":"1502.svg","rel_A":"<","rel_V":"<","regime_key":"A<_V<","regime_label":"$\\beta_A < 1,\\ \\beta_V < 1$","regime_color":"#1f77b4","beta_group":"A<_V<","beta_group_label":"$\\beta_A < 1,\\ \\beta_V < 1$","beta_A_prob_gt1":0.0,"beta_A_prob_lt1":1.0,"beta_V_prob_gt1":0.0,"beta_V_prob_lt1":1.0,"n_boot_valid":250.0},"geometry":{"type":"Point","coordinates":[-13.554248148327716,9.67025040581602]}},{"type":"Feature","properties":{"fid":1507,"city":"Freetown","country":"Sierra Leone","beta_A":0.5212,"beta_V":0.5366,"beta_h":0.0153,"A_cls":0,"H_cls":2,"color":"#1f77b4","n_points":11.0,"svg_file":"1507.svg","rel_A":"<","rel_V":"<","regime_key":"A<_V<","regime_label":"$\\beta_A < 1,\\ \\beta_V < 1$","regime_color":"#1f77b4","beta_group":"A<_V<","beta_group_label":"$\\beta_A < 1,\\ \\beta_V < 1$","beta_A_prob_gt1":0.0,"beta_A_prob_lt1":1.0,"beta_V_prob_gt1":0.0,"beta_V_prob_lt1":1.0,"n_boot_valid":250.0},"geometry":{"type":"Point","coordinates":[-13.264541034828573,8.443120820684175]}},{"type":"Feature","properties":{"fid":1544,"city":"Agadir","country":"Morocco","beta_A":0.5515,"beta_V":0.4836,"beta_h":-0.0679,"A_cls":0,"H_cls":1,"color":"#1f77b4","n_points":11.0,"svg_file":"1544.svg","rel_A":"<","rel_V":"<","regime_key":"A<_V<","regime_label":"$\\beta_A < 1,\\ \\beta_V < 1$","regime_color":"#1f77b4","beta_group":"A<_V<","beta_group_label":"$\\beta_A < 1,\\ \\beta_V < 1$","beta_A_prob_gt1":0.0,"beta_A_prob_lt1":1.0,"beta_V_prob_gt1":0.0,"beta_V_prob_lt1":1.0,"n_boot_valid":250.0},"geometry":{"type":"Point","coordinates":[-9.545656057621004,30.390244978306544]}},{"type":"Feature","properties":{"fid":1551,"city":"Lisbon","country":"Portugal","beta_A":2.3692,"beta_V":2.0037,"beta_h":-0.3655,"A_cls":2,"H_cls":0,"color":"#2ca02c","n_points":11.0,"svg_file":"1551.svg","rel_A":">","rel_V":">","regime_key":"A>_V>","regime_label":"$\\beta_A > 1,\\ \\beta_V > 1$","regime_color":"#2ca02c","beta_group":"A>_V>","beta_group_label":"$\\beta_A > 1,\\ \\beta_V > 1$","beta_A_prob_gt1":1.0,"beta_A_prob_lt1":0.0,"beta_V_prob_gt1":1.0,"beta_V_prob_lt1":0.0,"n_boot_valid":250.0},"geometry":{"type":"Point","coordinates":[-9.22777021335777,38.75260784995996]}},{"type":"Feature","properties":{"fid":1553,"city":"Bamako","country":"Mali","beta_A":0.2968,"beta_V":0.2892,"beta_h":-0.0076,"A_cls":0,"H_cls":2,"color":"#1f77b4","n_points":11.0,"svg_file":"1553.svg","rel_A":"<","rel_V":"<","regime_key":"A<_V<","regime_label":"$\\beta_A < 1,\\ \\beta_V < 1$","regime_color":"#1f77b4","beta_group":"A<_V<","beta_group_label":"$\\beta_A < 1,\\ \\beta_V < 1$","beta_A_prob_gt1":0.0,"beta_A_prob_lt1":1.0,"beta_V_prob_gt1":0.0,"beta_V_prob_lt1":1.0,"n_boot_valid":250.0},"geometry":{"type":"Point","coordinates":[-7.987213686133078,12.623615706406223]}},{"type":"Feature","properties":{"fid":1569,"city":"Porto","country":"Portugal","beta_A":2.0961,"beta_V":1.8047,"beta_h":-0.2913,"A_cls":2,"H_cls":0,"color":"#2ca02c","n_points":11.0,"svg_file":"1569.svg","rel_A":">","rel_V":">","regime_key":"A>_V>","regime_label":"$\\beta_A > 1,\\ \\beta_V > 1$","regime_color":"#2ca02c","beta_group":"A>_V>","beta_group_label":"$\\beta_A > 1,\\ \\beta_V > 1$","beta_A_prob_gt1":1.0,"beta_A_prob_lt1":0.0,"beta_V_prob_gt1":1.0,"beta_V_prob_lt1":0.0,"n_boot_valid":250.0},"geometry":{"type":"Point","coordinates":[-8.586605271365045,41.14071252107835]}},{"type":"Feature","properties":{"fid":1575,"city":"Casablanca","country":"Morocco","beta_A":0.8345,"beta_V":0.6626,"beta_h":-0.1719,"A_cls":1,"H_cls":0,"color":"#d62728","n_points":11.0,"svg_file":"1575.svg","rel_A":"=","rel_V":"<","regime_key":"A=_V<","regime_label":"$\\beta_A = 1,\\ \\beta_V < 1$","regime_color":"#d62728","beta_group":"A=_V<","beta_group_label":"$\\beta_A = 1,\\ \\beta_V < 1$","beta_A_prob_gt1":0.096,"beta_A_prob_lt1":0.904,"beta_V_prob_gt1":0.0,"beta_V_prob_lt1":1.0,"n_boot_valid":250.0},"geometry":{"type":"Point","coordinates":[-7.488453369968651,33.619594220479634]}},{"type":"Feature","properties":{"fid":1595,"city":"Rabat","country":"Morocco","beta_A":0.7407,"beta_V":0.6412,"beta_h":-0.0995,"A_cls":1,"H_cls":1,"color":"#d62728","n_points":11.0,"svg_file":"1595.svg","rel_A":"=","rel_V":"<","regime_key":"A=_V<","regime_label":"$\\beta_A = 1,\\ \\beta_V < 1$","regime_color":"#d62728","beta_group":"A=_V<","beta_group_label":"$\\beta_A = 1,\\ \\beta_V < 1$","beta_A_prob_gt1":0.012,"beta_A_prob_lt1":0.988,"beta_V_prob_gt1":0.0,"beta_V_prob_lt1":1.0,"n_boot_valid":250.0},"geometry":{"type":"Point","coordinates":[-6.797602779860382,34.001408432765935]}},{"type":"Feature","properties":{"fid":1635,"city":"Tangier","country":"Morocco","beta_A":0.6056,"beta_V":0.4764,"beta_h":-0.1292,"A_cls":0,"H_cls":0,"color":"#1f77b4","n_points":11.0,"svg_file":"1635.svg","rel_A":"<","rel_V":"<","regime_key":"A<_V<","regime_label":"$\\beta_A < 1,\\ \\beta_V < 1$","regime_color":"#1f77b4","beta_group":"A<_V<","beta_group_label":"$\\beta_A < 1,\\ \\beta_V < 1$","beta_A_prob_gt1":0.0,"beta_A_prob_lt1":1.0,"beta_V_prob_gt1":0.0,"beta_V_prob_lt1":1.0,"n_boot_valid":250.0},"geometry":{"type":"Point","coordinates":[-5.826217091420749,35.74526426544168]}},{"type":"Feature","properties":{"fid":1664,"city":"Fez","country":"Morocco","beta_A":0.7375,"beta_V":0.6534,"beta_h":-0.0841,"A_cls":1,"H_cls":1,"color":"#1f77b4","n_points":11.0,"svg_file":"1664.svg","rel_A":"<","rel_V":"<","regime_key":"A<_V<","regime_label":"$\\beta_A < 1,\\ \\beta_V < 1$","regime_color":"#1f77b4","beta_group":"A<_V<","beta_group_label":"$\\beta_A < 1,\\ \\beta_V < 1$","beta_A_prob_gt1":0.0,"beta_A_prob_lt1":1.0,"beta_V_prob_gt1":0.0,"beta_V_prob_lt1":1.0,"n_boot_valid":250.0},"geometry":{"type":"Point","coordinates":[-5.010099399945502,34.00575139089978]}},{"type":"Feature","properties":{"fid":1667,"city":"Belfast","country":"United Kingdom","beta_A":0.9496,"beta_V":0.8218,"beta_h":-0.1278,"A_cls":1,"H_cls":0,"color":"#d62728","n_points":11.0,"svg_file":"1667.svg","rel_A":"=","rel_V":"<","regime_key":"A=_V<","regime_label":"$\\beta_A = 1,\\ \\beta_V < 1$","regime_color":"#d62728","beta_group":"A=_V<","beta_group_label":"$\\beta_A = 1,\\ \\beta_V < 1$","beta_A_prob_gt1":0.024,"beta_A_prob_lt1":0.976,"beta_V_prob_gt1":0.0,"beta_V_prob_lt1":1.0,"n_boot_valid":250.0},"geometry":{"type":"Point","coordinates":[-5.911428977289424,54.601633103170606]}},{"type":"Feature","properties":{"fid":1669,"city":"Bobo-Dioulasso","country":"Burkina Faso","beta_A":0.3613,"beta_V":0.3477,"beta_h":-0.0136,"A_cls":0,"H_cls":2,"color":"#1f77b4","n_points":11.0,"svg_file":"1669.svg","rel_A":"<","rel_V":"<","regime_key":"A<_V<","regime_label":"$\\beta_A < 1,\\ \\beta_V < 1$","regime_color":"#1f77b4","beta_group":"A<_V<","beta_group_label":"$\\beta_A < 1,\\ \\beta_V < 1$","beta_A_prob_gt1":0.0,"beta_A_prob_lt1":1.0,"beta_V_prob_gt1":0.0,"beta_V_prob_lt1":1.0,"n_boot_valid":250.0},"geometry":{"type":"Point","coordinates":[-4.286060229297307,11.192344571835125]}},{"type":"Feature","properties":{"fid":1675,"city":"Abidjan","country":"Côte d'Ivoire","beta_A":0.3248,"beta_V":0.3228,"beta_h":-0.002,"A_cls":0,"H_cls":2,"color":"#1f77b4","n_points":11.0,"svg_file":"1675.svg","rel_A":"<","rel_V":"<","regime_key":"A<_V<","regime_label":"$\\beta_A < 1,\\ \\beta_V < 1$","regime_color":"#1f77b4","beta_group":"A<_V<","beta_group_label":"$\\beta_A < 1,\\ \\beta_V < 1$","beta_A_prob_gt1":0.0,"beta_A_prob_lt1":1.0,"beta_V_prob_gt1":0.0,"beta_V_prob_lt1":1.0,"n_boot_valid":250.0},"geometry":{"type":"Point","coordinates":[-3.966983102139062,5.381338832931839]}},{"type":"Feature","properties":{"fid":1701,"city":"Madrid","country":"Spain","beta_A":1.0931,"beta_V":0.8699,"beta_h":-0.2232,"A_cls":2,"H_cls":0,"color":"#ff7f0e","n_points":11.0,"svg_file":"1701.svg","rel_A":"=","rel_V":"=","regime_key":"A=_V=","regime_label":"$\\beta_A = 1,\\ \\beta_V = 1$","regime_color":"#ff7f0e","beta_group":"A=_V=","beta_group_label":"$\\beta_A = 1,\\ \\beta_V = 1$","beta_A_prob_gt1":0.828,"beta_A_prob_lt1":0.172,"beta_V_prob_gt1":0.112,"beta_V_prob_lt1":0.888,"n_boot_valid":250.0},"geometry":{"type":"Point","coordinates":[-3.669251712787534,40.39049495197135]}},{"type":"Feature","properties":{"fid":1741,"city":"Cardiff","country":"United Kingdom","beta_A":0.7121,"beta_V":0.5951,"beta_h":-0.117,"A_cls":1,"H_cls":1,"color":"#1f77b4","n_points":11.0,"svg_file":"1741.svg","rel_A":"<","rel_V":"<","regime_key":"A<_V<","regime_label":"$\\beta_A < 1,\\ \\beta_V < 1$","regime_color":"#1f77b4","beta_group":"A<_V<","beta_group_label":"$\\beta_A < 1,\\ \\beta_V < 1$","beta_A_prob_gt1":0.004,"beta_A_prob_lt1":0.996,"beta_V_prob_gt1":0.0,"beta_V_prob_lt1":1.0,"n_boot_valid":250.0},"geometry":{"type":"Point","coordinates":[-3.179250030437399,51.493840392062715]}},{"type":"Feature","properties":{"fid":1779,"city":"Takoradi [Sekondi-Takoradi]","country":"Ghana","beta_A":0.5668,"beta_V":0.543,"beta_h":-0.0239,"A_cls":0,"H_cls":2,"color":"#ff7f0e","n_points":11.0,"svg_file":"1779.svg","rel_A":"=","rel_V":"=","regime_key":"A=_V=","regime_label":"$\\beta_A = 1,\\ \\beta_V = 1$","regime_color":"#ff7f0e","beta_group":"A=_V=","beta_group_label":"$\\beta_A = 1,\\ \\beta_V = 1$","beta_A_prob_gt1":0.02,"beta_A_prob_lt1":0.98,"beta_V_prob_gt1":0.016,"beta_V_prob_lt1":0.984,"n_boot_valid":250.0},"geometry":{"type":"Point","coordinates":[-1.750123682983001,4.939873471017251]}},{"type":"Feature","properties":{"fid":1785,"city":"Kumasi","country":"Ghana","beta_A":0.563,"beta_V":0.5389,"beta_h":-0.0241,"A_cls":0,"H_cls":2,"color":"#1f77b4","n_points":11.0,"svg_file":"1785.svg","rel_A":"<","rel_V":"<","regime_key":"A<_V<","regime_label":"$\\beta_A < 1,\\ \\beta_V < 1$","regime_color":"#1f77b4","beta_group":"A<_V<","beta_group_label":"$\\beta_A < 1,\\ \\beta_V < 1$","beta_A_prob_gt1":0.0,"beta_A_prob_lt1":1.0,"beta_V_prob_gt1":0.0,"beta_V_prob_lt1":1.0,"n_boot_valid":250.0},"geometry":{"type":"Point","coordinates":[-1.563172671199716,6.722730151907843]}},{"type":"Feature","properties":{"fid":1799,"city":"Ouagadougou","country":"Burkina Faso","beta_A":0.3617,"beta_V":0.3373,"beta_h":-0.0244,"A_cls":0,"H_cls":2,"color":"#1f77b4","n_points":11.0,"svg_file":"1799.svg","rel_A":"<","rel_V":"<","regime_key":"A<_V<","regime_label":"$\\beta_A < 1,\\ \\beta_V < 1$","regime_color":"#1f77b4","beta_group":"A<_V<","beta_group_label":"$\\beta_A < 1,\\ \\beta_V < 1$","beta_A_prob_gt1":0.0,"beta_A_prob_lt1":1.0,"beta_V_prob_gt1":0.0,"beta_V_prob_lt1":1.0,"n_boot_valid":250.0},"geometry":{"type":"Point","coordinates":[-1.528605482650917,12.358344951153766]}},{"type":"Feature","properties":{"fid":1806,"city":"Bournemouth","country":"United Kingdom","beta_A":0.676,"beta_V":0.6018,"beta_h":-0.0741,"A_cls":1,"H_cls":1,"color":"#d62728","n_points":11.0,"svg_file":"1806.svg","rel_A":"=","rel_V":"<","regime_key":"A=_V<","regime_label":"$\\beta_A = 1,\\ \\beta_V < 1$","regime_color":"#d62728","beta_group":"A=_V<","beta_group_label":"$\\beta_A = 1,\\ \\beta_V < 1$","beta_A_prob_gt1":0.012,"beta_A_prob_lt1":0.988,"beta_V_prob_gt1":0.0,"beta_V_prob_lt1":1.0,"n_boot_valid":250.0},"geometry":{"type":"Point","coordinates":[-1.911581267800299,50.728054390348056]}},{"type":"Feature","properties":{"fid":1838,"city":"Sheffield","country":"United Kingdom","beta_A":1.5953,"beta_V":1.3799,"beta_h":-0.2154,"A_cls":2,"H_cls":0,"color":"#ff7f0e","n_points":11.0,"svg_file":"1838.svg","rel_A":"=","rel_V":"=","regime_key":"A=_V=","regime_label":"$\\beta_A = 1,\\ \\beta_V = 1$","regime_color":"#ff7f0e","beta_group":"A=_V=","beta_group_label":"$\\beta_A = 1,\\ \\beta_V = 1$","beta_A_prob_gt1":0.964,"beta_A_prob_lt1":0.036,"beta_V_prob_gt1":0.912,"beta_V_prob_lt1":0.088,"n_boot_valid":250.0},"geometry":{"type":"Point","coordinates":[-1.447363664373822,53.38784786361562]}},{"type":"Feature","properties":{"fid":1846,"city":"Murcia","country":"Spain","beta_A":1.7575,"beta_V":1.3577,"beta_h":-0.3997,"A_cls":2,"H_cls":0,"color":"#2ca02c","n_points":11.0,"svg_file":"1846.svg","rel_A":">","rel_V":">","regime_key":"A>_V>","regime_label":"$\\beta_A > 1,\\ \\beta_V > 1$","regime_color":"#2ca02c","beta_group":"A>_V>","beta_group_label":"$\\beta_A > 1,\\ \\beta_V > 1$","beta_A_prob_gt1":1.0,"beta_A_prob_lt1":0.0,"beta_V_prob_gt1":0.992,"beta_V_prob_lt1":0.008,"n_boot_valid":250.0},"geometry":{"type":"Point","coordinates":[-1.127908782132246,37.99871086313788]}},{"type":"Feature","properties":{"fid":1861,"city":"Portsmouth","country":"United Kingdom","beta_A":1.051,"beta_V":0.852,"beta_h":-0.1991,"A_cls":2,"H_cls":0,"color":"#ff7f0e","n_points":11.0,"svg_file":"1861.svg","rel_A":"=","rel_V":"=","regime_key":"A=_V=","regime_label":"$\\beta_A = 1,\\ \\beta_V = 1$","regime_color":"#ff7f0e","beta_group":"A=_V=","beta_group_label":"$\\beta_A = 1,\\ \\beta_V = 1$","beta_A_prob_gt1":0.8,"beta_A_prob_lt1":0.2,"beta_V_prob_gt1":0.02,"beta_V_prob_lt1":0.98,"n_boot_valid":250.0},"geometry":{"type":"Point","coordinates":[-1.090377589304782,50.85295655194228]}},{"type":"Feature","properties":{"fid":1864,"city":"Leicester","country":"United Kingdom","beta_A":0.8927,"beta_V":0.7436,"beta_h":-0.1491,"A_cls":1,"H_cls":0,"color":"#ff7f0e","n_points":11.0,"svg_file":"1864.svg","rel_A":"=","rel_V":"=","regime_key":"A=_V=","regime_label":"$\\beta_A = 1,\\ \\beta_V = 1$","regime_color":"#ff7f0e","beta_group":"A=_V=","beta_group_label":"$\\beta_A = 1,\\ \\beta_V = 1$","beta_A_prob_gt1":0.18,"beta_A_prob_lt1":0.82,"beta_V_prob_gt1":0.044,"beta_V_prob_lt1":0.956,"n_boot_valid":250.0},"geometry":{"type":"Point","coordinates":[-1.138191050778747,52.62469179604519]}},{"type":"Feature","properties":{"fid":1890,"city":"Oran","country":"Algeria","beta_A":1.0865,"beta_V":0.9855,"beta_h":-0.1011,"A_cls":2,"H_cls":1,"color":"#ff7f0e","n_points":11.0,"svg_file":"1890.svg","rel_A":"=","rel_V":"=","regime_key":"A=_V=","regime_label":"$\\beta_A = 1,\\ \\beta_V = 1$","regime_color":"#ff7f0e","beta_group":"A=_V=","beta_group_label":"$\\beta_A = 1,\\ \\beta_V = 1$","beta_A_prob_gt1":0.82,"beta_A_prob_lt1":0.18,"beta_V_prob_gt1":0.432,"beta_V_prob_lt1":0.568,"n_boot_valid":250.0},"geometry":{"type":"Point","coordinates":[-0.61303387141415,35.69274341779328]}},{"type":"Feature","properties":{"fid":1897,"city":"Bordeaux","country":"France","beta_A":2.3224,"beta_V":2.1221,"beta_h":-0.2004,"A_cls":2,"H_cls":0,"color":"#2ca02c","n_points":11.0,"svg_file":"1897.svg","rel_A":">","rel_V":">","regime_key":"A>_V>","regime_label":"$\\beta_A > 1,\\ \\beta_V > 1$","regime_color":"#2ca02c","beta_group":"A>_V>","beta_group_label":"$\\beta_A > 1,\\ \\beta_V > 1$","beta_A_prob_gt1":1.0,"beta_A_prob_lt1":0.0,"beta_V_prob_gt1":1.0,"beta_V_prob_lt1":0.0,"n_boot_valid":250.0},"geometry":{"type":"Point","coordinates":[-0.593336319140022,44.854938121000075]}},{"type":"Feature","properties":{"fid":1908,"city":"Alacant / Alicante","country":"Spain","beta_A":0.8477,"beta_V":0.594,"beta_h":-0.2538,"A_cls":1,"H_cls":0,"color":"#d62728","n_points":11.0,"svg_file":"1908.svg","rel_A":"=","rel_V":"<","regime_key":"A=_V<","regime_label":"$\\beta_A = 1,\\ \\beta_V < 1$","regime_color":"#d62728","beta_group":"A=_V<","beta_group_label":"$\\beta_A = 1,\\ \\beta_V < 1$","beta_A_prob_gt1":0.084,"beta_A_prob_lt1":0.916,"beta_V_prob_gt1":0.0,"beta_V_prob_lt1":1.0,"n_boot_valid":250.0},"geometry":{"type":"Point","coordinates":[-0.464229041409268,38.3752916435735]}},{"type":"Feature","properties":{"fid":1910,"city":"Accra","country":"Ghana","beta_A":0.3646,"beta_V":0.353,"beta_h":-0.0116,"A_cls":0,"H_cls":2,"color":"#1f77b4","n_points":11.0,"svg_file":"1910.svg","rel_A":"<","rel_V":"<","regime_key":"A<_V<","regime_label":"$\\beta_A < 1,\\ \\beta_V < 1$","regime_color":"#1f77b4","beta_group":"A<_V<","beta_group_label":"$\\beta_A < 1,\\ \\beta_V < 1$","beta_A_prob_gt1":0.0,"beta_A_prob_lt1":1.0,"beta_V_prob_gt1":0.0,"beta_V_prob_lt1":1.0,"n_boot_valid":250.0},"geometry":{"type":"Point","coordinates":[-0.19014052143018,5.61224501637723]}},{"type":"Feature","properties":{"fid":2017,"city":"Toulouse","country":"France","beta_A":1.0227,"beta_V":0.841,"beta_h":-0.1817,"A_cls":1,"H_cls":0,"color":"#ff7f0e","n_points":11.0,"svg_file":"2017.svg","rel_A":"=","rel_V":"=","regime_key":"A=_V=","regime_label":"$\\beta_A = 1,\\ \\beta_V = 1$","regime_color":"#ff7f0e","beta_group":"A=_V=","beta_group_label":"$\\beta_A = 1,\\ \\beta_V = 1$","beta_A_prob_gt1":0.704,"beta_A_prob_lt1":0.296,"beta_V_prob_gt1":0.02,"beta_V_prob_lt1":0.98,"n_boot_valid":250.0},"geometry":{"type":"Point","coordinates":[1.408909969256157,43.61203965299101]}},{"type":"Feature","properties":{"fid":2020,"city":"Lomé","country":"Togo","beta_A":0.6966,"beta_V":0.7295,"beta_h":0.033,"A_cls":1,"H_cls":2,"color":"#1f77b4","n_points":11.0,"svg_file":"2020.svg","rel_A":"<","rel_V":"<","regime_key":"A<_V<","regime_label":"$\\beta_A < 1,\\ \\beta_V < 1$","regime_color":"#1f77b4","beta_group":"A<_V<","beta_group_label":"$\\beta_A < 1,\\ \\beta_V < 1$","beta_A_prob_gt1":0.0,"beta_A_prob_lt1":1.0,"beta_V_prob_gt1":0.0,"beta_V_prob_lt1":1.0,"n_boot_valid":250.0},"geometry":{"type":"Point","coordinates":[1.256720785804107,6.179534826823656]}},{"type":"Feature","properties":{"fid":2046,"city":"Paris","country":"France","beta_A":0.9962,"beta_V":0.7398,"beta_h":-0.2565,"A_cls":1,"H_cls":0,"color":"#d62728","n_points":11.0,"svg_file":"2046.svg","rel_A":"=","rel_V":"<","regime_key":"A=_V<","regime_label":"$\\beta_A = 1,\\ \\beta_V < 1$","regime_color":"#d62728","beta_group":"A=_V<","beta_group_label":"$\\beta_A = 1,\\ \\beta_V < 1$","beta_A_prob_gt1":0.42,"beta_A_prob_lt1":0.58,"beta_V_prob_gt1":0.004,"beta_V_prob_lt1":0.996,"n_boot_valid":250.0},"geometry":{"type":"Point","coordinates":[2.389158878804054,48.82144777566555]}},{"type":"Feature","properties":{"fid":2051,"city":"Barcelona","country":"Spain","beta_A":0.6874,"beta_V":0.4916,"beta_h":-0.1958,"A_cls":1,"H_cls":0,"color":"#d62728","n_points":11.0,"svg_file":"2051.svg","rel_A":"=","rel_V":"<","regime_key":"A=_V<","regime_label":"$\\beta_A = 1,\\ \\beta_V < 1$","regime_color":"#d62728","beta_group":"A=_V<","beta_group_label":"$\\beta_A = 1,\\ \\beta_V < 1$","beta_A_prob_gt1":0.024,"beta_A_prob_lt1":0.976,"beta_V_prob_gt1":0.0,"beta_V_prob_lt1":1.0,"n_boot_valid":250.0},"geometry":{"type":"Point","coordinates":[2.214340746713087,41.45612709722536]}},{"type":"Feature","properties":{"fid":2067,"city":"Niamey","country":"Niger","beta_A":0.4664,"beta_V":0.4493,"beta_h":-0.0171,"A_cls":0,"H_cls":2,"color":"#1f77b4","n_points":11.0,"svg_file":"2067.svg","rel_A":"<","rel_V":"<","regime_key":"A<_V<","regime_label":"$\\beta_A < 1,\\ \\beta_V < 1$","regime_color":"#1f77b4","beta_group":"A<_V<","beta_group_label":"$\\beta_A < 1,\\ \\beta_V < 1$","beta_A_prob_gt1":0.0,"beta_A_prob_lt1":1.0,"beta_V_prob_gt1":0.0,"beta_V_prob_lt1":1.0,"n_boot_valid":250.0},"geometry":{"type":"Point","coordinates":[2.101623413287146,13.534512376089111]}},{"type":"Feature","properties":{"fid":2076,"city":"Palma de Mallorca","country":"Spain","beta_A":0.8136,"beta_V":0.6188,"beta_h":-0.1948,"A_cls":1,"H_cls":0,"color":"#d62728","n_points":11.0,"svg_file":"2076.svg","rel_A":"=","rel_V":"<","regime_key":"A=_V<","regime_label":"$\\beta_A = 1,\\ \\beta_V < 1$","regime_color":"#d62728","beta_group":"A=_V<","beta_group_label":"$\\beta_A = 1,\\ \\beta_V < 1$","beta_A_prob_gt1":0.096,"beta_A_prob_lt1":0.904,"beta_V_prob_gt1":0.004,"beta_V_prob_lt1":0.996,"n_boot_valid":250.0},"geometry":{"type":"Point","coordinates":[2.650538721602698,39.56304553530667]}},{"type":"Feature","properties":{"fid":2078,"city":"Cotonou","country":"Benin","beta_A":0.6727,"beta_V":0.6128,"beta_h":-0.0599,"A_cls":1,"H_cls":1,"color":"#1f77b4","n_points":11.0,"svg_file":"2078.svg","rel_A":"<","rel_V":"<","regime_key":"A<_V<","regime_label":"$\\beta_A < 1,\\ \\beta_V < 1$","regime_color":"#1f77b4","beta_group":"A<_V<","beta_group_label":"$\\beta_A < 1,\\ \\beta_V < 1$","beta_A_prob_gt1":0.0,"beta_A_prob_lt1":1.0,"beta_V_prob_gt1":0.0,"beta_V_prob_lt1":1.0,"n_boot_valid":250.0},"geometry":{"type":"Point","coordinates":[2.318867562419607,6.430836319513279]}},{"type":"Feature","properties":{"fid":2095,"city":"Algiers","country":"Algeria","beta_A":1.166,"beta_V":1.0753,"beta_h":-0.0906,"A_cls":2,"H_cls":1,"color":"#9467bd","n_points":11.0,"svg_file":"2095.svg","rel_A":">","rel_V":"=","regime_key":"A>_V=","regime_label":"$\\beta_A > 1,\\ \\beta_V = 1$","regime_color":"#9467bd","beta_group":"A>_V=","beta_group_label":"$\\beta_A > 1,\\ \\beta_V = 1$","beta_A_prob_gt1":0.996,"beta_A_prob_lt1":0.004,"beta_V_prob_gt1":0.96,"beta_V_prob_lt1":0.04,"n_boot_valid":250.0},"geometry":{"type":"Point","coordinates":[3.101584809133828,36.710489172975905]}},{"type":"Feature","properties":{"fid":2112,"city":"Ghent","country":"Belgium","beta_A":1.3705,"beta_V":1.0341,"beta_h":-0.3363,"A_cls":2,"H_cls":0,"color":"#9467bd","n_points":11.0,"svg_file":"2112.svg","rel_A":">","rel_V":"=","regime_key":"A>_V=","regime_label":"$\\beta_A > 1,\\ \\beta_V = 1$","regime_color":"#9467bd","beta_group":"A>_V=","beta_group_label":"$\\beta_A > 1,\\ \\beta_V = 1$","beta_A_prob_gt1":0.992,"beta_A_prob_lt1":0.008,"beta_V_prob_gt1":0.68,"beta_V_prob_lt1":0.32,"n_boot_valid":250.0},"geometry":{"type":"Point","coordinates":[3.749768547210746,51.11276943171095]}},{"type":"Feature","properties":{"fid":2125,"city":"Lagos","country":"Nigeria","beta_A":0.4085,"beta_V":0.3681,"beta_h":-0.0404,"A_cls":0,"H_cls":2,"color":"#1f77b4","n_points":11.0,"svg_file":"2125.svg","rel_A":"<","rel_V":"<","regime_key":"A<_V<","regime_label":"$\\beta_A < 1,\\ \\beta_V < 1$","regime_color":"#1f77b4","beta_group":"A<_V<","beta_group_label":"$\\beta_A < 1,\\ \\beta_V < 1$","beta_A_prob_gt1":0.0,"beta_A_prob_lt1":1.0,"beta_V_prob_gt1":0.0,"beta_V_prob_lt1":1.0,"n_boot_valid":250.0},"geometry":{"type":"Point","coordinates":[3.301296412618454,6.625424894919495]}},{"type":"Feature","properties":{"fid":2133,"city":"Antwerp","country":"Belgium","beta_A":1.7733,"beta_V":1.3787,"beta_h":-0.3946,"A_cls":2,"H_cls":0,"color":"#9467bd","n_points":11.0,"svg_file":"2133.svg","rel_A":">","rel_V":"=","regime_key":"A>_V=","regime_label":"$\\beta_A > 1,\\ \\beta_V = 1$","regime_color":"#9467bd","beta_group":"A>_V=","beta_group_label":"$\\beta_A > 1,\\ \\beta_V = 1$","beta_A_prob_gt1":1.0,"beta_A_prob_lt1":0.0,"beta_V_prob_gt1":0.988,"beta_V_prob_lt1":0.012,"n_boot_valid":250.0},"geometry":{"type":"Point","coordinates":[4.422527442507022,51.204313971382575]}},{"type":"Feature","properties":{"fid":2135,"city":"Brussels","country":"Belgium","beta_A":0.7774,"beta_V":0.5768,"beta_h":-0.2006,"A_cls":1,"H_cls":0,"color":"#d62728","n_points":11.0,"svg_file":"2135.svg","rel_A":"=","rel_V":"<","regime_key":"A=_V<","regime_label":"$\\beta_A = 1,\\ \\beta_V < 1$","regime_color":"#d62728","beta_group":"A=_V<","beta_group_label":"$\\beta_A = 1,\\ \\beta_V < 1$","beta_A_prob_gt1":0.024,"beta_A_prob_lt1":0.976,"beta_V_prob_gt1":0.0,"beta_V_prob_lt1":1.0,"n_boot_valid":250.0},"geometry":{"type":"Point","coordinates":[4.381171233390395,50.848151259054205]}},{"type":"Feature","properties":{"fid":2139,"city":"Abeokuta","country":"Nigeria","beta_A":0.8495,"beta_V":0.7882,"beta_h":-0.0613,"A_cls":1,"H_cls":1,"color":"#d62728","n_points":11.0,"svg_file":"2139.svg","rel_A":"=","rel_V":"<","regime_key":"A=_V<","regime_label":"$\\beta_A = 1,\\ \\beta_V < 1$","regime_color":"#d62728","beta_group":"A=_V<","beta_group_label":"$\\beta_A = 1,\\ \\beta_V < 1$","beta_A_prob_gt1":0.016,"beta_A_prob_lt1":0.984,"beta_V_prob_gt1":0.0,"beta_V_prob_lt1":1.0,"n_boot_valid":250.0},"geometry":{"type":"Point","coordinates":[3.338726046349478,7.168809706330549]}},{"type":"Feature","properties":{"fid":2165,"city":"Ikorodu","country":"Nigeria","beta_A":1.1223,"beta_V":1.0899,"beta_h":-0.0324,"A_cls":2,"H_cls":2,"color":"#ff7f0e","n_points":11.0,"svg_file":"2165.svg","rel_A":"=","rel_V":"=","regime_key":"A=_V=","regime_label":"$\\beta_A = 1,\\ \\beta_V = 1$","regime_color":"#ff7f0e","beta_group":"A=_V=","beta_group_label":"$\\beta_A = 1,\\ \\beta_V = 1$","beta_A_prob_gt1":0.828,"beta_A_prob_lt1":0.172,"beta_V_prob_gt1":0.768,"beta_V_prob_lt1":0.232,"n_boot_valid":250.0},"geometry":{"type":"Point","coordinates":[3.516778661787361,6.641641924403512]}},{"type":"Feature","properties":{"fid":2181,"city":"Utrecht","country":"Netherlands","beta_A":1.1016,"beta_V":0.99,"beta_h":-0.1115,"A_cls":2,"H_cls":1,"color":"#ff7f0e","n_points":11.0,"svg_file":"2181.svg","rel_A":"=","rel_V":"=","regime_key":"A=_V=","regime_label":"$\\beta_A = 1,\\ \\beta_V = 1$","regime_color":"#ff7f0e","beta_group":"A=_V=","beta_group_label":"$\\beta_A = 1,\\ \\beta_V = 1$","beta_A_prob_gt1":0.928,"beta_A_prob_lt1":0.072,"beta_V_prob_gt1":0.448,"beta_V_prob_lt1":0.552,"n_boot_valid":250.0},"geometry":{"type":"Point","coordinates":[5.098283837913923,52.070083567359674]}},{"type":"Feature","properties":{"fid":2186,"city":"Lyon","country":"France","beta_A":1.1124,"beta_V":0.8413,"beta_h":-0.2711,"A_cls":2,"H_cls":0,"color":"#ff7f0e","n_points":11.0,"svg_file":"2186.svg","rel_A":"=","rel_V":"=","regime_key":"A=_V=","regime_label":"$\\beta_A = 1,\\ \\beta_V = 1$","regime_color":"#ff7f0e","beta_group":"A=_V=","beta_group_label":"$\\beta_A = 1,\\ \\beta_V = 1$","beta_A_prob_gt1":0.9,"beta_A_prob_lt1":0.1,"beta_V_prob_gt1":0.068,"beta_V_prob_lt1":0.932,"n_boot_valid":250.0},"geometry":{"type":"Point","coordinates":[4.825268665989052,45.750829437620546]}},{"type":"Feature","properties":{"fid":2189,"city":"Ibadan","country":"Nigeria","beta_A":0.5271,"beta_V":0.5062,"beta_h":-0.0209,"A_cls":0,"H_cls":2,"color":"#1f77b4","n_points":11.0,"svg_file":"2189.svg","rel_A":"<","rel_V":"<","regime_key":"A<_V<","regime_label":"$\\beta_A < 1,\\ \\beta_V < 1$","regime_color":"#1f77b4","beta_group":"A<_V<","beta_group_label":"$\\beta_A < 1,\\ \\beta_V < 1$","beta_A_prob_gt1":0.0,"beta_A_prob_lt1":1.0,"beta_V_prob_gt1":0.0,"beta_V_prob_lt1":1.0,"n_boot_valid":250.0},"geometry":{"type":"Point","coordinates":[3.921494149063628,7.400025238434691]}},{"type":"Feature","properties":{"fid":2240,"city":"Ilorin","country":"Nigeria","beta_A":0.7799,"beta_V":0.7755,"beta_h":-0.0044,"A_cls":1,"H_cls":2,"color":"#1f77b4","n_points":11.0,"svg_file":"2240.svg","rel_A":"<","rel_V":"<","regime_key":"A<_V<","regime_label":"$\\beta_A < 1,\\ \\beta_V < 1$","regime_color":"#1f77b4","beta_group":"A<_V<","beta_group_label":"$\\beta_A < 1,\\ \\beta_V < 1$","beta_A_prob_gt1":0.004,"beta_A_prob_lt1":0.996,"beta_V_prob_gt1":0.004,"beta_V_prob_lt1":0.996,"n_boot_valid":250.0},"geometry":{"type":"Point","coordinates":[4.565820328673052,8.487790154651268]}},{"type":"Feature","properties":{"fid":2275,"city":"Geneva","country":"Switzerland","beta_A":0.6692,"beta_V":0.5107,"beta_h":-0.1585,"A_cls":1,"H_cls":0,"color":"#1f77b4","n_points":11.0,"svg_file":"2275.svg","rel_A":"<","rel_V":"<","regime_key":"A<_V<","regime_label":"$\\beta_A < 1,\\ \\beta_V < 1$","regime_color":"#1f77b4","beta_group":"A<_V<","beta_group_label":"$\\beta_A < 1,\\ \\beta_V < 1$","beta_A_prob_gt1":0.0,"beta_A_prob_lt1":1.0,"beta_V_prob_gt1":0.0,"beta_V_prob_lt1":1.0,"n_boot_valid":250.0},"geometry":{"type":"Point","coordinates":[6.124626568702078,46.214714814579075]}},{"type":"Feature","properties":{"fid":2312,"city":"Akure","country":"Nigeria","beta_A":1.1391,"beta_V":1.203,"beta_h":0.0639,"A_cls":2,"H_cls":2,"color":"#ff7f0e","n_points":11.0,"svg_file":"2312.svg","rel_A":"=","rel_V":"=","regime_key":"A=_V=","regime_label":"$\\beta_A = 1,\\ \\beta_V = 1$","regime_color":"#ff7f0e","beta_group":"A=_V=","beta_group_label":"$\\beta_A = 1,\\ \\beta_V = 1$","beta_A_prob_gt1":0.936,"beta_A_prob_lt1":0.064,"beta_V_prob_gt1":0.98,"beta_V_prob_lt1":0.02,"n_boot_valid":250.0},"geometry":{"type":"Point","coordinates":[5.199103801449048,7.241820189578606]}},{"type":"Feature","properties":{"fid":2354,"city":"Benin City","country":"Nigeria","beta_A":0.5685,"beta_V":0.5594,"beta_h":-0.0091,"A_cls":0,"H_cls":2,"color":"#d62728","n_points":11.0,"svg_file":"2354.svg","rel_A":"=","rel_V":"<","regime_key":"A=_V<","regime_label":"$\\beta_A = 1,\\ \\beta_V < 1$","regime_color":"#d62728","beta_group":"A=_V<","beta_group_label":"$\\beta_A = 1,\\ \\beta_V < 1$","beta_A_prob_gt1":0.012,"beta_A_prob_lt1":0.988,"beta_V_prob_gt1":0.008,"beta_V_prob_lt1":0.992,"n_boot_valid":250.0},"geometry":{"type":"Point","coordinates":[5.638936696714119,6.361926483034445]}},{"type":"Feature","properties":{"fid":2363,"city":"Warri","country":"Nigeria","beta_A":0.362,"beta_V":0.3322,"beta_h":-0.0297,"A_cls":0,"H_cls":2,"color":"#1f77b4","n_points":11.0,"svg_file":"2363.svg","rel_A":"<","rel_V":"<","regime_key":"A<_V<","regime_label":"$\\beta_A < 1,\\ \\beta_V < 1$","regime_color":"#1f77b4","beta_group":"A<_V<","beta_group_label":"$\\beta_A < 1,\\ \\beta_V < 1$","beta_A_prob_gt1":0.0,"beta_A_prob_lt1":1.0,"beta_V_prob_gt1":0.0,"beta_V_prob_lt1":1.0,"n_boot_valid":250.0},"geometry":{"type":"Point","coordinates":[5.753957972522471,5.563630314623785]}},{"type":"Feature","properties":{"fid":2484,"city":"Onitsha","country":"Nigeria","beta_A":0.3694,"beta_V":0.3187,"beta_h":-0.0507,"A_cls":0,"H_cls":1,"color":"#1f77b4","n_points":11.0,"svg_file":"2484.svg","rel_A":"<","rel_V":"<","regime_key":"A<_V<","regime_label":"$\\beta_A < 1,\\ \\beta_V < 1$","regime_color":"#1f77b4","beta_group":"A<_V<","beta_group_label":"$\\beta_A < 1,\\ \\beta_V < 1$","beta_A_prob_gt1":0.0,"beta_A_prob_lt1":1.0,"beta_V_prob_gt1":0.0,"beta_V_prob_lt1":1.0,"n_boot_valid":250.0},"geometry":{"type":"Point","coordinates":[6.938785860669531,6.090374410451195]}},{"type":"Feature","properties":{"fid":2491,"city":"Amaigbo","country":"Nigeria","beta_A":0.8261,"beta_V":0.7237,"beta_h":-0.1024,"A_cls":1,"H_cls":1,"color":"#ff7f0e","n_points":11.0,"svg_file":"2491.svg","rel_A":"=","rel_V":"=","regime_key":"A=_V=","regime_label":"$\\beta_A = 1,\\ \\beta_V = 1$","regime_color":"#ff7f0e","beta_group":"A=_V=","beta_group_label":"$\\beta_A = 1,\\ \\beta_V = 1$","beta_A_prob_gt1":0.08,"beta_A_prob_lt1":0.92,"beta_V_prob_gt1":0.024,"beta_V_prob_lt1":0.976,"n_boot_valid":250.0},"geometry":{"type":"Point","coordinates":[7.016591310149933,5.798615873876313]}},{"type":"Feature","properties":{"fid":2493,"city":"Oslo","country":"Norway","beta_A":1.2336,"beta_V":1.0916,"beta_h":-0.142,"A_cls":2,"H_cls":0,"color":"#ff7f0e","n_points":11.0,"svg_file":"2493.svg","rel_A":"=","rel_V":"=","regime_key":"A=_V=","regime_label":"$\\beta_A = 1,\\ \\beta_V = 1$","regime_color":"#ff7f0e","beta_group":"A=_V=","beta_group_label":"$\\beta_A = 1,\\ \\beta_V = 1$","beta_A_prob_gt1":0.952,"beta_A_prob_lt1":0.048,"beta_V_prob_gt1":0.788,"beta_V_prob_lt1":0.212,"n_boot_valid":250.0},"geometry":{"type":"Point","coordinates":[10.799421562901175,59.88222360457113]}},{"type":"Feature","properties":{"fid":2511,"city":"Port Harcourt","country":"Nigeria","beta_A":0.3106,"beta_V":0.296,"beta_h":-0.0145,"A_cls":0,"H_cls":2,"color":"#1f77b4","n_points":11.0,"svg_file":"2511.svg","rel_A":"<","rel_V":"<","regime_key":"A<_V<","regime_label":"$\\beta_A < 1,\\ \\beta_V < 1$","regime_color":"#1f77b4","beta_group":"A<_V<","beta_group_label":"$\\beta_A < 1,\\ \\beta_V < 1$","beta_A_prob_gt1":0.0,"beta_A_prob_lt1":1.0,"beta_V_prob_gt1":0.0,"beta_V_prob_lt1":1.0,"n_boot_valid":250.0},"geometry":{"type":"Point","coordinates":[7.014660861217415,4.810290808667374]}},{"type":"Feature","properties":{"fid":2557,"city":"Oboama Nguru","country":"Nigeria","beta_A":1.0565,"beta_V":0.925,"beta_h":-0.1315,"A_cls":2,"H_cls":0,"color":"#ff7f0e","n_points":11.0,"svg_file":"2557.svg","rel_A":"=","rel_V":"=","regime_key":"A=_V=","regime_label":"$\\beta_A = 1,\\ \\beta_V = 1$","regime_color":"#ff7f0e","beta_group":"A=_V=","beta_group_label":"$\\beta_A = 1,\\ \\beta_V = 1$","beta_A_prob_gt1":0.616,"beta_A_prob_lt1":0.384,"beta_V_prob_gt1":0.26,"beta_V_prob_lt1":0.74,"n_boot_valid":250.0},"geometry":{"type":"Point","coordinates":[7.295204331157327,5.587937472297832]}},{"type":"Feature","properties":{"fid":2565,"city":"Abuja","country":"Nigeria","beta_A":0.6522,"beta_V":0.6138,"beta_h":-0.0384,"A_cls":1,"H_cls":2,"color":"#1f77b4","n_points":11.0,"svg_file":"2565.svg","rel_A":"<","rel_V":"<","regime_key":"A<_V<","regime_label":"$\\beta_A < 1,\\ \\beta_V < 1$","regime_color":"#1f77b4","beta_group":"A<_V<","beta_group_label":"$\\beta_A < 1,\\ \\beta_V < 1$","beta_A_prob_gt1":0.0,"beta_A_prob_lt1":1.0,"beta_V_prob_gt1":0.0,"beta_V_prob_lt1":1.0,"n_boot_valid":250.0},"geometry":{"type":"Point","coordinates":[7.436058393975776,9.06867521253014]}},{"type":"Feature","properties":{"fid":2570,"city":"Kaduna","country":"Nigeria","beta_A":0.8169,"beta_V":0.8203,"beta_h":0.0034,"A_cls":1,"H_cls":2,"color":"#ff7f0e","n_points":11.0,"svg_file":"2570.svg","rel_A":"=","rel_V":"=","regime_key":"A=_V=","regime_label":"$\\beta_A = 1,\\ \\beta_V = 1$","regime_color":"#ff7f0e","beta_group":"A=_V=","beta_group_label":"$\\beta_A = 1,\\ \\beta_V = 1$","beta_A_prob_gt1":0.088,"beta_A_prob_lt1":0.912,"beta_V_prob_gt1":0.088,"beta_V_prob_lt1":0.912,"n_boot_valid":250.0},"geometry":{"type":"Point","coordinates":[7.420697134120726,10.508269900716]}},{"type":"Feature","properties":{"fid":2593,"city":"Enugu","country":"Nigeria","beta_A":0.8311,"beta_V":0.7636,"beta_h":-0.0675,"A_cls":1,"H_cls":1,"color":"#1f77b4","n_points":11.0,"svg_file":"2593.svg","rel_A":"<","rel_V":"<","regime_key":"A<_V<","regime_label":"$\\beta_A < 1,\\ \\beta_V < 1$","regime_color":"#1f77b4","beta_group":"A<_V<","beta_group_label":"$\\beta_A < 1,\\ \\beta_V < 1$","beta_A_prob_gt1":0.0,"beta_A_prob_lt1":1.0,"beta_V_prob_gt1":0.0,"beta_V_prob_lt1":1.0,"n_boot_valid":250.0},"geometry":{"type":"Point","coordinates":[7.5076694703209,6.447050932733775]}},{"type":"Feature","properties":{"fid":2631,"city":"Bergamo","country":"Italy","beta_A":0.8667,"beta_V":0.6828,"beta_h":-0.1839,"A_cls":1,"H_cls":0,"color":"#d62728","n_points":11.0,"svg_file":"2631.svg","rel_A":"=","rel_V":"<","regime_key":"A=_V<","regime_label":"$\\beta_A = 1,\\ \\beta_V < 1$","regime_color":"#d62728","beta_group":"A=_V<","beta_group_label":"$\\beta_A = 1,\\ \\beta_V < 1$","beta_A_prob_gt1":0.1,"beta_A_prob_lt1":0.9,"beta_V_prob_gt1":0.004,"beta_V_prob_lt1":0.996,"n_boot_valid":250.0},"geometry":{"type":"Point","coordinates":[9.64973987560006,45.68600012298738]}},{"type":"Feature","properties":{"fid":2717,"city":"Kano","country":"Nigeria","beta_A":0.6013,"beta_V":0.5681,"beta_h":-0.0332,"A_cls":0,"H_cls":2,"color":"#1f77b4","n_points":11.0,"svg_file":"2717.svg","rel_A":"<","rel_V":"<","regime_key":"A<_V<","regime_label":"$\\beta_A < 1,\\ \\beta_V < 1$","regime_color":"#1f77b4","beta_group":"A<_V<","beta_group_label":"$\\beta_A < 1,\\ \\beta_V < 1$","beta_A_prob_gt1":0.0,"beta_A_prob_lt1":1.0,"beta_V_prob_gt1":0.0,"beta_V_prob_lt1":1.0,"n_boot_valid":250.0},"geometry":{"type":"Point","coordinates":[8.521132242328424,11.970826216676784]}},{"type":"Feature","properties":{"fid":2734,"city":"Augsburg","country":"Germany","beta_A":0.9679,"beta_V":0.8227,"beta_h":-0.1452,"A_cls":1,"H_cls":0,"color":"#d62728","n_points":11.0,"svg_file":"2734.svg","rel_A":"=","rel_V":"<","regime_key":"A=_V<","regime_label":"$\\beta_A = 1,\\ \\beta_V < 1$","regime_color":"#d62728","beta_group":"A=_V<","beta_group_label":"$\\beta_A = 1,\\ \\beta_V < 1$","beta_A_prob_gt1":0.168,"beta_A_prob_lt1":0.832,"beta_V_prob_gt1":0.0,"beta_V_prob_lt1":1.0,"n_boot_valid":250.0},"geometry":{"type":"Point","coordinates":[10.89789753596175,48.353741805886514]}},{"type":"Feature","properties":{"fid":2765,"city":"Jos","country":"Nigeria","beta_A":0.8762,"beta_V":0.8594,"beta_h":-0.0168,"A_cls":1,"H_cls":2,"color":"#ff7f0e","n_points":11.0,"svg_file":"2765.svg","rel_A":"=","rel_V":"=","regime_key":"A=_V=","regime_label":"$\\beta_A = 1,\\ \\beta_V = 1$","regime_color":"#ff7f0e","beta_group":"A=_V=","beta_group_label":"$\\beta_A = 1,\\ \\beta_V = 1$","beta_A_prob_gt1":0.064,"beta_A_prob_lt1":0.936,"beta_V_prob_gt1":0.064,"beta_V_prob_lt1":0.936,"n_boot_valid":250.0},"geometry":{"type":"Point","coordinates":[8.871538182206056,9.861376234470757]}},{"type":"Feature","properties":{"fid":2767,"city":"Tunis","country":"Tunisia","beta_A":0.6658,"beta_V":0.6463,"beta_h":-0.0195,"A_cls":1,"H_cls":2,"color":"#1f77b4","n_points":11.0,"svg_file":"2767.svg","rel_A":"<","rel_V":"<","regime_key":"A<_V<","regime_label":"$\\beta_A < 1,\\ \\beta_V < 1$","regime_color":"#1f77b4","beta_group":"A<_V<","beta_group_label":"$\\beta_A < 1,\\ \\beta_V < 1$","beta_A_prob_gt1":0.004,"beta_A_prob_lt1":0.996,"beta_V_prob_gt1":0.004,"beta_V_prob_lt1":0.996,"n_boot_valid":250.0},"geometry":{"type":"Point","coordinates":[10.12604468262035,36.816059803221926]}},{"type":"Feature","properties":{"fid":2816,"city":"Sousse","country":"Tunisia","beta_A":0.5671,"beta_V":0.5438,"beta_h":-0.0233,"A_cls":0,"H_cls":2,"color":"#1f77b4","n_points":11.0,"svg_file":"2816.svg","rel_A":"<","rel_V":"<","regime_key":"A<_V<","regime_label":"$\\beta_A < 1,\\ \\beta_V < 1$","regime_color":"#1f77b4","beta_group":"A<_V<","beta_group_label":"$\\beta_A < 1,\\ \\beta_V < 1$","beta_A_prob_gt1":0.0,"beta_A_prob_lt1":1.0,"beta_V_prob_gt1":0.0,"beta_V_prob_lt1":1.0,"n_boot_valid":250.0},"geometry":{"type":"Point","coordinates":[10.59855259009936,35.841586371447704]}},{"type":"Feature","properties":{"fid":2834,"city":"Libreville","country":"Gabon","beta_A":0.1314,"beta_V":0.1144,"beta_h":-0.017,"A_cls":0,"H_cls":2,"color":"#1f77b4","n_points":11.0,"svg_file":"2834.svg","rel_A":"<","rel_V":"<","regime_key":"A<_V<","regime_label":"$\\beta_A < 1,\\ \\beta_V < 1$","regime_color":"#1f77b4","beta_group":"A<_V<","beta_group_label":"$\\beta_A < 1,\\ \\beta_V < 1$","beta_A_prob_gt1":0.0,"beta_A_prob_lt1":1.0,"beta_V_prob_gt1":0.0,"beta_V_prob_lt1":1.0,"n_boot_valid":250.0},"geometry":{"type":"Point","coordinates":[9.469041919956947,0.388209738953255]}},{"type":"Feature","properties":{"fid":2837,"city":"Sfax","country":"Tunisia","beta_A":0.4342,"beta_V":0.3936,"beta_h":-0.0406,"A_cls":0,"H_cls":2,"color":"#1f77b4","n_points":11.0,"svg_file":"2837.svg","rel_A":"<","rel_V":"<","regime_key":"A<_V<","regime_label":"$\\beta_A < 1,\\ \\beta_V < 1$","regime_color":"#1f77b4","beta_group":"A<_V<","beta_group_label":"$\\beta_A < 1,\\ \\beta_V < 1$","beta_A_prob_gt1":0.0,"beta_A_prob_lt1":1.0,"beta_V_prob_gt1":0.0,"beta_V_prob_lt1":1.0,"n_boot_valid":250.0},"geometry":{"type":"Point","coordinates":[10.735147830298338,34.74956281362553]}},{"type":"Feature","properties":{"fid":2850,"city":"Douala","country":"Cameroon","beta_A":0.2372,"beta_V":0.2339,"beta_h":-0.0034,"A_cls":0,"H_cls":2,"color":"#1f77b4","n_points":11.0,"svg_file":"2850.svg","rel_A":"<","rel_V":"<","regime_key":"A<_V<","regime_label":"$\\beta_A < 1,\\ \\beta_V < 1$","regime_color":"#1f77b4","beta_group":"A<_V<","beta_group_label":"$\\beta_A < 1,\\ \\beta_V < 1$","beta_A_prob_gt1":0.0,"beta_A_prob_lt1":1.0,"beta_V_prob_gt1":0.0,"beta_V_prob_lt1":1.0,"n_boot_valid":250.0},"geometry":{"type":"Point","coordinates":[9.733317658233057,4.045127342045726]}},{"type":"Feature","properties":{"fid":2961,"city":"Yaounde","country":"Cameroon","beta_A":0.326,"beta_V":0.3073,"beta_h":-0.0186,"A_cls":0,"H_cls":2,"color":"#1f77b4","n_points":11.0,"svg_file":"2961.svg","rel_A":"<","rel_V":"<","regime_key":"A<_V<","regime_label":"$\\beta_A < 1,\\ \\beta_V < 1$","regime_color":"#1f77b4","beta_group":"A<_V<","beta_group_label":"$\\beta_A < 1,\\ \\beta_V < 1$","beta_A_prob_gt1":0.0,"beta_A_prob_lt1":1.0,"beta_V_prob_gt1":0.0,"beta_V_prob_lt1":1.0,"n_boot_valid":250.0},"geometry":{"type":"Point","coordinates":[11.520325272531343,3.838704532801993]}},{"type":"Feature","properties":{"fid":2971,"city":"Tripoli","country":"Libya","beta_A":1.0496,"beta_V":0.8741,"beta_h":-0.1755,"A_cls":2,"H_cls":0,"color":"#ff7f0e","n_points":11.0,"svg_file":"2971.svg","rel_A":"=","rel_V":"=","regime_key":"A=_V=","regime_label":"$\\beta_A = 1,\\ \\beta_V = 1$","regime_color":"#ff7f0e","beta_group":"A=_V=","beta_group_label":"$\\beta_A = 1,\\ \\beta_V = 1$","beta_A_prob_gt1":0.852,"beta_A_prob_lt1":0.148,"beta_V_prob_gt1":0.048,"beta_V_prob_lt1":0.952,"n_boot_valid":250.0},"geometry":{"type":"Point","coordinates":[13.204568129856117,32.8405818466274]}},{"type":"Feature","properties":{"fid":3044,"city":"Maiduguri","country":"Nigeria","beta_A":0.8436,"beta_V":0.8731,"beta_h":0.0295,"A_cls":1,"H_cls":2,"color":"#e377c2","n_points":11.0,"svg_file":"3044.svg","rel_A":"<","rel_V":"=","regime_key":"A<_V=","regime_label":"$\\beta_A < 1,\\ \\beta_V = 1$","regime_color":"#e377c2","beta_group":"A<_V=","beta_group_label":"$\\beta_A < 1,\\ \\beta_V = 1$","beta_A_prob_gt1":0.0,"beta_A_prob_lt1":1.0,"beta_V_prob_gt1":0.012,"beta_V_prob_lt1":0.988,"n_boot_valid":250.0},"geometry":{"type":"Point","coordinates":[13.134203988675111,11.836264345901764]}},{"type":"Feature","properties":{"fid":3050,"city":"Luanda","country":"Angola","beta_A":0.0662,"beta_V":0.0607,"beta_h":-0.0055,"A_cls":0,"H_cls":2,"color":"#1f77b4","n_points":11.0,"svg_file":"3050.svg","rel_A":"<","rel_V":"<","regime_key":"A<_V<","regime_label":"$\\beta_A < 1,\\ \\beta_V < 1$","regime_color":"#1f77b4","beta_group":"A<_V<","beta_group_label":"$\\beta_A < 1,\\ \\beta_V < 1$","beta_A_prob_gt1":0.0,"beta_A_prob_lt1":1.0,"beta_V_prob_gt1":0.0,"beta_V_prob_lt1":1.0,"n_boot_valid":250.0},"geometry":{"type":"Point","coordinates":[13.295110882988867,-8.922405674040304]}},{"type":"Feature","properties":{"fid":3186,"city":"N'Djamena","country":"Chad","beta_A":0.3262,"beta_V":0.314,"beta_h":-0.0122,"A_cls":0,"H_cls":2,"color":"#1f77b4","n_points":11.0,"svg_file":"3186.svg","rel_A":"<","rel_V":"<","regime_key":"A<_V<","regime_label":"$\\beta_A < 1,\\ \\beta_V < 1$","regime_color":"#1f77b4","beta_group":"A<_V<","beta_group_label":"$\\beta_A < 1,\\ \\beta_V < 1$","beta_A_prob_gt1":0.0,"beta_A_prob_lt1":1.0,"beta_V_prob_gt1":0.0,"beta_V_prob_lt1":1.0,"n_boot_valid":250.0},"geometry":{"type":"Point","coordinates":[15.050094759219517,12.12580786902251]}},{"type":"Feature","properties":{"fid":3209,"city":"Kinshasa","country":"Democratic Republic of the Congo","beta_A":0.0757,"beta_V":0.0734,"beta_h":-0.0023,"A_cls":0,"H_cls":2,"color":"#1f77b4","n_points":11.0,"svg_file":"3209.svg","rel_A":"<","rel_V":"<","regime_key":"A<_V<","regime_label":"$\\beta_A < 1,\\ \\beta_V < 1$","regime_color":"#1f77b4","beta_group":"A<_V<","beta_group_label":"$\\beta_A < 1,\\ \\beta_V < 1$","beta_A_prob_gt1":0.0,"beta_A_prob_lt1":1.0,"beta_V_prob_gt1":0.0,"beta_V_prob_lt1":1.0,"n_boot_valid":250.0},"geometry":{"type":"Point","coordinates":[15.328717159757433,-4.393259503896335]}},{"type":"Feature","properties":{"fid":3211,"city":"Brazzaville","country":"Republic of Congo","beta_A":0.1211,"beta_V":0.1178,"beta_h":-0.0033,"A_cls":0,"H_cls":2,"color":"#1f77b4","n_points":11.0,"svg_file":"3211.svg","rel_A":"<","rel_V":"<","regime_key":"A<_V<","regime_label":"$\\beta_A < 1,\\ \\beta_V < 1$","regime_color":"#1f77b4","beta_group":"A<_V<","beta_group_label":"$\\beta_A < 1,\\ \\beta_V < 1$","beta_A_prob_gt1":0.0,"beta_A_prob_lt1":1.0,"beta_V_prob_gt1":0.0,"beta_V_prob_lt1":1.0,"n_boot_valid":250.0},"geometry":{"type":"Point","coordinates":[15.281726272621976,-4.231330125441127]}},{"type":"Feature","properties":{"fid":3244,"city":"Helsinki","country":"Finland","beta_A":1.1734,"beta_V":0.9722,"beta_h":-0.2011,"A_cls":2,"H_cls":0,"color":"#ff7f0e","n_points":11.0,"svg_file":"3244.svg","rel_A":"=","rel_V":"=","regime_key":"A=_V=","regime_label":"$\\beta_A = 1,\\ \\beta_V = 1$","regime_color":"#ff7f0e","beta_group":"A=_V=","beta_group_label":"$\\beta_A = 1,\\ \\beta_V = 1$","beta_A_prob_gt1":0.976,"beta_A_prob_lt1":0.024,"beta_V_prob_gt1":0.464,"beta_V_prob_lt1":0.536,"n_boot_valid":250.0},"geometry":{"type":"Point","coordinates":[24.931253476796392,60.23835229218266]}},{"type":"Feature","properties":{"fid":3268,"city":"Cape Town","country":"South Africa","beta_A":0.4005,"beta_V":0.3711,"beta_h":-0.0294,"A_cls":0,"H_cls":2,"color":"#1f77b4","n_points":11.0,"svg_file":"3268.svg","rel_A":"<","rel_V":"<","regime_key":"A<_V<","regime_label":"$\\beta_A < 1,\\ \\beta_V < 1$","regime_color":"#1f77b4","beta_group":"A<_V<","beta_group_label":"$\\beta_A < 1,\\ \\beta_V < 1$","beta_A_prob_gt1":0.0,"beta_A_prob_lt1":1.0,"beta_V_prob_gt1":0.0,"beta_V_prob_lt1":1.0,"n_boot_valid":250.0},"geometry":{"type":"Point","coordinates":[18.58182732294309,-33.95364691325381]}},{"type":"Feature","properties":{"fid":3274,"city":"Tirana","country":"Albania","beta_A":0.9854,"beta_V":0.9083,"beta_h":-0.0771,"A_cls":1,"H_cls":1,"color":"#ff7f0e","n_points":11.0,"svg_file":"3274.svg","rel_A":"=","rel_V":"=","regime_key":"A=_V=","regime_label":"$\\beta_A = 1,\\ \\beta_V = 1$","regime_color":"#ff7f0e","beta_group":"A=_V=","beta_group_label":"$\\beta_A = 1,\\ \\beta_V = 1$","beta_A_prob_gt1":0.432,"beta_A_prob_lt1":0.568,"beta_V_prob_gt1":0.128,"beta_V_prob_lt1":0.872,"n_boot_valid":250.0},"geometry":{"type":"Point","coordinates":[19.806932925761885,41.34792069265127]}},{"type":"Feature","properties":{"fid":3349,"city":"Benghazi","country":"Libya","beta_A":0.7493,"beta_V":0.6261,"beta_h":-0.1231,"A_cls":1,"H_cls":0,"color":"#1f77b4","n_points":11.0,"svg_file":"3349.svg","rel_A":"<","rel_V":"<","regime_key":"A<_V<","regime_label":"$\\beta_A < 1,\\ \\beta_V < 1$","regime_color":"#1f77b4","beta_group":"A<_V<","beta_group_label":"$\\beta_A < 1,\\ \\beta_V < 1$","beta_A_prob_gt1":0.008,"beta_A_prob_lt1":0.992,"beta_V_prob_gt1":0.0,"beta_V_prob_lt1":1.0,"n_boot_valid":250.0},"geometry":{"type":"Point","coordinates":[20.118992745627818,32.08998134087331]}},{"type":"Feature","properties":{"fid":3363,"city":"Bangui","country":"Central African Republic","beta_A":0.4014,"beta_V":0.3868,"beta_h":-0.0146,"A_cls":0,"H_cls":2,"color":"#1f77b4","n_points":11.0,"svg_file":"3363.svg","rel_A":"<","rel_V":"<","regime_key":"A<_V<","regime_label":"$\\beta_A < 1,\\ \\beta_V < 1$","regime_color":"#1f77b4","beta_group":"A<_V<","beta_group_label":"$\\beta_A < 1,\\ \\beta_V < 1$","beta_A_prob_gt1":0.0,"beta_A_prob_lt1":1.0,"beta_V_prob_gt1":0.0,"beta_V_prob_lt1":1.0,"n_boot_valid":250.0},"geometry":{"type":"Point","coordinates":[18.547460023437225,4.397307863211088]}},{"type":"Feature","properties":{"fid":3401,"city":"Minsk","country":"Belarus","beta_A":1.2768,"beta_V":1.1705,"beta_h":-0.1063,"A_cls":2,"H_cls":1,"color":"#9467bd","n_points":11.0,"svg_file":"3401.svg","rel_A":">","rel_V":"=","regime_key":"A>_V=","regime_label":"$\\beta_A > 1,\\ \\beta_V = 1$","regime_color":"#9467bd","beta_group":"A>_V=","beta_group_label":"$\\beta_A > 1,\\ \\beta_V = 1$","beta_A_prob_gt1":0.992,"beta_A_prob_lt1":0.008,"beta_V_prob_gt1":0.884,"beta_V_prob_lt1":0.116,"n_boot_valid":250.0},"geometry":{"type":"Point","coordinates":[27.564064508892443,53.894484618632696]}},{"type":"Feature","properties":{"fid":3505,"city":"Port Elizabeth","country":"South Africa","beta_A":0.6308,"beta_V":0.5344,"beta_h":-0.0964,"A_cls":0,"H_cls":1,"color":"#1f77b4","n_points":11.0,"svg_file":"3505.svg","rel_A":"<","rel_V":"<","regime_key":"A<_V<","regime_label":"$\\beta_A < 1,\\ \\beta_V < 1$","regime_color":"#1f77b4","beta_group":"A<_V<","beta_group_label":"$\\beta_A < 1,\\ \\beta_V < 1$","beta_A_prob_gt1":0.0,"beta_A_prob_lt1":1.0,"beta_V_prob_gt1":0.0,"beta_V_prob_lt1":1.0,"n_boot_valid":250.0},"geometry":{"type":"Point","coordinates":[25.5761995931935,-33.910235699177626]}},{"type":"Feature","properties":{"fid":3541,"city":"Mbuji-Mayi","country":"Democratic Republic of the Congo","beta_A":0.1919,"beta_V":0.1731,"beta_h":-0.0188,"A_cls":0,"H_cls":2,"color":"#1f77b4","n_points":11.0,"svg_file":"3541.svg","rel_A":"<","rel_V":"<","regime_key":"A<_V<","regime_label":"$\\beta_A < 1,\\ \\beta_V < 1$","regime_color":"#1f77b4","beta_group":"A<_V<","beta_group_label":"$\\beta_A < 1,\\ \\beta_V < 1$","beta_A_prob_gt1":0.0,"beta_A_prob_lt1":1.0,"beta_V_prob_gt1":0.0,"beta_V_prob_lt1":1.0,"n_boot_valid":250.0},"geometry":{"type":"Point","coordinates":[23.595757099115893,-6.122795719699324]}},{"type":"Feature","properties":{"fid":3571,"city":"Bloemfontein","country":"South Africa","beta_A":1.7597,"beta_V":1.5446,"beta_h":-0.2152,"A_cls":2,"H_cls":0,"color":"#2ca02c","n_points":11.0,"svg_file":"3571.svg","rel_A":">","rel_V":">","regime_key":"A>_V>","regime_label":"$\\beta_A > 1,\\ \\beta_V > 1$","regime_color":"#2ca02c","beta_group":"A>_V>","beta_group_label":"$\\beta_A > 1,\\ \\beta_V > 1$","beta_A_prob_gt1":1.0,"beta_A_prob_lt1":0.0,"beta_V_prob_gt1":0.996,"beta_V_prob_lt1":0.004,"n_boot_valid":250.0},"geometry":{"type":"Point","coordinates":[26.237520154510676,-29.156845068864968]}},{"type":"Feature","properties":{"fid":3589,"city":"Bursa","country":"Turkey","beta_A":0.5775,"beta_V":0.534,"beta_h":-0.0435,"A_cls":0,"H_cls":2,"color":"#1f77b4","n_points":11.0,"svg_file":"3589.svg","rel_A":"<","rel_V":"<","regime_key":"A<_V<","regime_label":"$\\beta_A < 1,\\ \\beta_V < 1$","regime_color":"#1f77b4","beta_group":"A<_V<","beta_group_label":"$\\beta_A < 1,\\ \\beta_V < 1$","beta_A_prob_gt1":0.0,"beta_A_prob_lt1":1.0,"beta_V_prob_gt1":0.0,"beta_V_prob_lt1":1.0,"n_boot_valid":250.0},"geometry":{"type":"Point","coordinates":[29.024681726166012,40.242619432825585]}},{"type":"Feature","properties":{"fid":3619,"city":"İzmit","country":"Turkey","beta_A":0.6266,"beta_V":0.5176,"beta_h":-0.109,"A_cls":0,"H_cls":1,"color":"#1f77b4","n_points":11.0,"svg_file":"3619.svg","rel_A":"<","rel_V":"<","regime_key":"A<_V<","regime_label":"$\\beta_A < 1,\\ \\beta_V < 1$","regime_color":"#1f77b4","beta_group":"A<_V<","beta_group_label":"$\\beta_A < 1,\\ \\beta_V < 1$","beta_A_prob_gt1":0.0,"beta_A_prob_lt1":1.0,"beta_V_prob_gt1":0.0,"beta_V_prob_lt1":1.0,"n_boot_valid":250.0},"geometry":{"type":"Point","coordinates":[29.901178796891777,40.762961415854015]}},{"type":"Feature","properties":{"fid":3661,"city":"Eskisehir","country":"Turkey","beta_A":0.7629,"beta_V":0.6439,"beta_h":-0.119,"A_cls":1,"H_cls":1,"color":"#1f77b4","n_points":11.0,"svg_file":"3661.svg","rel_A":"<","rel_V":"<","regime_key":"A<_V<","regime_label":"$\\beta_A < 1,\\ \\beta_V < 1$","regime_color":"#1f77b4","beta_group":"A<_V<","beta_group_label":"$\\beta_A < 1,\\ \\beta_V < 1$","beta_A_prob_gt1":0.008,"beta_A_prob_lt1":0.992,"beta_V_prob_gt1":0.0,"beta_V_prob_lt1":1.0,"n_boot_valid":250.0},"geometry":{"type":"Point","coordinates":[30.520300376937428,39.768440332553126]}},{"type":"Feature","properties":{"fid":3672,"city":"Evaton","country":"South Africa","beta_A":1.3715,"beta_V":1.3126,"beta_h":-0.0589,"A_cls":2,"H_cls":1,"color":"#2ca02c","n_points":11.0,"svg_file":"3672.svg","rel_A":">","rel_V":">","regime_key":"A>_V>","regime_label":"$\\beta_A > 1,\\ \\beta_V > 1$","regime_color":"#2ca02c","beta_group":"A>_V>","beta_group_label":"$\\beta_A > 1,\\ \\beta_V > 1$","beta_A_prob_gt1":0.996,"beta_A_prob_lt1":0.004,"beta_V_prob_gt1":0.996,"beta_V_prob_lt1":0.004,"n_boot_valid":250.0},"geometry":{"type":"Point","coordinates":[27.85517868868106,-26.529221466400603]}},{"type":"Feature","properties":{"fid":3673,"city":"Johannesburg","country":"South Africa","beta_A":0.3657,"beta_V":0.3364,"beta_h":-0.0293,"A_cls":0,"H_cls":2,"color":"#1f77b4","n_points":11.0,"svg_file":"3673.svg","rel_A":"<","rel_V":"<","regime_key":"A<_V<","regime_label":"$\\beta_A < 1,\\ \\beta_V < 1$","regime_color":"#1f77b4","beta_group":"A<_V<","beta_group_label":"$\\beta_A < 1,\\ \\beta_V < 1$","beta_A_prob_gt1":0.0,"beta_A_prob_lt1":1.0,"beta_V_prob_gt1":0.0,"beta_V_prob_lt1":1.0,"n_boot_valid":250.0},"geometry":{"type":"Point","coordinates":[28.054262756408978,-26.18345548378432]}},{"type":"Feature","properties":{"fid":3675,"city":"Moscow","country":"Russia","beta_A":0.8997,"beta_V":0.7053,"beta_h":-0.1944,"A_cls":1,"H_cls":0,"color":"#d62728","n_points":11.0,"svg_file":"3675.svg","rel_A":"=","rel_V":"<","regime_key":"A=_V<","regime_label":"$\\beta_A = 1,\\ \\beta_V < 1$","regime_color":"#d62728","beta_group":"A=_V<","beta_group_label":"$\\beta_A = 1,\\ \\beta_V < 1$","beta_A_prob_gt1":0.056,"beta_A_prob_lt1":0.944,"beta_V_prob_gt1":0.0,"beta_V_prob_lt1":1.0,"n_boot_valid":250.0},"geometry":{"type":"Point","coordinates":[37.701054393367166,55.688431413733014]}},{"type":"Feature","properties":{"fid":3697,"city":"Klipgat","country":"South Africa","beta_A":0.2683,"beta_V":0.2498,"beta_h":-0.0184,"A_cls":0,"H_cls":2,"color":"#1f77b4","n_points":11.0,"svg_file":"3697.svg","rel_A":"<","rel_V":"<","regime_key":"A<_V<","regime_label":"$\\beta_A < 1,\\ \\beta_V < 1$","regime_color":"#1f77b4","beta_group":"A<_V<","beta_group_label":"$\\beta_A < 1,\\ \\beta_V < 1$","beta_A_prob_gt1":0.0,"beta_A_prob_lt1":1.0,"beta_V_prob_gt1":0.0,"beta_V_prob_lt1":1.0,"n_boot_valid":250.0},"geometry":{"type":"Point","coordinates":[28.065113821750607,-25.497288207221274]}},{"type":"Feature","properties":{"fid":3729,"city":"Antalya","country":"Turkey","beta_A":0.5911,"beta_V":0.5537,"beta_h":-0.0373,"A_cls":0,"H_cls":2,"color":"#1f77b4","n_points":11.0,"svg_file":"3729.svg","rel_A":"<","rel_V":"<","regime_key":"A<_V<","regime_label":"$\\beta_A < 1,\\ \\beta_V < 1$","regime_color":"#1f77b4","beta_group":"A<_V<","beta_group_label":"$\\beta_A < 1,\\ \\beta_V < 1$","beta_A_prob_gt1":0.0,"beta_A_prob_lt1":1.0,"beta_V_prob_gt1":0.0,"beta_V_prob_lt1":1.0,"n_boot_valid":250.0},"geometry":{"type":"Point","coordinates":[30.733326043905013,36.93048976077113]}},{"type":"Feature","properties":{"fid":3751,"city":"Alexandria","country":"Egypt","beta_A":0.894,"beta_V":0.6072,"beta_h":-0.2868,"A_cls":1,"H_cls":0,"color":"#1f77b4","n_points":11.0,"svg_file":"3751.svg","rel_A":"<","rel_V":"<","regime_key":"A<_V<","regime_label":"$\\beta_A < 1,\\ \\beta_V < 1$","regime_color":"#1f77b4","beta_group":"A<_V<","beta_group_label":"$\\beta_A < 1,\\ \\beta_V < 1$","beta_A_prob_gt1":0.008,"beta_A_prob_lt1":0.992,"beta_V_prob_gt1":0.0,"beta_V_prob_lt1":1.0,"n_boot_valid":250.0},"geometry":{"type":"Point","coordinates":[30.060317994446603,31.161421392472715]}},{"type":"Feature","properties":{"fid":3756,"city":"Lubumbashi","country":"Democratic Republic of the Congo","beta_A":0.3415,"beta_V":0.3164,"beta_h":-0.025,"A_cls":0,"H_cls":2,"color":"#1f77b4","n_points":11.0,"svg_file":"3756.svg","rel_A":"<","rel_V":"<","regime_key":"A<_V<","regime_label":"$\\beta_A < 1,\\ \\beta_V < 1$","regime_color":"#1f77b4","beta_group":"A<_V<","beta_group_label":"$\\beta_A < 1,\\ \\beta_V < 1$","beta_A_prob_gt1":0.0,"beta_A_prob_lt1":1.0,"beta_V_prob_gt1":0.0,"beta_V_prob_lt1":1.0,"n_boot_valid":250.0},"geometry":{"type":"Point","coordinates":[27.486342292496868,-11.665040528224127]}},{"type":"Feature","properties":{"fid":3795,"city":"Sincan","country":"Turkey","beta_A":0.8638,"beta_V":0.8492,"beta_h":-0.0146,"A_cls":1,"H_cls":2,"color":"#1f77b4","n_points":11.0,"svg_file":"3795.svg","rel_A":"<","rel_V":"<","regime_key":"A<_V<","regime_label":"$\\beta_A < 1,\\ \\beta_V < 1$","regime_color":"#1f77b4","beta_group":"A<_V<","beta_group_label":"$\\beta_A < 1,\\ \\beta_V < 1$","beta_A_prob_gt1":0.0,"beta_A_prob_lt1":1.0,"beta_V_prob_gt1":0.0,"beta_V_prob_lt1":1.0,"n_boot_valid":250.0},"geometry":{"type":"Point","coordinates":[32.60612960386115,39.94723113813995]}},{"type":"Feature","properties":{"fid":3798,"city":"Lusaka","country":"Zambia","beta_A":0.3204,"beta_V":0.3074,"beta_h":-0.0129,"A_cls":0,"H_cls":2,"color":"#1f77b4","n_points":11.0,"svg_file":"3798.svg","rel_A":"<","rel_V":"<","regime_key":"A<_V<","regime_label":"$\\beta_A < 1,\\ \\beta_V < 1$","regime_color":"#1f77b4","beta_group":"A<_V<","beta_group_label":"$\\beta_A < 1,\\ \\beta_V < 1$","beta_A_prob_gt1":0.0,"beta_A_prob_lt1":1.0,"beta_V_prob_gt1":0.0,"beta_V_prob_lt1":1.0,"n_boot_valid":250.0},"geometry":{"type":"Point","coordinates":[28.30029474234762,-15.401411782492504]}},{"type":"Feature","properties":{"fid":3809,"city":"Ankara","country":"Turkey","beta_A":0.6223,"beta_V":0.5652,"beta_h":-0.0571,"A_cls":0,"H_cls":1,"color":"#1f77b4","n_points":11.0,"svg_file":"3809.svg","rel_A":"<","rel_V":"<","regime_key":"A<_V<","regime_label":"$\\beta_A < 1,\\ \\beta_V < 1$","regime_color":"#1f77b4","beta_group":"A<_V<","beta_group_label":"$\\beta_A < 1,\\ \\beta_V < 1$","beta_A_prob_gt1":0.0,"beta_A_prob_lt1":1.0,"beta_V_prob_gt1":0.0,"beta_V_prob_lt1":1.0,"n_boot_valid":250.0},"geometry":{"type":"Point","coordinates":[32.82654204069348,39.95617526279663]}},{"type":"Feature","properties":{"fid":3811,"city":"Kitwe","country":"Zambia","beta_A":0.3758,"beta_V":0.3448,"beta_h":-0.031,"A_cls":0,"H_cls":2,"color":"#1f77b4","n_points":11.0,"svg_file":"3811.svg","rel_A":"<","rel_V":"<","regime_key":"A<_V<","regime_label":"$\\beta_A < 1,\\ \\beta_V < 1$","regime_color":"#1f77b4","beta_group":"A<_V<","beta_group_label":"$\\beta_A < 1,\\ \\beta_V < 1$","beta_A_prob_gt1":0.004,"beta_A_prob_lt1":0.996,"beta_V_prob_gt1":0.004,"beta_V_prob_lt1":0.996,"n_boot_valid":250.0},"geometry":{"type":"Point","coordinates":[28.22476221789902,-12.823658589376237]}},{"type":"Feature","properties":{"fid":3843,"city":"Konya","country":"Turkey","beta_A":0.4561,"beta_V":0.4258,"beta_h":-0.0303,"A_cls":0,"H_cls":2,"color":"#1f77b4","n_points":11.0,"svg_file":"3843.svg","rel_A":"<","rel_V":"<","regime_key":"A<_V<","regime_label":"$\\beta_A < 1,\\ \\beta_V < 1$","regime_color":"#1f77b4","beta_group":"A<_V<","beta_group_label":"$\\beta_A < 1,\\ \\beta_V < 1$","beta_A_prob_gt1":0.0,"beta_A_prob_lt1":1.0,"beta_V_prob_gt1":0.0,"beta_V_prob_lt1":1.0,"n_boot_valid":250.0},"geometry":{"type":"Point","coordinates":[32.48912886668304,37.89251396113901]}},{"type":"Feature","properties":{"fid":3862,"city":"Faiyum","country":"Egypt","beta_A":0.7445,"beta_V":0.5336,"beta_h":-0.2109,"A_cls":1,"H_cls":0,"color":"#1f77b4","n_points":11.0,"svg_file":"3862.svg","rel_A":"<","rel_V":"<","regime_key":"A<_V<","regime_label":"$\\beta_A < 1,\\ \\beta_V < 1$","regime_color":"#1f77b4","beta_group":"A<_V<","beta_group_label":"$\\beta_A < 1,\\ \\beta_V < 1$","beta_A_prob_gt1":0.0,"beta_A_prob_lt1":1.0,"beta_V_prob_gt1":0.0,"beta_V_prob_lt1":1.0,"n_boot_valid":250.0},"geometry":{"type":"Point","coordinates":[30.749476698286415,29.378350375631015]}},{"type":"Feature","properties":{"fid":3868,"city":"Durban","country":"South Africa","beta_A":0.7098,"beta_V":0.7017,"beta_h":-0.0082,"A_cls":1,"H_cls":2,"color":"#1f77b4","n_points":11.0,"svg_file":"3868.svg","rel_A":"<","rel_V":"<","regime_key":"A<_V<","regime_label":"$\\beta_A < 1,\\ \\beta_V < 1$","regime_color":"#1f77b4","beta_group":"A<_V<","beta_group_label":"$\\beta_A < 1,\\ \\beta_V < 1$","beta_A_prob_gt1":0.0,"beta_A_prob_lt1":1.0,"beta_V_prob_gt1":0.0,"beta_V_prob_lt1":1.0,"n_boot_valid":250.0},"geometry":{"type":"Point","coordinates":[30.824676296788848,-29.860330267967157]}},{"type":"Feature","properties":{"fid":3902,"city":"Cairo","country":"Egypt","beta_A":0.7093,"beta_V":0.5484,"beta_h":-0.1609,"A_cls":1,"H_cls":0,"color":"#1f77b4","n_points":11.0,"svg_file":"3902.svg","rel_A":"<","rel_V":"<","regime_key":"A<_V<","regime_label":"$\\beta_A < 1,\\ \\beta_V < 1$","regime_color":"#1f77b4","beta_group":"A<_V<","beta_group_label":"$\\beta_A < 1,\\ \\beta_V < 1$","beta_A_prob_gt1":0.0,"beta_A_prob_lt1":1.0,"beta_V_prob_gt1":0.0,"beta_V_prob_lt1":1.0,"n_boot_valid":250.0},"geometry":{"type":"Point","coordinates":[31.24406039167419,30.026881594271533]}},{"type":"Feature","properties":{"fid":3913,"city":"Banha","country":"Egypt","beta_A":0.9286,"beta_V":0.7134,"beta_h":-0.2152,"A_cls":1,"H_cls":0,"color":"#1f77b4","n_points":11.0,"svg_file":"3913.svg","rel_A":"<","rel_V":"<","regime_key":"A<_V<","regime_label":"$\\beta_A < 1,\\ \\beta_V < 1$","regime_color":"#1f77b4","beta_group":"A<_V<","beta_group_label":"$\\beta_A < 1,\\ \\beta_V < 1$","beta_A_prob_gt1":0.0,"beta_A_prob_lt1":1.0,"beta_V_prob_gt1":0.0,"beta_V_prob_lt1":1.0,"n_boot_valid":250.0},"geometry":{"type":"Point","coordinates":[31.20509663300343,30.492935117241327]}},{"type":"Feature","properties":{"fid":3927,"city":"Mansoura","country":"Egypt","beta_A":0.7836,"beta_V":0.6139,"beta_h":-0.1697,"A_cls":1,"H_cls":0,"color":"#1f77b4","n_points":11.0,"svg_file":"3927.svg","rel_A":"<","rel_V":"<","regime_key":"A<_V<","regime_label":"$\\beta_A < 1,\\ \\beta_V < 1$","regime_color":"#1f77b4","beta_group":"A<_V<","beta_group_label":"$\\beta_A < 1,\\ \\beta_V < 1$","beta_A_prob_gt1":0.0,"beta_A_prob_lt1":1.0,"beta_V_prob_gt1":0.0,"beta_V_prob_lt1":1.0,"n_boot_valid":250.0},"geometry":{"type":"Point","coordinates":[31.361564273909746,31.049884237906937]}},{"type":"Feature","properties":{"fid":3966,"city":"Dairut","country":"Egypt","beta_A":0.5752,"beta_V":0.4315,"beta_h":-0.1437,"A_cls":0,"H_cls":0,"color":"#1f77b4","n_points":11.0,"svg_file":"3966.svg","rel_A":"<","rel_V":"<","regime_key":"A<_V<","regime_label":"$\\beta_A < 1,\\ \\beta_V < 1$","regime_color":"#1f77b4","beta_group":"A<_V<","beta_group_label":"$\\beta_A < 1,\\ \\beta_V < 1$","beta_A_prob_gt1":0.0,"beta_A_prob_lt1":1.0,"beta_V_prob_gt1":0.0,"beta_V_prob_lt1":1.0,"n_boot_valid":250.0},"geometry":{"type":"Point","coordinates":[30.827553873106677,27.509651900222256]}},{"type":"Feature","properties":{"fid":3968,"city":"Al-Zaqaziq‎","country":"Egypt","beta_A":1.0021,"beta_V":0.7744,"beta_h":-0.2277,"A_cls":1,"H_cls":0,"color":"#d62728","n_points":11.0,"svg_file":"3968.svg","rel_A":"=","rel_V":"<","regime_key":"A=_V<","regime_label":"$\\beta_A = 1,\\ \\beta_V < 1$","regime_color":"#d62728","beta_group":"A=_V<","beta_group_label":"$\\beta_A = 1,\\ \\beta_V < 1$","beta_A_prob_gt1":0.572,"beta_A_prob_lt1":0.428,"beta_V_prob_gt1":0.0,"beta_V_prob_lt1":1.0,"n_boot_valid":250.0},"geometry":{"type":"Point","coordinates":[31.493877546882377,30.595664177425675]}},{"type":"Feature","properties":{"fid":3995,"city":"An Nazlah","country":"Egypt","beta_A":1.0333,"beta_V":0.7992,"beta_h":-0.2341,"A_cls":1,"H_cls":0,"color":"#d62728","n_points":11.0,"svg_file":"3995.svg","rel_A":"=","rel_V":"<","regime_key":"A=_V<","regime_label":"$\\beta_A = 1,\\ \\beta_V < 1$","regime_color":"#d62728","beta_group":"A=_V<","beta_group_label":"$\\beta_A = 1,\\ \\beta_V < 1$","beta_A_prob_gt1":0.732,"beta_A_prob_lt1":0.268,"beta_V_prob_gt1":0.0,"beta_V_prob_lt1":1.0,"n_boot_valid":250.0},"geometry":{"type":"Point","coordinates":[31.687221633700087,30.604226875632133]}},{"type":"Feature","properties":{"fid":4027,"city":"Asyut","country":"Egypt","beta_A":0.7033,"beta_V":0.4848,"beta_h":-0.2186,"A_cls":1,"H_cls":0,"color":"#1f77b4","n_points":11.0,"svg_file":"4027.svg","rel_A":"<","rel_V":"<","regime_key":"A<_V<","regime_label":"$\\beta_A < 1,\\ \\beta_V < 1$","regime_color":"#1f77b4","beta_group":"A<_V<","beta_group_label":"$\\beta_A < 1,\\ \\beta_V < 1$","beta_A_prob_gt1":0.0,"beta_A_prob_lt1":1.0,"beta_V_prob_gt1":0.0,"beta_V_prob_lt1":1.0,"n_boot_valid":250.0},"geometry":{"type":"Point","coordinates":[31.218934232505354,27.166976595680417]}},{"type":"Feature","properties":{"fid":4078,"city":"Bujumbura","country":"Burundi","beta_A":0.3555,"beta_V":0.353,"beta_h":-0.0025,"A_cls":0,"H_cls":2,"color":"#1f77b4","n_points":11.0,"svg_file":"4078.svg","rel_A":"<","rel_V":"<","regime_key":"A<_V<","regime_label":"$\\beta_A < 1,\\ \\beta_V < 1$","regime_color":"#1f77b4","beta_group":"A<_V<","beta_group_label":"$\\beta_A < 1,\\ \\beta_V < 1$","beta_A_prob_gt1":0.0,"beta_A_prob_lt1":1.0,"beta_V_prob_gt1":0.0,"beta_V_prob_lt1":1.0,"n_boot_valid":250.0},"geometry":{"type":"Point","coordinates":[29.371502830774862,-3.397588264741709]}},{"type":"Feature","properties":{"fid":4104,"city":"Sohag","country":"Egypt","beta_A":0.6718,"beta_V":0.4854,"beta_h":-0.1864,"A_cls":1,"H_cls":0,"color":"#1f77b4","n_points":11.0,"svg_file":"4104.svg","rel_A":"<","rel_V":"<","regime_key":"A<_V<","regime_label":"$\\beta_A < 1,\\ \\beta_V < 1$","regime_color":"#1f77b4","beta_group":"A<_V<","beta_group_label":"$\\beta_A < 1,\\ \\beta_V < 1$","beta_A_prob_gt1":0.0,"beta_A_prob_lt1":1.0,"beta_V_prob_gt1":0.0,"beta_V_prob_lt1":1.0,"n_boot_valid":250.0},"geometry":{"type":"Point","coordinates":[31.65767730370719,26.575634333202945]}},{"type":"Feature","properties":{"fid":4133,"city":"Girga","country":"Egypt","beta_A":0.6438,"beta_V":0.4624,"beta_h":-0.1813,"A_cls":1,"H_cls":0,"color":"#1f77b4","n_points":11.0,"svg_file":"4133.svg","rel_A":"<","rel_V":"<","regime_key":"A<_V<","regime_label":"$\\beta_A < 1,\\ \\beta_V < 1$","regime_color":"#1f77b4","beta_group":"A<_V<","beta_group_label":"$\\beta_A < 1,\\ \\beta_V < 1$","beta_A_prob_gt1":0.0,"beta_A_prob_lt1":1.0,"beta_V_prob_gt1":0.0,"beta_V_prob_lt1":1.0,"n_boot_valid":250.0},"geometry":{"type":"Point","coordinates":[31.769878287193507,26.41954583759776]}},{"type":"Feature","properties":{"fid":4159,"city":"Balyana","country":"Egypt","beta_A":1.1739,"beta_V":0.8817,"beta_h":-0.2921,"A_cls":2,"H_cls":0,"color":"#d62728","n_points":11.0,"svg_file":"4159.svg","rel_A":"=","rel_V":"<","regime_key":"A=_V<","regime_label":"$\\beta_A = 1,\\ \\beta_V < 1$","regime_color":"#d62728","beta_group":"A=_V<","beta_group_label":"$\\beta_A = 1,\\ \\beta_V < 1$","beta_A_prob_gt1":0.972,"beta_A_prob_lt1":0.028,"beta_V_prob_gt1":0.0,"beta_V_prob_lt1":1.0,"n_boot_valid":250.0},"geometry":{"type":"Point","coordinates":[31.988679620145067,26.20031304030332]}},{"type":"Feature","properties":{"fid":4172,"city":"Kigali","country":"Rwanda","beta_A":0.4615,"beta_V":0.4094,"beta_h":-0.0521,"A_cls":0,"H_cls":1,"color":"#1f77b4","n_points":11.0,"svg_file":"4172.svg","rel_A":"<","rel_V":"<","regime_key":"A<_V<","regime_label":"$\\beta_A < 1,\\ \\beta_V < 1$","regime_color":"#1f77b4","beta_group":"A<_V<","beta_group_label":"$\\beta_A < 1,\\ \\beta_V < 1$","beta_A_prob_gt1":0.0,"beta_A_prob_lt1":1.0,"beta_V_prob_gt1":0.0,"beta_V_prob_lt1":1.0,"n_boot_valid":250.0},"geometry":{"type":"Point","coordinates":[30.078715841737868,-1.945230009487255]}},{"type":"Feature","properties":{"fid":4216,"city":"Kayseri","country":"Turkey","beta_A":0.4011,"beta_V":0.3898,"beta_h":-0.0112,"A_cls":0,"H_cls":2,"color":"#1f77b4","n_points":11.0,"svg_file":"4216.svg","rel_A":"<","rel_V":"<","regime_key":"A<_V<","regime_label":"$\\beta_A < 1,\\ \\beta_V < 1$","regime_color":"#1f77b4","beta_group":"A<_V<","beta_group_label":"$\\beta_A < 1,\\ \\beta_V < 1$","beta_A_prob_gt1":0.0,"beta_A_prob_lt1":1.0,"beta_V_prob_gt1":0.0,"beta_V_prob_lt1":1.0,"n_boot_valid":250.0},"geometry":{"type":"Point","coordinates":[35.51105312773616,38.74372125188752]}},{"type":"Feature","properties":{"fid":4220,"city":"Maputo","country":"Mozambique","beta_A":0.4601,"beta_V":0.4286,"beta_h":-0.0315,"A_cls":0,"H_cls":2,"color":"#1f77b4","n_points":11.0,"svg_file":"4220.svg","rel_A":"<","rel_V":"<","regime_key":"A<_V<","regime_label":"$\\beta_A < 1,\\ \\beta_V < 1$","regime_color":"#1f77b4","beta_group":"A<_V<","beta_group_label":"$\\beta_A < 1,\\ \\beta_V < 1$","beta_A_prob_gt1":0.0,"beta_A_prob_lt1":1.0,"beta_V_prob_gt1":0.0,"beta_V_prob_lt1":1.0,"n_boot_valid":250.0},"geometry":{"type":"Point","coordinates":[32.55407754814123,-25.859126650657128]}},{"type":"Feature","properties":{"fid":4285,"city":"Gaza","country":"Palestina","beta_A":0.4549,"beta_V":0.4117,"beta_h":-0.0432,"A_cls":0,"H_cls":2,"color":"#1f77b4","n_points":11.0,"svg_file":"4285.svg","rel_A":"<","rel_V":"<","regime_key":"A<_V<","regime_label":"$\\beta_A < 1,\\ \\beta_V < 1$","regime_color":"#1f77b4","beta_group":"A<_V<","beta_group_label":"$\\beta_A < 1,\\ \\beta_V < 1$","beta_A_prob_gt1":0.0,"beta_A_prob_lt1":1.0,"beta_V_prob_gt1":0.0,"beta_V_prob_lt1":1.0,"n_boot_valid":250.0},"geometry":{"type":"Point","coordinates":[34.34745670218539,31.41041429730478]}},{"type":"Feature","properties":{"fid":4309,"city":"Tel Aviv","country":"Israel","beta_A":0.3884,"beta_V":0.3376,"beta_h":-0.0508,"A_cls":0,"H_cls":1,"color":"#1f77b4","n_points":11.0,"svg_file":"4309.svg","rel_A":"<","rel_V":"<","regime_key":"A<_V<","regime_label":"$\\beta_A < 1,\\ \\beta_V < 1$","regime_color":"#1f77b4","beta_group":"A<_V<","beta_group_label":"$\\beta_A < 1,\\ \\beta_V < 1$","beta_A_prob_gt1":0.0,"beta_A_prob_lt1":1.0,"beta_V_prob_gt1":0.0,"beta_V_prob_lt1":1.0,"n_boot_valid":250.0},"geometry":{"type":"Point","coordinates":[34.827670415367784,32.0296912629708]}},{"type":"Feature","properties":{"fid":4335,"city":"Khartoum","country":"Sudan","beta_A":0.2397,"beta_V":0.2195,"beta_h":-0.0202,"A_cls":0,"H_cls":2,"color":"#1f77b4","n_points":11.0,"svg_file":"4335.svg","rel_A":"<","rel_V":"<","regime_key":"A<_V<","regime_label":"$\\beta_A < 1,\\ \\beta_V < 1$","regime_color":"#1f77b4","beta_group":"A<_V<","beta_group_label":"$\\beta_A < 1,\\ \\beta_V < 1$","beta_A_prob_gt1":0.0,"beta_A_prob_lt1":1.0,"beta_V_prob_gt1":0.0,"beta_V_prob_lt1":1.0,"n_boot_valid":250.0},"geometry":{"type":"Point","coordinates":[32.542994041484796,15.581877350044287]}},{"type":"Feature","properties":{"fid":4351,"city":"Jerusalem","country":"Palestina","beta_A":0.6267,"beta_V":0.627,"beta_h":0.0003,"A_cls":0,"H_cls":2,"color":"#1f77b4","n_points":11.0,"svg_file":"4351.svg","rel_A":"<","rel_V":"<","regime_key":"A<_V<","regime_label":"$\\beta_A < 1,\\ \\beta_V < 1$","regime_color":"#1f77b4","beta_group":"A<_V<","beta_group_label":"$\\beta_A < 1,\\ \\beta_V < 1$","beta_A_prob_gt1":0.0,"beta_A_prob_lt1":1.0,"beta_V_prob_gt1":0.0,"beta_V_prob_lt1":1.0,"n_boot_valid":250.0},"geometry":{"type":"Point","coordinates":[35.19290427013463,31.82309097047883]}},{"type":"Feature","properties":{"fid":4408,"city":"Amman","country":"Jordan","beta_A":0.5625,"beta_V":0.5256,"beta_h":-0.0369,"A_cls":0,"H_cls":2,"color":"#1f77b4","n_points":11.0,"svg_file":"4408.svg","rel_A":"<","rel_V":"<","regime_key":"A<_V<","regime_label":"$\\beta_A < 1,\\ \\beta_V < 1$","regime_color":"#1f77b4","beta_group":"A<_V<","beta_group_label":"$\\beta_A < 1,\\ \\beta_V < 1$","beta_A_prob_gt1":0.0,"beta_A_prob_lt1":1.0,"beta_V_prob_gt1":0.0,"beta_V_prob_lt1":1.0,"n_boot_valid":250.0},"geometry":{"type":"Point","coordinates":[35.95322904830149,31.999550589335012]}},{"type":"Feature","properties":{"fid":4424,"city":"Gaziantep","country":"Turkey","beta_A":0.5821,"beta_V":0.5716,"beta_h":-0.0105,"A_cls":0,"H_cls":2,"color":"#1f77b4","n_points":11.0,"svg_file":"4424.svg","rel_A":"<","rel_V":"<","regime_key":"A<_V<","regime_label":"$\\beta_A < 1,\\ \\beta_V < 1$","regime_color":"#1f77b4","beta_group":"A<_V<","beta_group_label":"$\\beta_A < 1,\\ \\beta_V < 1$","beta_A_prob_gt1":0.0,"beta_A_prob_lt1":1.0,"beta_V_prob_gt1":0.0,"beta_V_prob_lt1":1.0,"n_boot_valid":250.0},"geometry":{"type":"Point","coordinates":[37.37560333796864,37.03617612241356]}},{"type":"Feature","properties":{"fid":4427,"city":"Kampala","country":"Uganda","beta_A":0.5995,"beta_V":0.553,"beta_h":-0.0465,"A_cls":0,"H_cls":1,"color":"#1f77b4","n_points":11.0,"svg_file":"4427.svg","rel_A":"<","rel_V":"<","regime_key":"A<_V<","regime_label":"$\\beta_A < 1,\\ \\beta_V < 1$","regime_color":"#1f77b4","beta_group":"A<_V<","beta_group_label":"$\\beta_A < 1,\\ \\beta_V < 1$","beta_A_prob_gt1":0.0,"beta_A_prob_lt1":1.0,"beta_V_prob_gt1":0.0,"beta_V_prob_lt1":1.0,"n_boot_valid":250.0},"geometry":{"type":"Point","coordinates":[32.57772956392793,0.311376232658688]}},{"type":"Feature","properties":{"fid":4470,"city":"Mwanza","country":"Tanzania","beta_A":0.2496,"beta_V":0.2361,"beta_h":-0.0135,"A_cls":0,"H_cls":2,"color":"#1f77b4","n_points":11.0,"svg_file":"4470.svg","rel_A":"<","rel_V":"<","regime_key":"A<_V<","regime_label":"$\\beta_A < 1,\\ \\beta_V < 1$","regime_color":"#1f77b4","beta_group":"A<_V<","beta_group_label":"$\\beta_A < 1,\\ \\beta_V < 1$","beta_A_prob_gt1":0.0,"beta_A_prob_lt1":1.0,"beta_V_prob_gt1":0.0,"beta_V_prob_lt1":1.0,"n_boot_valid":250.0},"geometry":{"type":"Point","coordinates":[32.94675152203414,-2.547940727586816]}},{"type":"Feature","properties":{"fid":4495,"city":"Lilongwe","country":"Malawi","beta_A":0.1538,"beta_V":0.1379,"beta_h":-0.0158,"A_cls":0,"H_cls":2,"color":"#1f77b4","n_points":11.0,"svg_file":"4495.svg","rel_A":"<","rel_V":"<","regime_key":"A<_V<","regime_label":"$\\beta_A < 1,\\ \\beta_V < 1$","regime_color":"#1f77b4","beta_group":"A<_V<","beta_group_label":"$\\beta_A < 1,\\ \\beta_V < 1$","beta_A_prob_gt1":0.0,"beta_A_prob_lt1":1.0,"beta_V_prob_gt1":0.0,"beta_V_prob_lt1":1.0,"n_boot_valid":250.0},"geometry":{"type":"Point","coordinates":[33.77626764916409,-13.967956052482874]}},{"type":"Feature","properties":{"fid":4800,"city":"Arusha","country":"Tanzania","beta_A":0.5668,"beta_V":0.5519,"beta_h":-0.0149,"A_cls":0,"H_cls":2,"color":"#1f77b4","n_points":11.0,"svg_file":"4800.svg","rel_A":"<","rel_V":"<","regime_key":"A<_V<","regime_label":"$\\beta_A < 1,\\ \\beta_V < 1$","regime_color":"#1f77b4","beta_group":"A<_V<","beta_group_label":"$\\beta_A < 1,\\ \\beta_V < 1$","beta_A_prob_gt1":0.0,"beta_A_prob_lt1":1.0,"beta_V_prob_gt1":0.0,"beta_V_prob_lt1":1.0,"n_boot_valid":250.0},"geometry":{"type":"Point","coordinates":[36.70285659368371,-3.385448560798063]}},{"type":"Feature","properties":{"fid":4808,"city":"Nairobi","country":"Kenya","beta_A":0.2635,"beta_V":0.2408,"beta_h":-0.0227,"A_cls":0,"H_cls":2,"color":"#1f77b4","n_points":11.0,"svg_file":"4808.svg","rel_A":"<","rel_V":"<","regime_key":"A<_V<","regime_label":"$\\beta_A < 1,\\ \\beta_V < 1$","regime_color":"#1f77b4","beta_group":"A<_V<","beta_group_label":"$\\beta_A < 1,\\ \\beta_V < 1$","beta_A_prob_gt1":0.0,"beta_A_prob_lt1":1.0,"beta_V_prob_gt1":0.0,"beta_V_prob_lt1":1.0,"n_boot_valid":250.0},"geometry":{"type":"Point","coordinates":[36.80350046691661,-1.257672797592768]}},{"type":"Feature","properties":{"fid":4907,"city":"Medina","country":"Saudi Arabia","beta_A":0.2512,"beta_V":0.2158,"beta_h":-0.0354,"A_cls":0,"H_cls":2,"color":"#1f77b4","n_points":11.0,"svg_file":"4907.svg","rel_A":"<","rel_V":"<","regime_key":"A<_V<","regime_label":"$\\beta_A < 1,\\ \\beta_V < 1$","regime_color":"#1f77b4","beta_group":"A<_V<","beta_group_label":"$\\beta_A < 1,\\ \\beta_V < 1$","beta_A_prob_gt1":0.0,"beta_A_prob_lt1":1.0,"beta_V_prob_gt1":0.0,"beta_V_prob_lt1":1.0,"n_boot_valid":250.0},"geometry":{"type":"Point","coordinates":[39.60687260927064,24.472901563334144]}},{"type":"Feature","properties":{"fid":4921,"city":"Jeddah","country":"Saudi Arabia","beta_A":0.382,"beta_V":0.3454,"beta_h":-0.0366,"A_cls":0,"H_cls":2,"color":"#1f77b4","n_points":11.0,"svg_file":"4921.svg","rel_A":"<","rel_V":"<","regime_key":"A<_V<","regime_label":"$\\beta_A < 1,\\ \\beta_V < 1$","regime_color":"#1f77b4","beta_group":"A<_V<","beta_group_label":"$\\beta_A < 1,\\ \\beta_V < 1$","beta_A_prob_gt1":0.0,"beta_A_prob_lt1":1.0,"beta_V_prob_gt1":0.0,"beta_V_prob_lt1":1.0,"n_boot_valid":250.0},"geometry":{"type":"Point","coordinates":[39.189989948515965,21.530262257780212]}},{"type":"Feature","properties":{"fid":4990,"city":"Mosul","country":"Iraq","beta_A":0.341,"beta_V":0.2908,"beta_h":-0.0503,"A_cls":0,"H_cls":1,"color":"#1f77b4","n_points":11.0,"svg_file":"4990.svg","rel_A":"<","rel_V":"<","regime_key":"A<_V<","regime_label":"$\\beta_A < 1,\\ \\beta_V < 1$","regime_color":"#1f77b4","beta_group":"A<_V<","beta_group_label":"$\\beta_A < 1,\\ \\beta_V < 1$","beta_A_prob_gt1":0.0,"beta_A_prob_lt1":1.0,"beta_V_prob_gt1":0.0,"beta_V_prob_lt1":1.0,"n_boot_valid":250.0},"geometry":{"type":"Point","coordinates":[43.08536488350764,36.36775950407044]}},{"type":"Feature","properties":{"fid":5073,"city":"Mecca","country":"Saudi Arabia","beta_A":0.5223,"beta_V":0.4435,"beta_h":-0.0789,"A_cls":0,"H_cls":1,"color":"#1f77b4","n_points":11.0,"svg_file":"5073.svg","rel_A":"<","rel_V":"<","regime_key":"A<_V<","regime_label":"$\\beta_A < 1,\\ \\beta_V < 1$","regime_color":"#1f77b4","beta_group":"A<_V<","beta_group_label":"$\\beta_A < 1,\\ \\beta_V < 1$","beta_A_prob_gt1":0.0,"beta_A_prob_lt1":1.0,"beta_V_prob_gt1":0.0,"beta_V_prob_lt1":1.0,"n_boot_valid":250.0},"geometry":{"type":"Point","coordinates":[39.83734721749351,21.409727054845064]}},{"type":"Feature","properties":{"fid":5134,"city":"Addis Ababa","country":"Ethiopia","beta_A":0.5914,"beta_V":0.5526,"beta_h":-0.0388,"A_cls":0,"H_cls":2,"color":"#1f77b4","n_points":11.0,"svg_file":"5134.svg","rel_A":"<","rel_V":"<","regime_key":"A<_V<","regime_label":"$\\beta_A < 1,\\ \\beta_V < 1$","regime_color":"#1f77b4","beta_group":"A<_V<","beta_group_label":"$\\beta_A < 1,\\ \\beta_V < 1$","beta_A_prob_gt1":0.0,"beta_A_prob_lt1":1.0,"beta_V_prob_gt1":0.0,"beta_V_prob_lt1":1.0,"n_boot_valid":250.0},"geometry":{"type":"Point","coordinates":[38.727412246511754,8.971159508706057]}},{"type":"Feature","properties":{"fid":5159,"city":"Erbil","country":"Iraq","beta_A":1.1819,"beta_V":1.1037,"beta_h":-0.0782,"A_cls":2,"H_cls":1,"color":"#ff7f0e","n_points":11.0,"svg_file":"5159.svg","rel_A":"=","rel_V":"=","regime_key":"A=_V=","regime_label":"$\\beta_A = 1,\\ \\beta_V = 1$","regime_color":"#ff7f0e","beta_group":"A=_V=","beta_group_label":"$\\beta_A = 1,\\ \\beta_V = 1$","beta_A_prob_gt1":0.976,"beta_A_prob_lt1":0.024,"beta_V_prob_gt1":0.94,"beta_V_prob_lt1":0.06,"n_boot_valid":250.0},"geometry":{"type":"Point","coordinates":[44.04500066289438,36.19222102571904]}},{"type":"Feature","properties":{"fid":5222,"city":"Dar es Salaam","country":"Tanzania","beta_A":0.3286,"beta_V":0.3361,"beta_h":0.0074,"A_cls":0,"H_cls":2,"color":"#1f77b4","n_points":11.0,"svg_file":"5222.svg","rel_A":"<","rel_V":"<","regime_key":"A<_V<","regime_label":"$\\beta_A < 1,\\ \\beta_V < 1$","regime_color":"#1f77b4","beta_group":"A<_V<","beta_group_label":"$\\beta_A < 1,\\ \\beta_V < 1$","beta_A_prob_gt1":0.0,"beta_A_prob_lt1":1.0,"beta_V_prob_gt1":0.0,"beta_V_prob_lt1":1.0,"n_boot_valid":250.0},"geometry":{"type":"Point","coordinates":[39.17856803272903,-6.80382355954851]}},{"type":"Feature","properties":{"fid":5243,"city":"Urmia","country":"Iran","beta_A":0.9769,"beta_V":0.963,"beta_h":-0.0139,"A_cls":1,"H_cls":2,"color":"#ff7f0e","n_points":11.0,"svg_file":"5243.svg","rel_A":"=","rel_V":"=","regime_key":"A=_V=","regime_label":"$\\beta_A = 1,\\ \\beta_V = 1$","regime_color":"#ff7f0e","beta_group":"A=_V=","beta_group_label":"$\\beta_A = 1,\\ \\beta_V = 1$","beta_A_prob_gt1":0.42,"beta_A_prob_lt1":0.58,"beta_V_prob_gt1":0.372,"beta_V_prob_lt1":0.628,"n_boot_valid":250.0},"geometry":{"type":"Point","coordinates":[45.07246268987244,37.565434004672355]}},{"type":"Feature","properties":{"fid":5250,"city":"Makhachkala","country":"Russia","beta_A":1.8326,"beta_V":1.6825,"beta_h":-0.1501,"A_cls":2,"H_cls":0,"color":"#2ca02c","n_points":11.0,"svg_file":"5250.svg","rel_A":">","rel_V":">","regime_key":"A>_V>","regime_label":"$\\beta_A > 1,\\ \\beta_V > 1$","regime_color":"#2ca02c","beta_group":"A>_V>","beta_group_label":"$\\beta_A > 1,\\ \\beta_V > 1$","beta_A_prob_gt1":1.0,"beta_A_prob_lt1":0.0,"beta_V_prob_gt1":1.0,"beta_V_prob_lt1":0.0,"n_boot_valid":250.0},"geometry":{"type":"Point","coordinates":[47.521368523443144,42.96005528559553]}},{"type":"Feature","properties":{"fid":5259,"city":"Kirkuk","country":"Iraq","beta_A":0.5475,"beta_V":0.5466,"beta_h":-0.0009,"A_cls":0,"H_cls":2,"color":"#1f77b4","n_points":11.0,"svg_file":"5259.svg","rel_A":"<","rel_V":"<","regime_key":"A<_V<","regime_label":"$\\beta_A < 1,\\ \\beta_V < 1$","regime_color":"#1f77b4","beta_group":"A<_V<","beta_group_label":"$\\beta_A < 1,\\ \\beta_V < 1$","beta_A_prob_gt1":0.0,"beta_A_prob_lt1":1.0,"beta_V_prob_gt1":0.0,"beta_V_prob_lt1":1.0,"n_boot_valid":250.0},"geometry":{"type":"Point","coordinates":[44.39312445378363,35.46093200178756]}},{"type":"Feature","properties":{"fid":5314,"city":"Baghdad","country":"Iraq","beta_A":0.4228,"beta_V":0.3717,"beta_h":-0.0511,"A_cls":0,"H_cls":1,"color":"#1f77b4","n_points":11.0,"svg_file":"5314.svg","rel_A":"<","rel_V":"<","regime_key":"A<_V<","regime_label":"$\\beta_A < 1,\\ \\beta_V < 1$","regime_color":"#1f77b4","beta_group":"A<_V<","beta_group_label":"$\\beta_A < 1,\\ \\beta_V < 1$","beta_A_prob_gt1":0.0,"beta_A_prob_lt1":1.0,"beta_V_prob_gt1":0.0,"beta_V_prob_lt1":1.0,"n_boot_valid":250.0},"geometry":{"type":"Point","coordinates":[44.36339035723545,33.26005811109882]}},{"type":"Feature","properties":{"fid":5329,"city":"Mombasa","country":"Kenya","beta_A":0.6798,"beta_V":0.6686,"beta_h":-0.0112,"A_cls":1,"H_cls":2,"color":"#1f77b4","n_points":11.0,"svg_file":"5329.svg","rel_A":"<","rel_V":"<","regime_key":"A<_V<","regime_label":"$\\beta_A < 1,\\ \\beta_V < 1$","regime_color":"#1f77b4","beta_group":"A<_V<","beta_group_label":"$\\beta_A < 1,\\ \\beta_V < 1$","beta_A_prob_gt1":0.0,"beta_A_prob_lt1":1.0,"beta_V_prob_gt1":0.0,"beta_V_prob_lt1":1.0,"n_boot_valid":250.0},"geometry":{"type":"Point","coordinates":[39.66301356112246,-4.053222768901954]}},{"type":"Feature","properties":{"fid":5332,"city":"Karbala","country":"Iraq","beta_A":0.5481,"beta_V":0.5437,"beta_h":-0.0044,"A_cls":0,"H_cls":2,"color":"#1f77b4","n_points":11.0,"svg_file":"5332.svg","rel_A":"<","rel_V":"<","regime_key":"A<_V<","regime_label":"$\\beta_A < 1,\\ \\beta_V < 1$","regime_color":"#1f77b4","beta_group":"A<_V<","beta_group_label":"$\\beta_A < 1,\\ \\beta_V < 1$","beta_A_prob_gt1":0.0,"beta_A_prob_lt1":1.0,"beta_V_prob_gt1":0.0,"beta_V_prob_lt1":1.0,"n_boot_valid":250.0},"geometry":{"type":"Point","coordinates":[44.02102117858401,32.6246496904451]}},{"type":"Feature","properties":{"fid":5354,"city":"Tabriz","country":"Iran","beta_A":0.738,"beta_V":0.707,"beta_h":-0.0311,"A_cls":1,"H_cls":2,"color":"#ff7f0e","n_points":11.0,"svg_file":"5354.svg","rel_A":"=","rel_V":"=","regime_key":"A=_V=","regime_label":"$\\beta_A = 1,\\ \\beta_V = 1$","regime_color":"#ff7f0e","beta_group":"A=_V=","beta_group_label":"$\\beta_A = 1,\\ \\beta_V = 1$","beta_A_prob_gt1":0.056,"beta_A_prob_lt1":0.944,"beta_V_prob_gt1":0.036,"beta_V_prob_lt1":0.964,"n_boot_valid":250.0},"geometry":{"type":"Point","coordinates":[46.27328928620252,38.04297659499168]}},{"type":"Feature","properties":{"fid":5479,"city":"Khamis Mushait","country":"Saudi Arabia","beta_A":0.32,"beta_V":0.2791,"beta_h":-0.0409,"A_cls":0,"H_cls":2,"color":"#1f77b4","n_points":11.0,"svg_file":"5479.svg","rel_A":"<","rel_V":"<","regime_key":"A<_V<","regime_label":"$\\beta_A < 1,\\ \\beta_V < 1$","regime_color":"#1f77b4","beta_group":"A<_V<","beta_group_label":"$\\beta_A < 1,\\ \\beta_V < 1$","beta_A_prob_gt1":0.0,"beta_A_prob_lt1":1.0,"beta_V_prob_gt1":0.0,"beta_V_prob_lt1":1.0,"n_boot_valid":250.0},"geometry":{"type":"Point","coordinates":[42.719587193264445,18.292441421630983]}},{"type":"Feature","properties":{"fid":5515,"city":"Kermanshah","country":"Iran","beta_A":0.7547,"beta_V":0.6941,"beta_h":-0.0607,"A_cls":1,"H_cls":1,"color":"#d62728","n_points":11.0,"svg_file":"5515.svg","rel_A":"=","rel_V":"<","regime_key":"A=_V<","regime_label":"$\\beta_A = 1,\\ \\beta_V < 1$","regime_color":"#d62728","beta_group":"A=_V<","beta_group_label":"$\\beta_A = 1,\\ \\beta_V < 1$","beta_A_prob_gt1":0.02,"beta_A_prob_lt1":0.98,"beta_V_prob_gt1":0.0,"beta_V_prob_lt1":1.0,"n_boot_valid":250.0},"geometry":{"type":"Point","coordinates":[47.0844876653912,34.340375944073756]}},{"type":"Feature","properties":{"fid":5528,"city":"Baku","country":"Azerbaijan","beta_A":1.8598,"beta_V":1.5072,"beta_h":-0.3526,"A_cls":2,"H_cls":0,"color":"#2ca02c","n_points":11.0,"svg_file":"5528.svg","rel_A":">","rel_V":">","regime_key":"A>_V>","regime_label":"$\\beta_A > 1,\\ \\beta_V > 1$","regime_color":"#2ca02c","beta_group":"A>_V>","beta_group_label":"$\\beta_A > 1,\\ \\beta_V > 1$","beta_A_prob_gt1":1.0,"beta_A_prob_lt1":0.0,"beta_V_prob_gt1":1.0,"beta_V_prob_lt1":0.0,"n_boot_valid":250.0},"geometry":{"type":"Point","coordinates":[49.88328815046759,40.42187734376745]}},{"type":"Feature","properties":{"fid":5634,"city":"Aktobe","country":"Kazakhstan","beta_A":0.9107,"beta_V":0.7699,"beta_h":-0.1408,"A_cls":1,"H_cls":0,"color":"#d62728","n_points":11.0,"svg_file":"5634.svg","rel_A":"=","rel_V":"<","regime_key":"A=_V<","regime_label":"$\\beta_A = 1,\\ \\beta_V < 1$","regime_color":"#d62728","beta_group":"A=_V<","beta_group_label":"$\\beta_A = 1,\\ \\beta_V < 1$","beta_A_prob_gt1":0.02,"beta_A_prob_lt1":0.98,"beta_V_prob_gt1":0.0,"beta_V_prob_lt1":1.0,"n_boot_valid":250.0},"geometry":{"type":"Point","coordinates":[57.20891619191689,50.29663074941918]}},{"type":"Feature","properties":{"fid":5635,"city":"Sana'a","country":"Yemen","beta_A":0.2237,"beta_V":0.1921,"beta_h":-0.0316,"A_cls":0,"H_cls":2,"color":"#1f77b4","n_points":11.0,"svg_file":"5635.svg","rel_A":"<","rel_V":"<","regime_key":"A<_V<","regime_label":"$\\beta_A < 1,\\ \\beta_V < 1$","regime_color":"#1f77b4","beta_group":"A<_V<","beta_group_label":"$\\beta_A < 1,\\ \\beta_V < 1$","beta_A_prob_gt1":0.0,"beta_A_prob_lt1":1.0,"beta_V_prob_gt1":0.0,"beta_V_prob_lt1":1.0,"n_boot_valid":250.0},"geometry":{"type":"Point","coordinates":[44.20366191144603,15.385008797561802]}},{"type":"Feature","properties":{"fid":5668,"city":"Basra","country":"Iraq","beta_A":0.4741,"beta_V":0.4768,"beta_h":0.0027,"A_cls":0,"H_cls":2,"color":"#1f77b4","n_points":11.0,"svg_file":"5668.svg","rel_A":"<","rel_V":"<","regime_key":"A<_V<","regime_label":"$\\beta_A < 1,\\ \\beta_V < 1$","regime_color":"#1f77b4","beta_group":"A<_V<","beta_group_label":"$\\beta_A < 1,\\ \\beta_V < 1$","beta_A_prob_gt1":0.0,"beta_A_prob_lt1":1.0,"beta_V_prob_gt1":0.0,"beta_V_prob_lt1":1.0,"n_boot_valid":250.0},"geometry":{"type":"Point","coordinates":[47.808553164265106,30.510053948752]}},{"type":"Feature","properties":{"fid":5698,"city":"Riyadh","country":"Saudi Arabia","beta_A":0.2627,"beta_V":0.2435,"beta_h":-0.0192,"A_cls":0,"H_cls":2,"color":"#1f77b4","n_points":11.0,"svg_file":"5698.svg","rel_A":"<","rel_V":"<","regime_key":"A<_V<","regime_label":"$\\beta_A < 1,\\ \\beta_V < 1$","regime_color":"#1f77b4","beta_group":"A<_V<","beta_group_label":"$\\beta_A < 1,\\ \\beta_V < 1$","beta_A_prob_gt1":0.0,"beta_A_prob_lt1":1.0,"beta_V_prob_gt1":0.0,"beta_V_prob_lt1":1.0,"n_boot_valid":250.0},"geometry":{"type":"Point","coordinates":[46.72688526041413,24.711916473806046]}},{"type":"Feature","properties":{"fid":5712,"city":"Ahwaz","country":"Iran","beta_A":0.7881,"beta_V":0.726,"beta_h":-0.0622,"A_cls":1,"H_cls":1,"color":"#ff7f0e","n_points":11.0,"svg_file":"5712.svg","rel_A":"=","rel_V":"=","regime_key":"A=_V=","regime_label":"$\\beta_A = 1,\\ \\beta_V = 1$","regime_color":"#ff7f0e","beta_group":"A=_V=","beta_group_label":"$\\beta_A = 1,\\ \\beta_V = 1$","beta_A_prob_gt1":0.076,"beta_A_prob_lt1":0.924,"beta_V_prob_gt1":0.028,"beta_V_prob_lt1":0.972,"n_boot_valid":250.0},"geometry":{"type":"Point","coordinates":[48.67016806183758,31.298766058908807]}},{"type":"Feature","properties":{"fid":5737,"city":"Tehran","country":"Iran","beta_A":0.5506,"beta_V":0.5046,"beta_h":-0.046,"A_cls":0,"H_cls":1,"color":"#1f77b4","n_points":11.0,"svg_file":"5737.svg","rel_A":"<","rel_V":"<","regime_key":"A<_V<","regime_label":"$\\beta_A < 1,\\ \\beta_V < 1$","regime_color":"#1f77b4","beta_group":"A<_V<","beta_group_label":"$\\beta_A < 1,\\ \\beta_V < 1$","beta_A_prob_gt1":0.0,"beta_A_prob_lt1":1.0,"beta_V_prob_gt1":0.0,"beta_V_prob_lt1":1.0,"n_boot_valid":250.0},"geometry":{"type":"Point","coordinates":[51.22238581364656,35.69274341779328]}},{"type":"Feature","properties":{"fid":5756,"city":"Qom","country":"Iran","beta_A":0.6248,"beta_V":0.6451,"beta_h":0.0202,"A_cls":0,"H_cls":2,"color":"#ff7f0e","n_points":11.0,"svg_file":"5756.svg","rel_A":"=","rel_V":"=","regime_key":"A=_V=","regime_label":"$\\beta_A = 1,\\ \\beta_V = 1$","regime_color":"#ff7f0e","beta_group":"A=_V=","beta_group_label":"$\\beta_A = 1,\\ \\beta_V = 1$","beta_A_prob_gt1":0.028,"beta_A_prob_lt1":0.972,"beta_V_prob_gt1":0.044,"beta_V_prob_lt1":0.956,"n_boot_valid":250.0},"geometry":{"type":"Point","coordinates":[50.874385418907174,34.645018687583935]}},{"type":"Feature","properties":{"fid":5792,"city":"Antananarivo","country":"Madagascar","beta_A":0.4219,"beta_V":0.3689,"beta_h":-0.053,"A_cls":0,"H_cls":1,"color":"#1f77b4","n_points":11.0,"svg_file":"5792.svg","rel_A":"<","rel_V":"<","regime_key":"A<_V<","regime_label":"$\\beta_A < 1,\\ \\beta_V < 1$","regime_color":"#1f77b4","beta_group":"A<_V<","beta_group_label":"$\\beta_A < 1,\\ \\beta_V < 1$","beta_A_prob_gt1":0.0,"beta_A_prob_lt1":1.0,"beta_V_prob_gt1":0.0,"beta_V_prob_lt1":1.0,"n_boot_valid":250.0},"geometry":{"type":"Point","coordinates":[47.51550576263719,-18.91984842803709]}},{"type":"Feature","properties":{"fid":5811,"city":"Isfahan","country":"Iran","beta_A":0.435,"beta_V":0.4075,"beta_h":-0.0275,"A_cls":0,"H_cls":2,"color":"#1f77b4","n_points":11.0,"svg_file":"5811.svg","rel_A":"<","rel_V":"<","regime_key":"A<_V<","regime_label":"$\\beta_A < 1,\\ \\beta_V < 1$","regime_color":"#1f77b4","beta_group":"A<_V<","beta_group_label":"$\\beta_A < 1,\\ \\beta_V < 1$","beta_A_prob_gt1":0.0,"beta_A_prob_lt1":1.0,"beta_V_prob_gt1":0.0,"beta_V_prob_lt1":1.0,"n_boot_valid":250.0},"geometry":{"type":"Point","coordinates":[51.64435882413657,32.66782034718116]}},{"type":"Feature","properties":{"fid":5820,"city":"Dammam","country":"Saudi Arabia","beta_A":0.2567,"beta_V":0.2015,"beta_h":-0.0552,"A_cls":0,"H_cls":1,"color":"#1f77b4","n_points":11.0,"svg_file":"5820.svg","rel_A":"<","rel_V":"<","regime_key":"A<_V<","regime_label":"$\\beta_A < 1,\\ \\beta_V < 1$","regime_color":"#1f77b4","beta_group":"A<_V<","beta_group_label":"$\\beta_A < 1,\\ \\beta_V < 1$","beta_A_prob_gt1":0.0,"beta_A_prob_lt1":1.0,"beta_V_prob_gt1":0.0,"beta_V_prob_lt1":1.0,"n_boot_valid":250.0},"geometry":{"type":"Point","coordinates":[50.067838349223116,26.474378373725855]}},{"type":"Feature","properties":{"fid":5826,"city":"Al Khobar","country":"Saudi Arabia","beta_A":0.1285,"beta_V":0.1019,"beta_h":-0.0265,"A_cls":0,"H_cls":2,"color":"#1f77b4","n_points":11.0,"svg_file":"5826.svg","rel_A":"<","rel_V":"<","regime_key":"A<_V<","regime_label":"$\\beta_A < 1,\\ \\beta_V < 1$","regime_color":"#1f77b4","beta_group":"A<_V<","beta_group_label":"$\\beta_A < 1,\\ \\beta_V < 1$","beta_A_prob_gt1":0.0,"beta_A_prob_lt1":1.0,"beta_V_prob_gt1":0.0,"beta_V_prob_lt1":1.0,"n_boot_valid":250.0},"geometry":{"type":"Point","coordinates":[50.17306691672991,26.309909767171153]}},{"type":"Feature","properties":{"fid":5836,"city":"Manama","country":"Bahrain","beta_A":0.3105,"beta_V":0.2475,"beta_h":-0.063,"A_cls":0,"H_cls":1,"color":"#1f77b4","n_points":11.0,"svg_file":"5836.svg","rel_A":"<","rel_V":"<","regime_key":"A<_V<","regime_label":"$\\beta_A < 1,\\ \\beta_V < 1$","regime_color":"#1f77b4","beta_group":"A<_V<","beta_group_label":"$\\beta_A < 1,\\ \\beta_V < 1$","beta_A_prob_gt1":0.0,"beta_A_prob_lt1":1.0,"beta_V_prob_gt1":0.0,"beta_V_prob_lt1":1.0,"n_boot_valid":250.0},"geometry":{"type":"Point","coordinates":[50.57855345529793,26.17081260853462]}},{"type":"Feature","properties":{"fid":5878,"city":"Yazd","country":"Iran","beta_A":0.6576,"beta_V":0.6657,"beta_h":0.0082,"A_cls":1,"H_cls":2,"color":"#1f77b4","n_points":11.0,"svg_file":"5878.svg","rel_A":"<","rel_V":"<","regime_key":"A<_V<","regime_label":"$\\beta_A < 1,\\ \\beta_V < 1$","regime_color":"#1f77b4","beta_group":"A<_V<","beta_group_label":"$\\beta_A < 1,\\ \\beta_V < 1$","beta_A_prob_gt1":0.0,"beta_A_prob_lt1":1.0,"beta_V_prob_gt1":0.0,"beta_V_prob_lt1":1.0,"n_boot_valid":250.0},"geometry":{"type":"Point","coordinates":[54.35393305688229,31.883330969671388]}},{"type":"Feature","properties":{"fid":5893,"city":"Ashgabat","country":"Turkmenistan","beta_A":0.5435,"beta_V":0.5152,"beta_h":-0.0283,"A_cls":0,"H_cls":2,"color":"#1f77b4","n_points":11.0,"svg_file":"5893.svg","rel_A":"<","rel_V":"<","regime_key":"A<_V<","regime_label":"$\\beta_A < 1,\\ \\beta_V < 1$","regime_color":"#1f77b4","beta_group":"A<_V<","beta_group_label":"$\\beta_A < 1,\\ \\beta_V < 1$","beta_A_prob_gt1":0.0,"beta_A_prob_lt1":1.0,"beta_V_prob_gt1":0.0,"beta_V_prob_lt1":1.0,"n_boot_valid":250.0},"geometry":{"type":"Point","coordinates":[58.39349321665414,37.94560521306613]}},{"type":"Feature","properties":{"fid":5915,"city":"Dubai","country":"United Arab Emirates","beta_A":0.3819,"beta_V":0.3478,"beta_h":-0.0341,"A_cls":0,"H_cls":2,"color":"#1f77b4","n_points":11.0,"svg_file":"5915.svg","rel_A":"<","rel_V":"<","regime_key":"A<_V<","regime_label":"$\\beta_A < 1,\\ \\beta_V < 1$","regime_color":"#1f77b4","beta_group":"A<_V<","beta_group_label":"$\\beta_A < 1,\\ \\beta_V < 1$","beta_A_prob_gt1":0.0,"beta_A_prob_lt1":1.0,"beta_V_prob_gt1":0.0,"beta_V_prob_lt1":1.0,"n_boot_valid":250.0},"geometry":{"type":"Point","coordinates":[55.337341414118136,25.194671852621884]}},{"type":"Feature","properties":{"fid":5918,"city":"Mashhad","country":"Iran","beta_A":0.3297,"beta_V":0.3027,"beta_h":-0.027,"A_cls":0,"H_cls":2,"color":"#1f77b4","n_points":11.0,"svg_file":"5918.svg","rel_A":"<","rel_V":"<","regime_key":"A<_V<","regime_label":"$\\beta_A < 1,\\ \\beta_V < 1$","regime_color":"#1f77b4","beta_group":"A<_V<","beta_group_label":"$\\beta_A < 1,\\ \\beta_V < 1$","beta_A_prob_gt1":0.0,"beta_A_prob_lt1":1.0,"beta_V_prob_gt1":0.0,"beta_V_prob_lt1":1.0,"n_boot_valid":250.0},"geometry":{"type":"Point","coordinates":[59.56715931845069,36.3458095809011]}},{"type":"Feature","properties":{"fid":5919,"city":"Kerman","country":"Iran","beta_A":0.602,"beta_V":0.5978,"beta_h":-0.0042,"A_cls":0,"H_cls":2,"color":"#1f77b4","n_points":11.0,"svg_file":"5919.svg","rel_A":"<","rel_V":"<","regime_key":"A<_V<","regime_label":"$\\beta_A < 1,\\ \\beta_V < 1$","regime_color":"#1f77b4","beta_group":"A<_V<","beta_group_label":"$\\beta_A < 1,\\ \\beta_V < 1$","beta_A_prob_gt1":0.0,"beta_A_prob_lt1":1.0,"beta_V_prob_gt1":0.0,"beta_V_prob_lt1":1.0,"n_boot_valid":250.0},"geometry":{"type":"Point","coordinates":[57.064140865043235,30.27904448732425]}},{"type":"Feature","properties":{"fid":5936,"city":"Nur-Sultan","country":"Kazakhstan","beta_A":0.7333,"beta_V":0.6897,"beta_h":-0.0436,"A_cls":1,"H_cls":1,"color":"#1f77b4","n_points":11.0,"svg_file":"5936.svg","rel_A":"<","rel_V":"<","regime_key":"A<_V<","regime_label":"$\\beta_A < 1,\\ \\beta_V < 1$","regime_color":"#1f77b4","beta_group":"A<_V<","beta_group_label":"$\\beta_A < 1,\\ \\beta_V < 1$","beta_A_prob_gt1":0.0,"beta_A_prob_lt1":1.0,"beta_V_prob_gt1":0.0,"beta_V_prob_lt1":1.0,"n_boot_valid":250.0},"geometry":{"type":"Point","coordinates":[71.44613501400418,51.160941884225686]}},{"type":"Feature","properties":{"fid":5958,"city":"Seeb","country":"Oman","beta_A":0.1768,"beta_V":0.1638,"beta_h":-0.013,"A_cls":0,"H_cls":2,"color":"#1f77b4","n_points":11.0,"svg_file":"5958.svg","rel_A":"<","rel_V":"<","regime_key":"A<_V<","regime_label":"$\\beta_A < 1,\\ \\beta_V < 1$","regime_color":"#1f77b4","beta_group":"A<_V<","beta_group_label":"$\\beta_A < 1,\\ \\beta_V < 1$","beta_A_prob_gt1":0.0,"beta_A_prob_lt1":1.0,"beta_V_prob_gt1":0.0,"beta_V_prob_lt1":1.0,"n_boot_valid":250.0},"geometry":{"type":"Point","coordinates":[58.21958265198704,23.643965515634697]}},{"type":"Feature","properties":{"fid":5980,"city":"Qarshi","country":"Uzbekistan","beta_A":1.0193,"beta_V":0.9604,"beta_h":-0.0589,"A_cls":1,"H_cls":1,"color":"#ff7f0e","n_points":11.0,"svg_file":"5980.svg","rel_A":"=","rel_V":"=","regime_key":"A=_V=","regime_label":"$\\beta_A = 1,\\ \\beta_V = 1$","regime_color":"#ff7f0e","beta_group":"A=_V=","beta_group_label":"$\\beta_A = 1,\\ \\beta_V = 1$","beta_A_prob_gt1":0.712,"beta_A_prob_lt1":0.288,"beta_V_prob_gt1":0.108,"beta_V_prob_lt1":0.892,"n_boot_valid":250.0},"geometry":{"type":"Point","coordinates":[65.7641482992269,38.83260591669709]}},{"type":"Feature","properties":{"fid":5991,"city":"Samarkand","country":"Uzbekistan","beta_A":0.6729,"beta_V":0.6092,"beta_h":-0.0637,"A_cls":1,"H_cls":1,"color":"#1f77b4","n_points":11.0,"svg_file":"5991.svg","rel_A":"<","rel_V":"<","regime_key":"A<_V<","regime_label":"$\\beta_A < 1,\\ \\beta_V < 1$","regime_color":"#1f77b4","beta_group":"A<_V<","beta_group_label":"$\\beta_A < 1,\\ \\beta_V < 1$","beta_A_prob_gt1":0.0,"beta_A_prob_lt1":1.0,"beta_V_prob_gt1":0.0,"beta_V_prob_lt1":1.0,"n_boot_valid":250.0},"geometry":{"type":"Point","coordinates":[66.96295132463149,39.6433901932494]}},{"type":"Feature","properties":{"fid":6003,"city":"Shymkent","country":"Kazakhstan","beta_A":0.9233,"beta_V":0.8587,"beta_h":-0.0646,"A_cls":1,"H_cls":1,"color":"#ff7f0e","n_points":11.0,"svg_file":"6003.svg","rel_A":"=","rel_V":"=","regime_key":"A=_V=","regime_label":"$\\beta_A = 1,\\ \\beta_V = 1$","regime_color":"#ff7f0e","beta_group":"A=_V=","beta_group_label":"$\\beta_A = 1,\\ \\beta_V = 1$","beta_A_prob_gt1":0.272,"beta_A_prob_lt1":0.728,"beta_V_prob_gt1":0.164,"beta_V_prob_lt1":0.836,"n_boot_valid":250.0},"geometry":{"type":"Point","coordinates":[69.59304126982218,42.3333023016474]}},{"type":"Feature","properties":{"fid":6008,"city":"Tashkent","country":"Uzbekistan","beta_A":1.4028,"beta_V":1.3463,"beta_h":-0.0565,"A_cls":2,"H_cls":1,"color":"#2ca02c","n_points":11.0,"svg_file":"6008.svg","rel_A":">","rel_V":">","regime_key":"A>_V>","regime_label":"$\\beta_A > 1,\\ \\beta_V > 1$","regime_color":"#2ca02c","beta_group":"A>_V>","beta_group_label":"$\\beta_A > 1,\\ \\beta_V > 1$","beta_A_prob_gt1":1.0,"beta_A_prob_lt1":0.0,"beta_V_prob_gt1":1.0,"beta_V_prob_lt1":0.0,"n_boot_valid":250.0},"geometry":{"type":"Point","coordinates":[69.25833303793262,41.25780000462773]}},{"type":"Feature","properties":{"fid":6045,"city":"Dushanbe","country":"Tajikistan","beta_A":0.8436,"beta_V":0.7648,"beta_h":-0.0789,"A_cls":1,"H_cls":1,"color":"#ff7f0e","n_points":11.0,"svg_file":"6045.svg","rel_A":"=","rel_V":"=","regime_key":"A=_V=","regime_label":"$\\beta_A = 1,\\ \\beta_V = 1$","regime_color":"#ff7f0e","beta_group":"A=_V=","beta_group_label":"$\\beta_A = 1,\\ \\beta_V = 1$","beta_A_prob_gt1":0.092,"beta_A_prob_lt1":0.908,"beta_V_prob_gt1":0.036,"beta_V_prob_lt1":0.964,"n_boot_valid":250.0},"geometry":{"type":"Point","coordinates":[68.80417909455917,38.5305668949828]}},{"type":"Feature","properties":{"fid":6080,"city":"Namangan","country":"Uzbekistan","beta_A":0.8702,"beta_V":0.8783,"beta_h":0.0082,"A_cls":1,"H_cls":2,"color":"#1f77b4","n_points":11.0,"svg_file":"6080.svg","rel_A":"<","rel_V":"<","regime_key":"A<_V<","regime_label":"$\\beta_A < 1,\\ \\beta_V < 1$","regime_color":"#1f77b4","beta_group":"A<_V<","beta_group_label":"$\\beta_A < 1,\\ \\beta_V < 1$","beta_A_prob_gt1":0.0,"beta_A_prob_lt1":1.0,"beta_V_prob_gt1":0.004,"beta_V_prob_lt1":0.996,"n_boot_valid":250.0},"geometry":{"type":"Point","coordinates":[71.6676648493215,40.98321861225718]}},{"type":"Feature","properties":{"fid":6094,"city":"Fergana","country":"Uzbekistan","beta_A":0.9621,"beta_V":0.9435,"beta_h":-0.0186,"A_cls":1,"H_cls":2,"color":"#ff7f0e","n_points":11.0,"svg_file":"6094.svg","rel_A":"=","rel_V":"=","regime_key":"A=_V=","regime_label":"$\\beta_A = 1,\\ \\beta_V = 1$","regime_color":"#ff7f0e","beta_group":"A=_V=","beta_group_label":"$\\beta_A = 1,\\ \\beta_V = 1$","beta_A_prob_gt1":0.164,"beta_A_prob_lt1":0.836,"beta_V_prob_gt1":0.092,"beta_V_prob_lt1":0.908,"n_boot_valid":250.0},"geometry":{"type":"Point","coordinates":[71.72806388512653,40.439812949750205]}},{"type":"Feature","properties":{"fid":6107,"city":"Andijan","country":"Uzbekistan","beta_A":0.7604,"beta_V":0.7473,"beta_h":-0.0131,"A_cls":1,"H_cls":2,"color":"#1f77b4","n_points":11.0,"svg_file":"6107.svg","rel_A":"<","rel_V":"<","regime_key":"A<_V<","regime_label":"$\\beta_A < 1,\\ \\beta_V < 1$","regime_color":"#1f77b4","beta_group":"A<_V<","beta_group_label":"$\\beta_A < 1,\\ \\beta_V < 1$","beta_A_prob_gt1":0.0,"beta_A_prob_lt1":1.0,"beta_V_prob_gt1":0.0,"beta_V_prob_lt1":1.0,"n_boot_valid":250.0},"geometry":{"type":"Point","coordinates":[72.33430243587102,40.785424666215995]}},{"type":"Feature","properties":{"fid":6116,"city":"Quetta","country":"Pakistan","beta_A":0.9596,"beta_V":0.9315,"beta_h":-0.028,"A_cls":1,"H_cls":2,"color":"#ff7f0e","n_points":11.0,"svg_file":"6116.svg","rel_A":"=","rel_V":"=","regime_key":"A=_V=","regime_label":"$\\beta_A = 1,\\ \\beta_V = 1$","regime_color":"#ff7f0e","beta_group":"A=_V=","beta_group_label":"$\\beta_A = 1,\\ \\beta_V = 1$","beta_A_prob_gt1":0.308,"beta_A_prob_lt1":0.692,"beta_V_prob_gt1":0.288,"beta_V_prob_lt1":0.712,"n_boot_valid":250.0},"geometry":{"type":"Point","coordinates":[66.99302781079835,30.16789163065065]}},{"type":"Feature","properties":{"fid":6118,"city":"Kabul","country":"Afghanistan","beta_A":0.2607,"beta_V":0.224,"beta_h":-0.0367,"A_cls":0,"H_cls":2,"color":"#1f77b4","n_points":11.0,"svg_file":"6118.svg","rel_A":"<","rel_V":"<","regime_key":"A<_V<","regime_label":"$\\beta_A < 1,\\ \\beta_V < 1$","regime_color":"#1f77b4","beta_group":"A<_V<","beta_group_label":"$\\beta_A < 1,\\ \\beta_V < 1$","beta_A_prob_gt1":0.0,"beta_A_prob_lt1":1.0,"beta_V_prob_gt1":0.0,"beta_V_prob_lt1":1.0,"n_boot_valid":250.0},"geometry":{"type":"Point","coordinates":[69.13154737859257,34.51875840307365]}},{"type":"Feature","properties":{"fid":6130,"city":"Bishkek","country":"Kyrgyzstan","beta_A":0.9418,"beta_V":0.8648,"beta_h":-0.077,"A_cls":1,"H_cls":1,"color":"#ff7f0e","n_points":11.0,"svg_file":"6130.svg","rel_A":"=","rel_V":"=","regime_key":"A=_V=","regime_label":"$\\beta_A = 1,\\ \\beta_V = 1$","regime_color":"#ff7f0e","beta_group":"A=_V=","beta_group_label":"$\\beta_A = 1,\\ \\beta_V = 1$","beta_A_prob_gt1":0.308,"beta_A_prob_lt1":0.692,"beta_V_prob_gt1":0.156,"beta_V_prob_lt1":0.844,"n_boot_valid":250.0},"geometry":{"type":"Point","coordinates":[74.6012372675334,42.88726709980228]}},{"type":"Feature","properties":{"fid":6169,"city":"Karachi","country":"Pakistan","beta_A":0.3838,"beta_V":0.3279,"beta_h":-0.056,"A_cls":0,"H_cls":1,"color":"#1f77b4","n_points":11.0,"svg_file":"6169.svg","rel_A":"<","rel_V":"<","regime_key":"A<_V<","regime_label":"$\\beta_A < 1,\\ \\beta_V < 1$","regime_color":"#1f77b4","beta_group":"A<_V<","beta_group_label":"$\\beta_A < 1,\\ \\beta_V < 1$","beta_A_prob_gt1":0.0,"beta_A_prob_lt1":1.0,"beta_V_prob_gt1":0.0,"beta_V_prob_lt1":1.0,"n_boot_valid":250.0},"geometry":{"type":"Point","coordinates":[67.06994149631201,24.909129529798154]}},{"type":"Feature","properties":{"fid":6174,"city":"Almaty","country":"Kazakhstan","beta_A":1.0422,"beta_V":0.9588,"beta_h":-0.0834,"A_cls":1,"H_cls":1,"color":"#ff7f0e","n_points":11.0,"svg_file":"6174.svg","rel_A":"=","rel_V":"=","regime_key":"A=_V=","regime_label":"$\\beta_A = 1,\\ \\beta_V = 1$","regime_color":"#ff7f0e","beta_group":"A=_V=","beta_group_label":"$\\beta_A = 1,\\ \\beta_V = 1$","beta_A_prob_gt1":0.616,"beta_A_prob_lt1":0.384,"beta_V_prob_gt1":0.368,"beta_V_prob_lt1":0.632,"n_boot_valid":250.0},"geometry":{"type":"Point","coordinates":[76.91886377917174,43.278882722560844]}},{"type":"Feature","properties":{"fid":6203,"city":"Peshawar","country":"Pakistan","beta_A":0.6634,"beta_V":0.5601,"beta_h":-0.1034,"A_cls":1,"H_cls":1,"color":"#1f77b4","n_points":11.0,"svg_file":"6203.svg","rel_A":"<","rel_V":"<","regime_key":"A<_V<","regime_label":"$\\beta_A < 1,\\ \\beta_V < 1$","regime_color":"#1f77b4","beta_group":"A<_V<","beta_group_label":"$\\beta_A < 1,\\ \\beta_V < 1$","beta_A_prob_gt1":0.0,"beta_A_prob_lt1":1.0,"beta_V_prob_gt1":0.0,"beta_V_prob_lt1":1.0,"n_boot_valid":250.0},"geometry":{"type":"Point","coordinates":[71.49636385315289,33.99272368464217]}},{"type":"Feature","properties":{"fid":6238,"city":"Mardan","country":"Pakistan","beta_A":1.1119,"beta_V":1.0446,"beta_h":-0.0673,"A_cls":2,"H_cls":1,"color":"#2ca02c","n_points":11.0,"svg_file":"6238.svg","rel_A":">","rel_V":">","regime_key":"A>_V>","regime_label":"$\\beta_A > 1,\\ \\beta_V > 1$","regime_color":"#2ca02c","beta_group":"A>_V>","beta_group_label":"$\\beta_A > 1,\\ \\beta_V > 1$","beta_A_prob_gt1":1.0,"beta_A_prob_lt1":0.0,"beta_V_prob_gt1":0.996,"beta_V_prob_lt1":0.004,"n_boot_valid":250.0},"geometry":{"type":"Point","coordinates":[72.05023171381679,34.17082853370588]}},{"type":"Feature","properties":{"fid":6251,"city":"Hyderabad","country":"Pakistan","beta_A":0.6276,"beta_V":0.5461,"beta_h":-0.0815,"A_cls":0,"H_cls":1,"color":"#1f77b4","n_points":11.0,"svg_file":"6251.svg","rel_A":"<","rel_V":"<","regime_key":"A<_V<","regime_label":"$\\beta_A < 1,\\ \\beta_V < 1$","regime_color":"#1f77b4","beta_group":"A<_V<","beta_group_label":"$\\beta_A < 1,\\ \\beta_V < 1$","beta_A_prob_gt1":0.0,"beta_A_prob_lt1":1.0,"beta_V_prob_gt1":0.0,"beta_V_prob_lt1":1.0,"n_boot_valid":250.0},"geometry":{"type":"Point","coordinates":[68.35958524582364,25.387977702807756]}},{"type":"Feature","properties":{"fid":6329,"city":"Rawalpindi [Islamabad]","country":"Pakistan","beta_A":1.413,"beta_V":1.4068,"beta_h":-0.0062,"A_cls":2,"H_cls":2,"color":"#2ca02c","n_points":11.0,"svg_file":"6329.svg","rel_A":">","rel_V":">","regime_key":"A>_V>","regime_label":"$\\beta_A > 1,\\ \\beta_V > 1$","regime_color":"#2ca02c","beta_group":"A>_V>","beta_group_label":"$\\beta_A > 1,\\ \\beta_V > 1$","beta_A_prob_gt1":0.996,"beta_A_prob_lt1":0.004,"beta_V_prob_gt1":0.996,"beta_V_prob_lt1":0.004,"n_boot_valid":250.0},"geometry":{"type":"Point","coordinates":[73.04393231086033,33.63693551511509]}},{"type":"Feature","properties":{"fid":6337,"city":"Multan","country":"Pakistan","beta_A":0.693,"beta_V":0.5746,"beta_h":-0.1184,"A_cls":1,"H_cls":1,"color":"#1f77b4","n_points":11.0,"svg_file":"6337.svg","rel_A":"<","rel_V":"<","regime_key":"A<_V<","regime_label":"$\\beta_A < 1,\\ \\beta_V < 1$","regime_color":"#1f77b4","beta_group":"A<_V<","beta_group_label":"$\\beta_A < 1,\\ \\beta_V < 1$","beta_A_prob_gt1":0.0,"beta_A_prob_lt1":1.0,"beta_V_prob_gt1":0.0,"beta_V_prob_lt1":1.0,"n_boot_valid":250.0},"geometry":{"type":"Point","coordinates":[71.4739648740923,30.189263875755227]}},{"type":"Feature","properties":{"fid":6405,"city":"Faisalabad","country":"Pakistan","beta_A":0.5171,"beta_V":0.4565,"beta_h":-0.0606,"A_cls":0,"H_cls":1,"color":"#1f77b4","n_points":11.0,"svg_file":"6405.svg","rel_A":"<","rel_V":"<","regime_key":"A<_V<","regime_label":"$\\beta_A < 1,\\ \\beta_V < 1$","regime_color":"#1f77b4","beta_group":"A<_V<","beta_group_label":"$\\beta_A < 1,\\ \\beta_V < 1$","beta_A_prob_gt1":0.0,"beta_A_prob_lt1":1.0,"beta_V_prob_gt1":0.0,"beta_V_prob_lt1":1.0,"n_boot_valid":250.0},"geometry":{"type":"Point","coordinates":[73.09088550222765,31.419004699909788]}},{"type":"Feature","properties":{"fid":6426,"city":"Ghaseet pura69 RB","country":"Pakistan","beta_A":0.834,"beta_V":0.7557,"beta_h":-0.0782,"A_cls":1,"H_cls":1,"color":"#1f77b4","n_points":11.0,"svg_file":"6426.svg","rel_A":"<","rel_V":"<","regime_key":"A<_V<","regime_label":"$\\beta_A < 1,\\ \\beta_V < 1$","regime_color":"#1f77b4","beta_group":"A<_V<","beta_group_label":"$\\beta_A < 1,\\ \\beta_V < 1$","beta_A_prob_gt1":0.0,"beta_A_prob_lt1":1.0,"beta_V_prob_gt1":0.0,"beta_V_prob_lt1":1.0,"n_boot_valid":250.0},"geometry":{"type":"Point","coordinates":[73.34608983356162,31.513518772784153]}},{"type":"Feature","properties":{"fid":6442,"city":"Srinagar","country":"India","beta_A":0.9677,"beta_V":0.8182,"beta_h":-0.1495,"A_cls":1,"H_cls":0,"color":"#d62728","n_points":11.0,"svg_file":"6442.svg","rel_A":"=","rel_V":"<","regime_key":"A=_V<","regime_label":"$\\beta_A = 1,\\ \\beta_V < 1$","regime_color":"#d62728","beta_group":"A=_V<","beta_group_label":"$\\beta_A = 1,\\ \\beta_V < 1$","beta_A_prob_gt1":0.276,"beta_A_prob_lt1":0.724,"beta_V_prob_gt1":0.0,"beta_V_prob_lt1":1.0,"n_boot_valid":250.0},"geometry":{"type":"Point","coordinates":[74.8093391941031,34.09696277780326]}},{"type":"Feature","properties":{"fid":6469,"city":"Gujranwala","country":"Pakistan","beta_A":0.9085,"beta_V":0.8363,"beta_h":-0.0723,"A_cls":1,"H_cls":1,"color":"#d62728","n_points":11.0,"svg_file":"6469.svg","rel_A":"=","rel_V":"<","regime_key":"A=_V<","regime_label":"$\\beta_A = 1,\\ \\beta_V < 1$","regime_color":"#d62728","beta_group":"A=_V<","beta_group_label":"$\\beta_A = 1,\\ \\beta_V < 1$","beta_A_prob_gt1":0.044,"beta_A_prob_lt1":0.956,"beta_V_prob_gt1":0.0,"beta_V_prob_lt1":1.0,"n_boot_valid":250.0},"geometry":{"type":"Point","coordinates":[74.18864186564282,32.09859559396807]}},{"type":"Feature","properties":{"fid":6473,"city":"Lahore","country":"Pakistan","beta_A":0.7098,"beta_V":0.6222,"beta_h":-0.0876,"A_cls":1,"H_cls":1,"color":"#1f77b4","n_points":11.0,"svg_file":"6473.svg","rel_A":"<","rel_V":"<","regime_key":"A<_V<","regime_label":"$\\beta_A < 1,\\ \\beta_V < 1$","regime_color":"#1f77b4","beta_group":"A<_V<","beta_group_label":"$\\beta_A < 1,\\ \\beta_V < 1$","beta_A_prob_gt1":0.0,"beta_A_prob_lt1":1.0,"beta_V_prob_gt1":0.0,"beta_V_prob_lt1":1.0,"n_boot_valid":250.0},"geometry":{"type":"Point","coordinates":[74.32040105110703,31.479145847629717]}},{"type":"Feature","properties":{"fid":6476,"city":"Sialkot","country":"Pakistan","beta_A":1.2648,"beta_V":1.1262,"beta_h":-0.1386,"A_cls":2,"H_cls":0,"color":"#2ca02c","n_points":11.0,"svg_file":"6476.svg","rel_A":">","rel_V":">","regime_key":"A>_V>","regime_label":"$\\beta_A > 1,\\ \\beta_V > 1$","regime_color":"#2ca02c","beta_group":"A>_V>","beta_group_label":"$\\beta_A > 1,\\ \\beta_V > 1$","beta_A_prob_gt1":1.0,"beta_A_prob_lt1":0.0,"beta_V_prob_gt1":0.992,"beta_V_prob_lt1":0.008,"n_boot_valid":250.0},"geometry":{"type":"Point","coordinates":[74.51289818796833,32.452045468588196]}},{"type":"Feature","properties":{"fid":6503,"city":"Jammu","country":"India","beta_A":2.5319,"beta_V":2.4128,"beta_h":-0.1191,"A_cls":2,"H_cls":1,"color":"#2ca02c","n_points":11.0,"svg_file":"6503.svg","rel_A":">","rel_V":">","regime_key":"A>_V>","regime_label":"$\\beta_A > 1,\\ \\beta_V > 1$","regime_color":"#2ca02c","beta_group":"A>_V>","beta_group_label":"$\\beta_A > 1,\\ \\beta_V > 1$","beta_A_prob_gt1":1.0,"beta_A_prob_lt1":0.0,"beta_V_prob_gt1":1.0,"beta_V_prob_lt1":0.0,"n_boot_valid":250.0},"geometry":{"type":"Point","coordinates":[74.87015852778781,32.70236369052759]}},{"type":"Feature","properties":{"fid":6522,"city":"Rajkot","country":"India","beta_A":0.8999,"beta_V":0.7658,"beta_h":-0.1341,"A_cls":1,"H_cls":0,"color":"#d62728","n_points":11.0,"svg_file":"6522.svg","rel_A":"=","rel_V":"<","regime_key":"A=_V<","regime_label":"$\\beta_A = 1,\\ \\beta_V < 1$","regime_color":"#d62728","beta_group":"A=_V<","beta_group_label":"$\\beta_A = 1,\\ \\beta_V < 1$","beta_A_prob_gt1":0.084,"beta_A_prob_lt1":0.916,"beta_V_prob_gt1":0.0,"beta_V_prob_lt1":1.0,"n_boot_valid":250.0},"geometry":{"type":"Point","coordinates":[70.79900120997459,22.275118818813073]}},{"type":"Feature","properties":{"fid":6548,"city":"Amritsar","country":"India","beta_A":1.1639,"beta_V":1.0009,"beta_h":-0.163,"A_cls":2,"H_cls":0,"color":"#9467bd","n_points":11.0,"svg_file":"6548.svg","rel_A":">","rel_V":"=","regime_key":"A>_V=","regime_label":"$\\beta_A > 1,\\ \\beta_V = 1$","regime_color":"#9467bd","beta_group":"A>_V=","beta_group_label":"$\\beta_A > 1,\\ \\beta_V = 1$","beta_A_prob_gt1":0.996,"beta_A_prob_lt1":0.004,"beta_V_prob_gt1":0.488,"beta_V_prob_lt1":0.512,"n_boot_valid":250.0},"geometry":{"type":"Point","coordinates":[74.87424835920822,31.651058317491536]}},{"type":"Feature","properties":{"fid":6595,"city":"Jodhpur","country":"India","beta_A":1.0506,"beta_V":0.8867,"beta_h":-0.1638,"A_cls":2,"H_cls":0,"color":"#ff7f0e","n_points":11.0,"svg_file":"6595.svg","rel_A":"=","rel_V":"=","regime_key":"A=_V=","regime_label":"$\\beta_A = 1,\\ \\beta_V = 1$","regime_color":"#ff7f0e","beta_group":"A=_V=","beta_group_label":"$\\beta_A = 1,\\ \\beta_V = 1$","beta_A_prob_gt1":0.816,"beta_A_prob_lt1":0.184,"beta_V_prob_gt1":0.056,"beta_V_prob_lt1":0.944,"n_boot_valid":250.0},"geometry":{"type":"Point","coordinates":[73.02143869762749,26.27196768040111]}},{"type":"Feature","properties":{"fid":6618,"city":"Jalandhar","country":"India","beta_A":1.3915,"beta_V":1.2594,"beta_h":-0.1322,"A_cls":2,"H_cls":0,"color":"#2ca02c","n_points":11.0,"svg_file":"6618.svg","rel_A":">","rel_V":">","regime_key":"A>_V>","regime_label":"$\\beta_A > 1,\\ \\beta_V > 1$","regime_color":"#2ca02c","beta_group":"A>_V>","beta_group_label":"$\\beta_A > 1,\\ \\beta_V > 1$","beta_A_prob_gt1":1.0,"beta_A_prob_lt1":0.0,"beta_V_prob_gt1":1.0,"beta_V_prob_lt1":0.0,"n_boot_valid":250.0},"geometry":{"type":"Point","coordinates":[75.56314394237681,31.333114030354885]}},{"type":"Feature","properties":{"fid":6651,"city":"Ahmedabad","country":"India","beta_A":0.712,"beta_V":0.6482,"beta_h":-0.0639,"A_cls":1,"H_cls":1,"color":"#1f77b4","n_points":11.0,"svg_file":"6651.svg","rel_A":"<","rel_V":"<","regime_key":"A<_V<","regime_label":"$\\beta_A < 1,\\ \\beta_V < 1$","regime_color":"#1f77b4","beta_group":"A<_V<","beta_group_label":"$\\beta_A < 1,\\ \\beta_V < 1$","beta_A_prob_gt1":0.0,"beta_A_prob_lt1":1.0,"beta_V_prob_gt1":0.0,"beta_V_prob_lt1":1.0,"n_boot_valid":250.0},"geometry":{"type":"Point","coordinates":[72.57825821579614,23.042358605918526]}},{"type":"Feature","properties":{"fid":6659,"city":"Ludhiana","country":"India","beta_A":0.7036,"beta_V":0.6551,"beta_h":-0.0485,"A_cls":1,"H_cls":1,"color":"#1f77b4","n_points":11.0,"svg_file":"6659.svg","rel_A":"<","rel_V":"<","regime_key":"A<_V<","regime_label":"$\\beta_A < 1,\\ \\beta_V < 1$","regime_color":"#1f77b4","beta_group":"A<_V<","beta_group_label":"$\\beta_A < 1,\\ \\beta_V < 1$","beta_A_prob_gt1":0.0,"beta_A_prob_lt1":1.0,"beta_V_prob_gt1":0.0,"beta_V_prob_lt1":1.0,"n_boot_valid":250.0},"geometry":{"type":"Point","coordinates":[75.86108607752736,30.904102428513248]}},{"type":"Feature","properties":{"fid":6712,"city":"Udaipur","country":"India","beta_A":2.4997,"beta_V":2.3656,"beta_h":-0.1341,"A_cls":2,"H_cls":0,"color":"#2ca02c","n_points":11.0,"svg_file":"6712.svg","rel_A":">","rel_V":">","regime_key":"A>_V>","regime_label":"$\\beta_A > 1,\\ \\beta_V > 1$","regime_color":"#2ca02c","beta_group":"A>_V>","beta_group_label":"$\\beta_A > 1,\\ \\beta_V > 1$","beta_A_prob_gt1":1.0,"beta_A_prob_lt1":0.0,"beta_V_prob_gt1":1.0,"beta_V_prob_lt1":0.0,"n_boot_valid":250.0},"geometry":{"type":"Point","coordinates":[73.7283299879639,24.59867711795519]}},{"type":"Feature","properties":{"fid":6728,"city":"Surat","country":"India","beta_A":0.6138,"beta_V":0.5414,"beta_h":-0.0724,"A_cls":0,"H_cls":1,"color":"#1f77b4","n_points":11.0,"svg_file":"6728.svg","rel_A":"<","rel_V":"<","regime_key":"A<_V<","regime_label":"$\\beta_A < 1,\\ \\beta_V < 1$","regime_color":"#1f77b4","beta_group":"A<_V<","beta_group_label":"$\\beta_A < 1,\\ \\beta_V < 1$","beta_A_prob_gt1":0.0,"beta_A_prob_lt1":1.0,"beta_V_prob_gt1":0.0,"beta_V_prob_lt1":1.0,"n_boot_valid":250.0},"geometry":{"type":"Point","coordinates":[72.75822166764955,21.18122457211405]}},{"type":"Feature","properties":{"fid":6737,"city":"Vadodara","country":"India","beta_A":1.3891,"beta_V":1.2208,"beta_h":-0.1683,"A_cls":2,"H_cls":0,"color":"#2ca02c","n_points":11.0,"svg_file":"6737.svg","rel_A":">","rel_V":">","regime_key":"A>_V>","regime_label":"$\\beta_A > 1,\\ \\beta_V > 1$","regime_color":"#2ca02c","beta_group":"A>_V>","beta_group_label":"$\\beta_A > 1,\\ \\beta_V > 1$","beta_A_prob_gt1":1.0,"beta_A_prob_lt1":0.0,"beta_V_prob_gt1":1.0,"beta_V_prob_lt1":0.0,"n_boot_valid":250.0},"geometry":{"type":"Point","coordinates":[73.19141749916066,22.325106761090364]}},{"type":"Feature","properties":{"fid":6760,"city":"Chandigarh","country":"India","beta_A":0.7191,"beta_V":0.6503,"beta_h":-0.0688,"A_cls":1,"H_cls":1,"color":"#1f77b4","n_points":11.0,"svg_file":"6760.svg","rel_A":"<","rel_V":"<","regime_key":"A<_V<","regime_label":"$\\beta_A < 1,\\ \\beta_V < 1$","regime_color":"#1f77b4","beta_group":"A<_V<","beta_group_label":"$\\beta_A < 1,\\ \\beta_V < 1$","beta_A_prob_gt1":0.0,"beta_A_prob_lt1":1.0,"beta_V_prob_gt1":0.0,"beta_V_prob_lt1":1.0,"n_boot_valid":250.0},"geometry":{"type":"Point","coordinates":[76.76140811783695,30.707001609192282]}},{"type":"Feature","properties":{"fid":6840,"city":"Vasai-Virar","country":"India","beta_A":1.4655,"beta_V":1.3946,"beta_h":-0.0708,"A_cls":2,"H_cls":1,"color":"#2ca02c","n_points":11.0,"svg_file":"6840.svg","rel_A":">","rel_V":">","regime_key":"A>_V>","regime_label":"$\\beta_A > 1,\\ \\beta_V > 1$","regime_color":"#2ca02c","beta_group":"A>_V>","beta_group_label":"$\\beta_A > 1,\\ \\beta_V > 1$","beta_A_prob_gt1":1.0,"beta_A_prob_lt1":0.0,"beta_V_prob_gt1":1.0,"beta_V_prob_lt1":0.0,"n_boot_valid":250.0},"geometry":{"type":"Point","coordinates":[72.82772073927462,19.403397084435397]}},{"type":"Feature","properties":{"fid":6845,"city":"Mumbai","country":"India","beta_A":0.9235,"beta_V":0.8193,"beta_h":-0.1042,"A_cls":1,"H_cls":1,"color":"#d62728","n_points":11.0,"svg_file":"6845.svg","rel_A":"=","rel_V":"<","regime_key":"A=_V<","regime_label":"$\\beta_A = 1,\\ \\beta_V < 1$","regime_color":"#d62728","beta_group":"A=_V<","beta_group_label":"$\\beta_A = 1,\\ \\beta_V < 1$","beta_A_prob_gt1":0.072,"beta_A_prob_lt1":0.928,"beta_V_prob_gt1":0.004,"beta_V_prob_lt1":0.996,"n_boot_valid":250.0},"geometry":{"type":"Point","coordinates":[72.87919592952022,19.10163252621671]}},{"type":"Feature","properties":{"fid":6893,"city":"Jaipur","country":"India","beta_A":1.0176,"beta_V":0.9121,"beta_h":-0.1055,"A_cls":1,"H_cls":1,"color":"#ff7f0e","n_points":11.0,"svg_file":"6893.svg","rel_A":"=","rel_V":"=","regime_key":"A=_V=","regime_label":"$\\beta_A = 1,\\ \\beta_V = 1$","regime_color":"#ff7f0e","beta_group":"A=_V=","beta_group_label":"$\\beta_A = 1,\\ \\beta_V = 1$","beta_A_prob_gt1":0.612,"beta_A_prob_lt1":0.388,"beta_V_prob_gt1":0.172,"beta_V_prob_lt1":0.828,"n_boot_valid":250.0},"geometry":{"type":"Point","coordinates":[75.77352169222603,26.892279248263314]}},{"type":"Feature","properties":{"fid":6912,"city":"Panipat","country":"India","beta_A":1.5319,"beta_V":1.3738,"beta_h":-0.1581,"A_cls":2,"H_cls":0,"color":"#2ca02c","n_points":11.0,"svg_file":"6912.svg","rel_A":">","rel_V":">","regime_key":"A>_V>","regime_label":"$\\beta_A > 1,\\ \\beta_V > 1$","regime_color":"#2ca02c","beta_group":"A>_V>","beta_group_label":"$\\beta_A > 1,\\ \\beta_V > 1$","beta_A_prob_gt1":1.0,"beta_A_prob_lt1":0.0,"beta_V_prob_gt1":1.0,"beta_V_prob_lt1":0.0,"n_boot_valid":250.0},"geometry":{"type":"Point","coordinates":[76.97063039094714,29.39965818685105]}},{"type":"Feature","properties":{"fid":6955,"city":"Delhi [New Delhi]","country":"India","beta_A":0.4662,"beta_V":0.4052,"beta_h":-0.061,"A_cls":0,"H_cls":1,"color":"#1f77b4","n_points":11.0,"svg_file":"6955.svg","rel_A":"<","rel_V":"<","regime_key":"A<_V<","regime_label":"$\\beta_A < 1,\\ \\beta_V < 1$","regime_color":"#1f77b4","beta_group":"A<_V<","beta_group_label":"$\\beta_A < 1,\\ \\beta_V < 1$","beta_A_prob_gt1":0.0,"beta_A_prob_lt1":1.0,"beta_V_prob_gt1":0.0,"beta_V_prob_lt1":1.0,"n_boot_valid":250.0},"geometry":{"type":"Point","coordinates":[77.27136269100271,28.693119658614545]}},{"type":"Feature","properties":{"fid":6970,"city":"Nashik","country":"India","beta_A":1.8596,"beta_V":1.8351,"beta_h":-0.0245,"A_cls":2,"H_cls":2,"color":"#2ca02c","n_points":11.0,"svg_file":"6970.svg","rel_A":">","rel_V":">","regime_key":"A>_V>","regime_label":"$\\beta_A > 1,\\ \\beta_V > 1$","regime_color":"#2ca02c","beta_group":"A>_V>","beta_group_label":"$\\beta_A > 1,\\ \\beta_V > 1$","beta_A_prob_gt1":1.0,"beta_A_prob_lt1":0.0,"beta_V_prob_gt1":1.0,"beta_V_prob_lt1":0.0,"n_boot_valid":250.0},"geometry":{"type":"Point","coordinates":[73.78696732765171,19.974442984974722]}},{"type":"Feature","properties":{"fid":7016,"city":"Dehradun","country":"India","beta_A":1.4845,"beta_V":1.4147,"beta_h":-0.0698,"A_cls":2,"H_cls":1,"color":"#2ca02c","n_points":11.0,"svg_file":"7016.svg","rel_A":">","rel_V":">","regime_key":"A>_V>","regime_label":"$\\beta_A > 1,\\ \\beta_V > 1$","regime_color":"#2ca02c","beta_group":"A>_V>","beta_group_label":"$\\beta_A > 1,\\ \\beta_V > 1$","beta_A_prob_gt1":1.0,"beta_A_prob_lt1":0.0,"beta_V_prob_gt1":1.0,"beta_V_prob_lt1":0.0,"n_boot_valid":250.0},"geometry":{"type":"Point","coordinates":[78.03705093384852,30.321808256164235]}},{"type":"Feature","properties":{"fid":7028,"city":"Kota","country":"India","beta_A":1.1855,"beta_V":1.0273,"beta_h":-0.1582,"A_cls":2,"H_cls":0,"color":"#ff7f0e","n_points":11.0,"svg_file":"7028.svg","rel_A":"=","rel_V":"=","regime_key":"A=_V=","regime_label":"$\\beta_A = 1,\\ \\beta_V = 1$","regime_color":"#ff7f0e","beta_group":"A=_V=","beta_group_label":"$\\beta_A = 1,\\ \\beta_V = 1$","beta_A_prob_gt1":0.988,"beta_A_prob_lt1":0.012,"beta_V_prob_gt1":0.64,"beta_V_prob_lt1":0.36,"n_boot_valid":250.0},"geometry":{"type":"Point","coordinates":[75.8481776506534,25.177868237790534]}},{"type":"Feature","properties":{"fid":7041,"city":"Pune","country":"India","beta_A":2.0882,"beta_V":2.0112,"beta_h":-0.077,"A_cls":2,"H_cls":1,"color":"#2ca02c","n_points":11.0,"svg_file":"7041.svg","rel_A":">","rel_V":">","regime_key":"A>_V>","regime_label":"$\\beta_A > 1,\\ \\beta_V > 1$","regime_color":"#2ca02c","beta_group":"A>_V>","beta_group_label":"$\\beta_A > 1,\\ \\beta_V > 1$","beta_A_prob_gt1":1.0,"beta_A_prob_lt1":0.0,"beta_V_prob_gt1":1.0,"beta_V_prob_lt1":0.0,"n_boot_valid":250.0},"geometry":{"type":"Point","coordinates":[73.81769270894047,18.601906826402153]}},{"type":"Feature","properties":{"fid":7045,"city":"Ürümqi","country":"China","beta_A":0.492,"beta_V":0.4536,"beta_h":-0.0384,"A_cls":0,"H_cls":2,"color":"#1f77b4","n_points":11.0,"svg_file":"7045.svg","rel_A":"<","rel_V":"<","regime_key":"A<_V<","regime_label":"$\\beta_A < 1,\\ \\beta_V < 1$","regime_color":"#1f77b4","beta_group":"A<_V<","beta_group_label":"$\\beta_A < 1,\\ \\beta_V < 1$","beta_A_prob_gt1":0.0,"beta_A_prob_lt1":1.0,"beta_V_prob_gt1":0.0,"beta_V_prob_lt1":1.0,"n_boot_valid":250.0},"geometry":{"type":"Point","coordinates":[87.55613606009331,43.85435058621782]}},{"type":"Feature","properties":{"fid":7055,"city":"Haridwar","country":"India","beta_A":1.4726,"beta_V":1.3861,"beta_h":-0.0865,"A_cls":2,"H_cls":1,"color":"#2ca02c","n_points":11.0,"svg_file":"7055.svg","rel_A":">","rel_V":">","regime_key":"A>_V>","regime_label":"$\\beta_A > 1,\\ \\beta_V > 1$","regime_color":"#2ca02c","beta_group":"A>_V>","beta_group_label":"$\\beta_A > 1,\\ \\beta_V > 1$","beta_A_prob_gt1":1.0,"beta_A_prob_lt1":0.0,"beta_V_prob_gt1":1.0,"beta_V_prob_lt1":0.0,"n_boot_valid":250.0},"geometry":{"type":"Point","coordinates":[78.06373514048266,29.95426911047089]}},{"type":"Feature","properties":{"fid":7061,"city":"Meerut","country":"India","beta_A":1.2158,"beta_V":1.0586,"beta_h":-0.1572,"A_cls":2,"H_cls":0,"color":"#9467bd","n_points":11.0,"svg_file":"7061.svg","rel_A":">","rel_V":"=","regime_key":"A>_V=","regime_label":"$\\beta_A > 1,\\ \\beta_V = 1$","regime_color":"#9467bd","beta_group":"A>_V=","beta_group_label":"$\\beta_A > 1,\\ \\beta_V = 1$","beta_A_prob_gt1":1.0,"beta_A_prob_lt1":0.0,"beta_V_prob_gt1":0.968,"beta_V_prob_lt1":0.032,"n_boot_valid":250.0},"geometry":{"type":"Point","coordinates":[77.70011035537894,28.99934530686717]}},{"type":"Feature","properties":{"fid":7190,"city":"Indore","country":"India","beta_A":1.0658,"beta_V":0.9075,"beta_h":-0.1583,"A_cls":2,"H_cls":0,"color":"#ff7f0e","n_points":11.0,"svg_file":"7190.svg","rel_A":"=","rel_V":"=","regime_key":"A=_V=","regime_label":"$\\beta_A = 1,\\ \\beta_V = 1$","regime_color":"#ff7f0e","beta_group":"A=_V=","beta_group_label":"$\\beta_A = 1,\\ \\beta_V = 1$","beta_A_prob_gt1":0.868,"beta_A_prob_lt1":0.132,"beta_V_prob_gt1":0.092,"beta_V_prob_lt1":0.908,"n_boot_valid":250.0},"geometry":{"type":"Point","coordinates":[75.86738747637817,22.666874397317358]}},{"type":"Feature","properties":{"fid":7251,"city":"Moradabad","country":"India","beta_A":1.4085,"beta_V":1.2077,"beta_h":-0.2007,"A_cls":2,"H_cls":0,"color":"#2ca02c","n_points":11.0,"svg_file":"7251.svg","rel_A":">","rel_V":">","regime_key":"A>_V>","regime_label":"$\\beta_A > 1,\\ \\beta_V > 1$","regime_color":"#2ca02c","beta_group":"A>_V>","beta_group_label":"$\\beta_A > 1,\\ \\beta_V > 1$","beta_A_prob_gt1":1.0,"beta_A_prob_lt1":0.0,"beta_V_prob_gt1":1.0,"beta_V_prob_lt1":0.0,"n_boot_valid":250.0},"geometry":{"type":"Point","coordinates":[78.76888158022106,28.82917781592608]}},{"type":"Feature","properties":{"fid":7264,"city":"Agra","country":"India","beta_A":0.8443,"beta_V":0.7284,"beta_h":-0.1159,"A_cls":1,"H_cls":1,"color":"#1f77b4","n_points":11.0,"svg_file":"7264.svg","rel_A":"<","rel_V":"<","regime_key":"A<_V<","regime_label":"$\\beta_A < 1,\\ \\beta_V < 1$","regime_color":"#1f77b4","beta_group":"A<_V<","beta_group_label":"$\\beta_A < 1,\\ \\beta_V < 1$","beta_A_prob_gt1":0.0,"beta_A_prob_lt1":1.0,"beta_V_prob_gt1":0.0,"beta_V_prob_lt1":1.0,"n_boot_valid":250.0},"geometry":{"type":"Point","coordinates":[78.0105035996179,27.15006475148302]}},{"type":"Feature","properties":{"fid":7266,"city":"Aurangabad","country":"India","beta_A":1.3828,"beta_V":1.2227,"beta_h":-0.1601,"A_cls":2,"H_cls":0,"color":"#2ca02c","n_points":11.0,"svg_file":"7266.svg","rel_A":">","rel_V":">","regime_key":"A>_V>","regime_label":"$\\beta_A > 1,\\ \\beta_V > 1$","regime_color":"#2ca02c","beta_group":"A>_V>","beta_group_label":"$\\beta_A > 1,\\ \\beta_V > 1$","beta_A_prob_gt1":1.0,"beta_A_prob_lt1":0.0,"beta_V_prob_gt1":1.0,"beta_V_prob_lt1":0.0,"n_boot_valid":250.0},"geometry":{"type":"Point","coordinates":[75.35701396980132,19.866795081675555]}},{"type":"Feature","properties":{"fid":7387,"city":"Gwalior","country":"India","beta_A":1.388,"beta_V":1.2656,"beta_h":-0.1224,"A_cls":2,"H_cls":0,"color":"#2ca02c","n_points":11.0,"svg_file":"7387.svg","rel_A":">","rel_V":">","regime_key":"A>_V>","regime_label":"$\\beta_A > 1,\\ \\beta_V > 1$","regime_color":"#2ca02c","beta_group":"A>_V>","beta_group_label":"$\\beta_A > 1,\\ \\beta_V > 1$","beta_A_prob_gt1":1.0,"beta_A_prob_lt1":0.0,"beta_V_prob_gt1":1.0,"beta_V_prob_lt1":0.0,"n_boot_valid":250.0},"geometry":{"type":"Point","coordinates":[78.18252620362391,26.234030932544407]}},{"type":"Feature","properties":{"fid":7436,"city":"Bareilly","country":"India","beta_A":1.633,"beta_V":1.4828,"beta_h":-0.1502,"A_cls":2,"H_cls":0,"color":"#2ca02c","n_points":11.0,"svg_file":"7436.svg","rel_A":">","rel_V":">","regime_key":"A>_V>","regime_label":"$\\beta_A > 1,\\ \\beta_V > 1$","regime_color":"#2ca02c","beta_group":"A>_V>","beta_group_label":"$\\beta_A > 1,\\ \\beta_V > 1$","beta_A_prob_gt1":1.0,"beta_A_prob_lt1":0.0,"beta_V_prob_gt1":1.0,"beta_V_prob_lt1":0.0,"n_boot_valid":250.0},"geometry":{"type":"Point","coordinates":[79.42883044777587,28.37874081242226]}},{"type":"Feature","properties":{"fid":7459,"city":"Bhopal","country":"India","beta_A":1.0752,"beta_V":0.9506,"beta_h":-0.1246,"A_cls":2,"H_cls":0,"color":"#ff7f0e","n_points":11.0,"svg_file":"7459.svg","rel_A":"=","rel_V":"=","regime_key":"A=_V=","regime_label":"$\\beta_A = 1,\\ \\beta_V = 1$","regime_color":"#ff7f0e","beta_group":"A=_V=","beta_group_label":"$\\beta_A = 1,\\ \\beta_V = 1$","beta_A_prob_gt1":0.916,"beta_A_prob_lt1":0.084,"beta_V_prob_gt1":0.26,"beta_V_prob_lt1":0.74,"n_boot_valid":250.0},"geometry":{"type":"Point","coordinates":[77.4421122809452,23.234426855396855]}},{"type":"Feature","properties":{"fid":7496,"city":"Mangaluru","country":"India","beta_A":1.7718,"beta_V":1.7402,"beta_h":-0.0317,"A_cls":2,"H_cls":2,"color":"#2ca02c","n_points":11.0,"svg_file":"7496.svg","rel_A":">","rel_V":">","regime_key":"A>_V>","regime_label":"$\\beta_A > 1,\\ \\beta_V > 1$","regime_color":"#2ca02c","beta_group":"A>_V>","beta_group_label":"$\\beta_A > 1,\\ \\beta_V > 1$","beta_A_prob_gt1":1.0,"beta_A_prob_lt1":0.0,"beta_V_prob_gt1":1.0,"beta_V_prob_lt1":0.0,"n_boot_valid":250.0},"geometry":{"type":"Point","coordinates":[74.85654537784592,12.893075067103414]}},{"type":"Feature","properties":{"fid":7724,"city":"Kozhikode","country":"India","beta_A":1.1832,"beta_V":1.0845,"beta_h":-0.0987,"A_cls":2,"H_cls":1,"color":"#ff7f0e","n_points":11.0,"svg_file":"7724.svg","rel_A":"=","rel_V":"=","regime_key":"A=_V=","regime_label":"$\\beta_A = 1,\\ \\beta_V = 1$","regime_color":"#ff7f0e","beta_group":"A=_V=","beta_group_label":"$\\beta_A = 1,\\ \\beta_V = 1$","beta_A_prob_gt1":0.9,"beta_A_prob_lt1":0.1,"beta_V_prob_gt1":0.72,"beta_V_prob_lt1":0.28,"n_boot_valid":250.0},"geometry":{"type":"Point","coordinates":[75.83061213295595,11.249378491487752]}},{"type":"Feature","properties":{"fid":7779,"city":"Guruvayur","country":"India","beta_A":0.8874,"beta_V":0.9698,"beta_h":0.0824,"A_cls":1,"H_cls":2,"color":"#ff7f0e","n_points":11.0,"svg_file":"7779.svg","rel_A":"=","rel_V":"=","regime_key":"A=_V=","regime_label":"$\\beta_A = 1,\\ \\beta_V = 1$","regime_color":"#ff7f0e","beta_group":"A=_V=","beta_group_label":"$\\beta_A = 1,\\ \\beta_V = 1$","beta_A_prob_gt1":0.088,"beta_A_prob_lt1":0.912,"beta_V_prob_gt1":0.336,"beta_V_prob_lt1":0.664,"n_boot_valid":250.0},"geometry":{"type":"Point","coordinates":[75.95226187346404,10.80951481010635]}},{"type":"Feature","properties":{"fid":7797,"city":"Malappuram","country":"India","beta_A":1.1863,"beta_V":1.2943,"beta_h":0.108,"A_cls":2,"H_cls":2,"color":"#ff7f0e","n_points":11.0,"svg_file":"7797.svg","rel_A":"=","rel_V":"=","regime_key":"A=_V=","regime_label":"$\\beta_A = 1,\\ \\beta_V = 1$","regime_color":"#ff7f0e","beta_group":"A=_V=","beta_group_label":"$\\beta_A = 1,\\ \\beta_V = 1$","beta_A_prob_gt1":0.956,"beta_A_prob_lt1":0.044,"beta_V_prob_gt1":0.964,"beta_V_prob_lt1":0.036,"n_boot_valid":250.0},"geometry":{"type":"Point","coordinates":[76.0443042764182,11.009051383199779]}},{"type":"Feature","properties":{"fid":7854,"city":"Lucknow","country":"India","beta_A":0.9288,"beta_V":0.8338,"beta_h":-0.0951,"A_cls":1,"H_cls":1,"color":"#ff7f0e","n_points":11.0,"svg_file":"7854.svg","rel_A":"=","rel_V":"=","regime_key":"A=_V=","regime_label":"$\\beta_A = 1,\\ \\beta_V = 1$","regime_color":"#ff7f0e","beta_group":"A=_V=","beta_group_label":"$\\beta_A = 1,\\ \\beta_V = 1$","beta_A_prob_gt1":0.144,"beta_A_prob_lt1":0.856,"beta_V_prob_gt1":0.036,"beta_V_prob_lt1":0.964,"n_boot_valid":250.0},"geometry":{"type":"Point","coordinates":[80.89156788864427,26.82892321595863]}},{"type":"Feature","properties":{"fid":7869,"city":"Thanagaon","country":"India","beta_A":2.3189,"beta_V":2.2519,"beta_h":-0.067,"A_cls":2,"H_cls":1,"color":"#2ca02c","n_points":11.0,"svg_file":"7869.svg","rel_A":">","rel_V":">","regime_key":"A>_V>","regime_label":"$\\beta_A > 1,\\ \\beta_V > 1$","regime_color":"#2ca02c","beta_group":"A>_V>","beta_group_label":"$\\beta_A > 1,\\ \\beta_V > 1$","beta_A_prob_gt1":1.0,"beta_A_prob_lt1":0.0,"beta_V_prob_gt1":1.0,"beta_V_prob_lt1":0.0,"n_boot_valid":250.0},"geometry":{"type":"Point","coordinates":[81.24067158239063,27.437698765261338]}},{"type":"Feature","properties":{"fid":7885,"city":"Mysuru","country":"India","beta_A":2.3047,"beta_V":2.1442,"beta_h":-0.1605,"A_cls":2,"H_cls":0,"color":"#2ca02c","n_points":11.0,"svg_file":"7885.svg","rel_A":">","rel_V":">","regime_key":"A>_V>","regime_label":"$\\beta_A > 1,\\ \\beta_V > 1$","regime_color":"#2ca02c","beta_group":"A>_V>","beta_group_label":"$\\beta_A > 1,\\ \\beta_V > 1$","beta_A_prob_gt1":1.0,"beta_A_prob_lt1":0.0,"beta_V_prob_gt1":1.0,"beta_V_prob_lt1":0.0,"n_boot_valid":250.0},"geometry":{"type":"Point","coordinates":[76.64128620223319,12.321623463641224]}},{"type":"Feature","properties":{"fid":7887,"city":"Kochi","country":"India","beta_A":1.6886,"beta_V":1.4832,"beta_h":-0.2054,"A_cls":2,"H_cls":0,"color":"#2ca02c","n_points":11.0,"svg_file":"7887.svg","rel_A":">","rel_V":">","regime_key":"A>_V>","regime_label":"$\\beta_A > 1,\\ \\beta_V > 1$","regime_color":"#2ca02c","beta_group":"A>_V>","beta_group_label":"$\\beta_A > 1,\\ \\beta_V > 1$","beta_A_prob_gt1":1.0,"beta_A_prob_lt1":0.0,"beta_V_prob_gt1":0.996,"beta_V_prob_lt1":0.004,"n_boot_valid":250.0},"geometry":{"type":"Point","coordinates":[76.29783918468351,9.991528607442481]}},{"type":"Feature","properties":{"fid":7927,"city":"Nagpur","country":"India","beta_A":1.3763,"beta_V":1.2359,"beta_h":-0.1404,"A_cls":2,"H_cls":0,"color":"#2ca02c","n_points":11.0,"svg_file":"7927.svg","rel_A":">","rel_V":">","regime_key":"A>_V>","regime_label":"$\\beta_A > 1,\\ \\beta_V > 1$","regime_color":"#2ca02c","beta_group":"A>_V>","beta_group_label":"$\\beta_A > 1,\\ \\beta_V > 1$","beta_A_prob_gt1":1.0,"beta_A_prob_lt1":0.0,"beta_V_prob_gt1":0.996,"beta_V_prob_lt1":0.004,"n_boot_valid":250.0},"geometry":{"type":"Point","coordinates":[79.09134729662132,21.17707102011931]}},{"type":"Feature","properties":{"fid":7970,"city":"Jabalpur","country":"India","beta_A":1.9521,"beta_V":1.8178,"beta_h":-0.1343,"A_cls":2,"H_cls":0,"color":"#2ca02c","n_points":11.0,"svg_file":"7970.svg","rel_A":">","rel_V":">","regime_key":"A>_V>","regime_label":"$\\beta_A > 1,\\ \\beta_V > 1$","regime_color":"#2ca02c","beta_group":"A>_V>","beta_group_label":"$\\beta_A > 1,\\ \\beta_V > 1$","beta_A_prob_gt1":1.0,"beta_A_prob_lt1":0.0,"beta_V_prob_gt1":1.0,"beta_V_prob_lt1":0.0,"n_boot_valid":250.0},"geometry":{"type":"Point","coordinates":[79.92789670350187,23.17595971578105]}},{"type":"Feature","properties":{"fid":8005,"city":"Hyderabad","country":"India","beta_A":1.0913,"beta_V":0.966,"beta_h":-0.1253,"A_cls":2,"H_cls":0,"color":"#ff7f0e","n_points":11.0,"svg_file":"8005.svg","rel_A":"=","rel_V":"=","regime_key":"A=_V=","regime_label":"$\\beta_A = 1,\\ \\beta_V = 1$","regime_color":"#ff7f0e","beta_group":"A=_V=","beta_group_label":"$\\beta_A = 1,\\ \\beta_V = 1$","beta_A_prob_gt1":0.976,"beta_A_prob_lt1":0.024,"beta_V_prob_gt1":0.312,"beta_V_prob_lt1":0.688,"n_boot_valid":250.0},"geometry":{"type":"Point","coordinates":[78.47828853148603,17.439396481235086]}},{"type":"Feature","properties":{"fid":8023,"city":"Coimbatore","country":"India","beta_A":2.1705,"beta_V":1.9662,"beta_h":-0.2043,"A_cls":2,"H_cls":0,"color":"#2ca02c","n_points":11.0,"svg_file":"8023.svg","rel_A":">","rel_V":">","regime_key":"A>_V>","regime_label":"$\\beta_A > 1,\\ \\beta_V > 1$","regime_color":"#2ca02c","beta_group":"A>_V>","beta_group_label":"$\\beta_A > 1,\\ \\beta_V > 1$","beta_A_prob_gt1":1.0,"beta_A_prob_lt1":0.0,"beta_V_prob_gt1":1.0,"beta_V_prob_lt1":0.0,"n_boot_valid":250.0},"geometry":{"type":"Point","coordinates":[77.01628784208165,10.99683327222949]}},{"type":"Feature","properties":{"fid":8050,"city":"Bengaluru","country":"India","beta_A":0.7794,"beta_V":0.7201,"beta_h":-0.0593,"A_cls":1,"H_cls":1,"color":"#1f77b4","n_points":11.0,"svg_file":"8050.svg","rel_A":"<","rel_V":"<","regime_key":"A<_V<","regime_label":"$\\beta_A < 1,\\ \\beta_V < 1$","regime_color":"#1f77b4","beta_group":"A<_V<","beta_group_label":"$\\beta_A < 1,\\ \\beta_V < 1$","beta_A_prob_gt1":0.0,"beta_A_prob_lt1":1.0,"beta_V_prob_gt1":0.0,"beta_V_prob_lt1":1.0,"n_boot_valid":250.0},"geometry":{"type":"Point","coordinates":[77.55655179299644,13.044183846329688]}},{"type":"Feature","properties":{"fid":8095,"city":"Thiruvananthapuram","country":"India","beta_A":1.3188,"beta_V":1.3153,"beta_h":-0.0035,"A_cls":2,"H_cls":2,"color":"#2ca02c","n_points":11.0,"svg_file":"8095.svg","rel_A":">","rel_V":">","regime_key":"A>_V>","regime_label":"$\\beta_A > 1,\\ \\beta_V > 1$","regime_color":"#2ca02c","beta_group":"A>_V>","beta_group_label":"$\\beta_A > 1,\\ \\beta_V > 1$","beta_A_prob_gt1":1.0,"beta_A_prob_lt1":0.0,"beta_V_prob_gt1":1.0,"beta_V_prob_lt1":0.0,"n_boot_valid":250.0},"geometry":{"type":"Point","coordinates":[76.95944502902505,8.516216983770791]}},{"type":"Feature","properties":{"fid":8201,"city":"Prayagraj","country":"India","beta_A":0.9692,"beta_V":0.8719,"beta_h":-0.0974,"A_cls":1,"H_cls":1,"color":"#1f77b4","n_points":11.0,"svg_file":"8201.svg","rel_A":"<","rel_V":"<","regime_key":"A<_V<","regime_label":"$\\beta_A < 1,\\ \\beta_V < 1$","regime_color":"#1f77b4","beta_group":"A<_V<","beta_group_label":"$\\beta_A < 1,\\ \\beta_V < 1$","beta_A_prob_gt1":0.004,"beta_A_prob_lt1":0.996,"beta_V_prob_gt1":0.0,"beta_V_prob_lt1":1.0,"n_boot_valid":250.0},"geometry":{"type":"Point","coordinates":[81.82288244497492,25.430015250456105]}},{"type":"Feature","properties":{"fid":8344,"city":"Madurai","country":"India","beta_A":1.0467,"beta_V":0.8698,"beta_h":-0.177,"A_cls":1,"H_cls":0,"color":"#d62728","n_points":11.0,"svg_file":"8344.svg","rel_A":"=","rel_V":"<","regime_key":"A=_V<","regime_label":"$\\beta_A = 1,\\ \\beta_V < 1$","regime_color":"#d62728","beta_group":"A=_V<","beta_group_label":"$\\beta_A = 1,\\ \\beta_V < 1$","beta_A_prob_gt1":0.956,"beta_A_prob_lt1":0.044,"beta_V_prob_gt1":0.0,"beta_V_prob_lt1":1.0,"n_boot_valid":250.0},"geometry":{"type":"Point","coordinates":[78.13205802906776,9.930517951118283]}},{"type":"Feature","properties":{"fid":8404,"city":"Gorakhpur","country":"India","beta_A":1.4671,"beta_V":1.2973,"beta_h":-0.1697,"A_cls":2,"H_cls":0,"color":"#2ca02c","n_points":11.0,"svg_file":"8404.svg","rel_A":">","rel_V":">","regime_key":"A>_V>","regime_label":"$\\beta_A > 1,\\ \\beta_V > 1$","regime_color":"#2ca02c","beta_group":"A>_V>","beta_group_label":"$\\beta_A > 1,\\ \\beta_V > 1$","beta_A_prob_gt1":1.0,"beta_A_prob_lt1":0.0,"beta_V_prob_gt1":1.0,"beta_V_prob_lt1":0.0,"n_boot_valid":250.0},"geometry":{"type":"Point","coordinates":[83.37522309556452,26.76980334701319]}},{"type":"Feature","properties":{"fid":8448,"city":"Tiruchirappalli","country":"India","beta_A":2.3883,"beta_V":2.0951,"beta_h":-0.2932,"A_cls":2,"H_cls":0,"color":"#2ca02c","n_points":11.0,"svg_file":"8448.svg","rel_A":">","rel_V":">","regime_key":"A>_V>","regime_label":"$\\beta_A > 1,\\ \\beta_V > 1$","regime_color":"#2ca02c","beta_group":"A>_V>","beta_group_label":"$\\beta_A > 1,\\ \\beta_V > 1$","beta_A_prob_gt1":1.0,"beta_A_prob_lt1":0.0,"beta_V_prob_gt1":1.0,"beta_V_prob_lt1":0.0,"n_boot_valid":250.0},"geometry":{"type":"Point","coordinates":[78.69264226080156,10.817658155329005]}},{"type":"Feature","properties":{"fid":8463,"city":"Varanasi","country":"India","beta_A":1.7357,"beta_V":1.396,"beta_h":-0.3396,"A_cls":2,"H_cls":0,"color":"#2ca02c","n_points":11.0,"svg_file":"8463.svg","rel_A":">","rel_V":">","regime_key":"A>_V>","regime_label":"$\\beta_A > 1,\\ \\beta_V > 1$","regime_color":"#2ca02c","beta_group":"A>_V>","beta_group_label":"$\\beta_A > 1,\\ \\beta_V > 1$","beta_A_prob_gt1":1.0,"beta_A_prob_lt1":0.0,"beta_V_prob_gt1":1.0,"beta_V_prob_lt1":0.0,"n_boot_valid":250.0},"geometry":{"type":"Point","coordinates":[83.00718582981679,25.30391684366363]}},{"type":"Feature","properties":{"fid":8464,"city":"Durg","country":"India","beta_A":0.5077,"beta_V":0.4057,"beta_h":-0.102,"A_cls":0,"H_cls":1,"color":"#1f77b4","n_points":11.0,"svg_file":"8464.svg","rel_A":"<","rel_V":"<","regime_key":"A<_V<","regime_label":"$\\beta_A < 1,\\ \\beta_V < 1$","regime_color":"#1f77b4","beta_group":"A<_V<","beta_group_label":"$\\beta_A < 1,\\ \\beta_V < 1$","beta_A_prob_gt1":0.0,"beta_A_prob_lt1":1.0,"beta_V_prob_gt1":0.0,"beta_V_prob_lt1":1.0,"n_boot_valid":250.0},"geometry":{"type":"Point","coordinates":[81.34880117121703,21.197838258117855]}},{"type":"Feature","properties":{"fid":8510,"city":"Nibua Raiganj","country":"India","beta_A":1.5979,"beta_V":1.5779,"beta_h":-0.02,"A_cls":2,"H_cls":2,"color":"#2ca02c","n_points":11.0,"svg_file":"8510.svg","rel_A":">","rel_V":">","regime_key":"A>_V>","regime_label":"$\\beta_A > 1,\\ \\beta_V > 1$","regime_color":"#2ca02c","beta_group":"A>_V>","beta_group_label":"$\\beta_A > 1,\\ \\beta_V > 1$","beta_A_prob_gt1":1.0,"beta_A_prob_lt1":0.0,"beta_V_prob_gt1":1.0,"beta_V_prob_lt1":0.0,"n_boot_valid":250.0},"geometry":{"type":"Point","coordinates":[83.88263260689963,27.02325680312121]}},{"type":"Feature","properties":{"fid":8513,"city":"Raipur","country":"India","beta_A":1.3374,"beta_V":1.248,"beta_h":-0.0895,"A_cls":2,"H_cls":1,"color":"#9467bd","n_points":11.0,"svg_file":"8513.svg","rel_A":">","rel_V":"=","regime_key":"A>_V=","regime_label":"$\\beta_A > 1,\\ \\beta_V = 1$","regime_color":"#9467bd","beta_group":"A>_V=","beta_group_label":"$\\beta_A > 1,\\ \\beta_V = 1$","beta_A_prob_gt1":0.992,"beta_A_prob_lt1":0.008,"beta_V_prob_gt1":0.984,"beta_V_prob_lt1":0.016,"n_boot_valid":250.0},"geometry":{"type":"Point","coordinates":[81.6244939320389,21.272608658217383]}},{"type":"Feature","properties":{"fid":8530,"city":"Kushinagar","country":"India","beta_A":1.9421,"beta_V":1.854,"beta_h":-0.0881,"A_cls":2,"H_cls":1,"color":"#2ca02c","n_points":11.0,"svg_file":"8530.svg","rel_A":">","rel_V":">","regime_key":"A>_V>","regime_label":"$\\beta_A > 1,\\ \\beta_V > 1$","regime_color":"#2ca02c","beta_group":"A>_V>","beta_group_label":"$\\beta_A > 1,\\ \\beta_V > 1$","beta_A_prob_gt1":1.0,"beta_A_prob_lt1":0.0,"beta_V_prob_gt1":1.0,"beta_V_prob_lt1":0.0,"n_boot_valid":250.0},"geometry":{"type":"Point","coordinates":[83.87794768775612,26.710695148065167]}},{"type":"Feature","properties":{"fid":8596,"city":"Lauiyah Nandangarh","country":"India","beta_A":1.1371,"beta_V":1.0528,"beta_h":-0.0843,"A_cls":2,"H_cls":1,"color":"#ff7f0e","n_points":11.0,"svg_file":"8596.svg","rel_A":"=","rel_V":"=","regime_key":"A=_V=","regime_label":"$\\beta_A = 1,\\ \\beta_V = 1$","regime_color":"#ff7f0e","beta_group":"A=_V=","beta_group_label":"$\\beta_A = 1,\\ \\beta_V = 1$","beta_A_prob_gt1":0.896,"beta_A_prob_lt1":0.104,"beta_V_prob_gt1":0.672,"beta_V_prob_lt1":0.328,"n_boot_valid":250.0},"geometry":{"type":"Point","coordinates":[84.24595633489582,26.9979017353543]}},{"type":"Feature","properties":{"fid":8616,"city":"Kuchai Kot","country":"India","beta_A":1.9714,"beta_V":1.7854,"beta_h":-0.186,"A_cls":2,"H_cls":0,"color":"#2ca02c","n_points":11.0,"svg_file":"8616.svg","rel_A":">","rel_V":">","regime_key":"A>_V>","regime_label":"$\\beta_A > 1,\\ \\beta_V > 1$","regime_color":"#2ca02c","beta_group":"A>_V>","beta_group_label":"$\\beta_A > 1,\\ \\beta_V > 1$","beta_A_prob_gt1":1.0,"beta_A_prob_lt1":0.0,"beta_V_prob_gt1":1.0,"beta_V_prob_lt1":0.0,"n_boot_valid":250.0},"geometry":{"type":"Point","coordinates":[84.32693691657045,26.651598585135932]}},{"type":"Feature","properties":{"fid":8638,"city":"Uchkagaon","country":"India","beta_A":2.177,"beta_V":2.1097,"beta_h":-0.0673,"A_cls":2,"H_cls":1,"color":"#2ca02c","n_points":11.0,"svg_file":"8638.svg","rel_A":">","rel_V":">","regime_key":"A>_V>","regime_label":"$\\beta_A > 1,\\ \\beta_V > 1$","regime_color":"#2ca02c","beta_group":"A>_V>","beta_group_label":"$\\beta_A > 1,\\ \\beta_V > 1$","beta_A_prob_gt1":1.0,"beta_A_prob_lt1":0.0,"beta_V_prob_gt1":1.0,"beta_V_prob_lt1":0.0,"n_boot_valid":250.0},"geometry":{"type":"Point","coordinates":[84.13760738548214,26.364723401470336]}},{"type":"Feature","properties":{"fid":8675,"city":"Chennai","country":"India","beta_A":1.9295,"beta_V":1.6821,"beta_h":-0.2474,"A_cls":2,"H_cls":0,"color":"#2ca02c","n_points":11.0,"svg_file":"8675.svg","rel_A":">","rel_V":">","regime_key":"A>_V>","regime_label":"$\\beta_A > 1,\\ \\beta_V > 1$","regime_color":"#2ca02c","beta_group":"A>_V>","beta_group_label":"$\\beta_A > 1,\\ \\beta_V > 1$","beta_A_prob_gt1":1.0,"beta_A_prob_lt1":0.0,"beta_V_prob_gt1":1.0,"beta_V_prob_lt1":0.0,"n_boot_valid":250.0},"geometry":{"type":"Point","coordinates":[80.17911464371268,12.974751206677535]}},{"type":"Feature","properties":{"fid":8713,"city":"Pokhariya","country":"Nepal","beta_A":0.3028,"beta_V":0.2897,"beta_h":-0.0131,"A_cls":0,"H_cls":2,"color":"#1f77b4","n_points":11.0,"svg_file":"8713.svg","rel_A":"<","rel_V":"<","regime_key":"A<_V<","regime_label":"$\\beta_A < 1,\\ \\beta_V < 1$","regime_color":"#1f77b4","beta_group":"A<_V<","beta_group_label":"$\\beta_A < 1,\\ \\beta_V < 1$","beta_A_prob_gt1":0.0,"beta_A_prob_lt1":1.0,"beta_V_prob_gt1":0.0,"beta_V_prob_lt1":1.0,"n_boot_valid":250.0},"geometry":{"type":"Point","coordinates":[84.82558000888432,27.057066936730195]}},{"type":"Feature","properties":{"fid":8759,"city":"Kathmandu","country":"Nepal","beta_A":0.3757,"beta_V":0.3458,"beta_h":-0.0299,"A_cls":0,"H_cls":2,"color":"#1f77b4","n_points":11.0,"svg_file":"8759.svg","rel_A":"<","rel_V":"<","regime_key":"A<_V<","regime_label":"$\\beta_A < 1,\\ \\beta_V < 1$","regime_color":"#1f77b4","beta_group":"A<_V<","beta_group_label":"$\\beta_A < 1,\\ \\beta_V < 1$","beta_A_prob_gt1":0.0,"beta_A_prob_lt1":1.0,"beta_V_prob_gt1":0.0,"beta_V_prob_lt1":1.0,"n_boot_valid":250.0},"geometry":{"type":"Point","coordinates":[85.33386317824002,27.683258310694715]}},{"type":"Feature","properties":{"fid":8835,"city":"Colombo","country":"Sri Lanka","beta_A":2.2255,"beta_V":1.9067,"beta_h":-0.3188,"A_cls":2,"H_cls":0,"color":"#2ca02c","n_points":11.0,"svg_file":"8835.svg","rel_A":">","rel_V":">","regime_key":"A>_V>","regime_label":"$\\beta_A > 1,\\ \\beta_V > 1$","regime_color":"#2ca02c","beta_group":"A>_V>","beta_group_label":"$\\beta_A > 1,\\ \\beta_V > 1$","beta_A_prob_gt1":1.0,"beta_A_prob_lt1":0.0,"beta_V_prob_gt1":1.0,"beta_V_prob_lt1":0.0,"n_boot_valid":250.0},"geometry":{"type":"Point","coordinates":[79.95222177852897,6.868702058142576]}},{"type":"Feature","properties":{"fid":8913,"city":"Muzaffarpur","country":"India","beta_A":1.2258,"beta_V":1.0389,"beta_h":-0.1869,"A_cls":2,"H_cls":0,"color":"#ff7f0e","n_points":11.0,"svg_file":"8913.svg","rel_A":"=","rel_V":"=","regime_key":"A=_V=","regime_label":"$\\beta_A = 1,\\ \\beta_V = 1$","regime_color":"#ff7f0e","beta_group":"A=_V=","beta_group_label":"$\\beta_A = 1,\\ \\beta_V = 1$","beta_A_prob_gt1":0.988,"beta_A_prob_lt1":0.012,"beta_V_prob_gt1":0.776,"beta_V_prob_lt1":0.224,"n_boot_valid":250.0},"geometry":{"type":"Point","coordinates":[85.37551719370822,26.128674497364553]}},{"type":"Feature","properties":{"fid":8914,"city":"Patna","country":"India","beta_A":0.9103,"beta_V":0.8245,"beta_h":-0.0858,"A_cls":1,"H_cls":1,"color":"#d62728","n_points":11.0,"svg_file":"8914.svg","rel_A":"=","rel_V":"<","regime_key":"A=_V<","regime_label":"$\\beta_A = 1,\\ \\beta_V < 1$","regime_color":"#d62728","beta_group":"A=_V<","beta_group_label":"$\\beta_A = 1,\\ \\beta_V < 1$","beta_A_prob_gt1":0.036,"beta_A_prob_lt1":0.964,"beta_V_prob_gt1":0.004,"beta_V_prob_lt1":0.996,"n_boot_valid":250.0},"geometry":{"type":"Point","coordinates":[85.14341951286639,25.598224479202692]}},{"type":"Feature","properties":{"fid":9006,"city":"Kandy","country":"Sri Lanka","beta_A":3.4936,"beta_V":2.504,"beta_h":-0.9897,"A_cls":2,"H_cls":0,"color":"#2ca02c","n_points":11.0,"svg_file":"9006.svg","rel_A":">","rel_V":">","regime_key":"A>_V>","regime_label":"$\\beta_A > 1,\\ \\beta_V > 1$","regime_color":"#2ca02c","beta_group":"A>_V>","beta_group_label":"$\\beta_A > 1,\\ \\beta_V > 1$","beta_A_prob_gt1":1.0,"beta_A_prob_lt1":0.0,"beta_V_prob_gt1":1.0,"beta_V_prob_lt1":0.0,"n_boot_valid":250.0},"geometry":{"type":"Point","coordinates":[80.57124995481728,7.266158020944652]}},{"type":"Feature","properties":{"fid":9122,"city":"Visakhapatnam","country":"India","beta_A":1.0831,"beta_V":0.9375,"beta_h":-0.1456,"A_cls":2,"H_cls":0,"color":"#ff7f0e","n_points":11.0,"svg_file":"9122.svg","rel_A":"=","rel_V":"=","regime_key":"A=_V=","regime_label":"$\\beta_A = 1,\\ \\beta_V = 1$","regime_color":"#ff7f0e","beta_group":"A=_V=","beta_group_label":"$\\beta_A = 1,\\ \\beta_V = 1$","beta_A_prob_gt1":0.848,"beta_A_prob_lt1":0.152,"beta_V_prob_gt1":0.348,"beta_V_prob_lt1":0.652,"n_boot_valid":250.0},"geometry":{"type":"Point","coordinates":[83.27879073706926,17.740051106274795]}},{"type":"Feature","properties":{"fid":9131,"city":"Begusarai","country":"India","beta_A":0.8487,"beta_V":0.7149,"beta_h":-0.1338,"A_cls":1,"H_cls":0,"color":"#d62728","n_points":11.0,"svg_file":"9131.svg","rel_A":"=","rel_V":"<","regime_key":"A=_V<","regime_label":"$\\beta_A = 1,\\ \\beta_V < 1$","regime_color":"#d62728","beta_group":"A=_V<","beta_group_label":"$\\beta_A = 1,\\ \\beta_V < 1$","beta_A_prob_gt1":0.032,"beta_A_prob_lt1":0.968,"beta_V_prob_gt1":0.004,"beta_V_prob_lt1":0.996,"n_boot_valid":250.0},"geometry":{"type":"Point","coordinates":[86.02801218936182,25.44683215122296]}},{"type":"Feature","properties":{"fid":9155,"city":"Rourkela","country":"India","beta_A":0.8858,"beta_V":0.707,"beta_h":-0.1789,"A_cls":1,"H_cls":0,"color":"#d62728","n_points":11.0,"svg_file":"9155.svg","rel_A":"=","rel_V":"<","regime_key":"A=_V<","regime_label":"$\\beta_A = 1,\\ \\beta_V < 1$","regime_color":"#d62728","beta_group":"A=_V<","beta_group_label":"$\\beta_A = 1,\\ \\beta_V < 1$","beta_A_prob_gt1":0.06,"beta_A_prob_lt1":0.94,"beta_V_prob_gt1":0.0,"beta_V_prob_lt1":1.0,"n_boot_valid":250.0},"geometry":{"type":"Point","coordinates":[84.85209339762346,22.233467392757426]}},{"type":"Feature","properties":{"fid":9160,"city":"Ranchi","country":"India","beta_A":0.9319,"beta_V":0.7784,"beta_h":-0.1535,"A_cls":1,"H_cls":0,"color":"#d62728","n_points":11.0,"svg_file":"9160.svg","rel_A":"=","rel_V":"<","regime_key":"A=_V<","regime_label":"$\\beta_A = 1,\\ \\beta_V < 1$","regime_color":"#d62728","beta_group":"A=_V<","beta_group_label":"$\\beta_A = 1,\\ \\beta_V < 1$","beta_A_prob_gt1":0.244,"beta_A_prob_lt1":0.756,"beta_V_prob_gt1":0.0,"beta_V_prob_lt1":1.0,"n_boot_valid":250.0},"geometry":{"type":"Point","coordinates":[85.32828442927924,23.34303249141573]}},{"type":"Feature","properties":{"fid":9284,"city":"Dhanbad","country":"India","beta_A":0.7757,"beta_V":0.6387,"beta_h":-0.137,"A_cls":1,"H_cls":0,"color":"#1f77b4","n_points":11.0,"svg_file":"9284.svg","rel_A":"<","rel_V":"<","regime_key":"A<_V<","regime_label":"$\\beta_A < 1,\\ \\beta_V < 1$","regime_color":"#1f77b4","beta_group":"A<_V<","beta_group_label":"$\\beta_A < 1,\\ \\beta_V < 1$","beta_A_prob_gt1":0.0,"beta_A_prob_lt1":1.0,"beta_V_prob_gt1":0.0,"beta_V_prob_lt1":1.0,"n_boot_valid":250.0},"geometry":{"type":"Point","coordinates":[86.38014554441015,23.7694317437333]}},{"type":"Feature","properties":{"fid":9359,"city":"Jamshedpur","country":"India","beta_A":0.5966,"beta_V":0.4987,"beta_h":-0.0978,"A_cls":0,"H_cls":1,"color":"#1f77b4","n_points":11.0,"svg_file":"9359.svg","rel_A":"<","rel_V":"<","regime_key":"A<_V<","regime_label":"$\\beta_A < 1,\\ \\beta_V < 1$","regime_color":"#1f77b4","beta_group":"A<_V<","beta_group_label":"$\\beta_A < 1,\\ \\beta_V < 1$","beta_A_prob_gt1":0.0,"beta_A_prob_lt1":1.0,"beta_V_prob_gt1":0.0,"beta_V_prob_lt1":1.0,"n_boot_valid":250.0},"geometry":{"type":"Point","coordinates":[86.17495184039228,22.80033474254693]}},{"type":"Feature","properties":{"fid":9402,"city":"Asansol","country":"India","beta_A":0.9441,"beta_V":0.7475,"beta_h":-0.1967,"A_cls":1,"H_cls":0,"color":"#1f77b4","n_points":11.0,"svg_file":"9402.svg","rel_A":"<","rel_V":"<","regime_key":"A<_V<","regime_label":"$\\beta_A < 1,\\ \\beta_V < 1$","regime_color":"#1f77b4","beta_group":"A<_V<","beta_group_label":"$\\beta_A < 1,\\ \\beta_V < 1$","beta_A_prob_gt1":0.0,"beta_A_prob_lt1":1.0,"beta_V_prob_gt1":0.0,"beta_V_prob_lt1":1.0,"n_boot_valid":250.0},"geometry":{"type":"Point","coordinates":[86.81063494784483,23.752700261440992]}},{"type":"Feature","properties":{"fid":9478,"city":"Bhubaneshwar","country":"India","beta_A":1.1894,"beta_V":1.0606,"beta_h":-0.1288,"A_cls":2,"H_cls":0,"color":"#9467bd","n_points":11.0,"svg_file":"9478.svg","rel_A":">","rel_V":"=","regime_key":"A>_V=","regime_label":"$\\beta_A > 1,\\ \\beta_V = 1$","regime_color":"#9467bd","beta_group":"A>_V=","beta_group_label":"$\\beta_A > 1,\\ \\beta_V = 1$","beta_A_prob_gt1":1.0,"beta_A_prob_lt1":0.0,"beta_V_prob_gt1":0.808,"beta_V_prob_lt1":0.192,"n_boot_valid":250.0},"geometry":{"type":"Point","coordinates":[85.8446338913548,20.30998823729648]}},{"type":"Feature","properties":{"fid":9602,"city":"Ulaanbaatar","country":"Mongolia","beta_A":0.4055,"beta_V":0.3953,"beta_h":-0.0102,"A_cls":0,"H_cls":2,"color":"#1f77b4","n_points":11.0,"svg_file":"9602.svg","rel_A":"<","rel_V":"<","regime_key":"A<_V<","regime_label":"$\\beta_A < 1,\\ \\beta_V < 1$","regime_color":"#1f77b4","beta_group":"A<_V<","beta_group_label":"$\\beta_A < 1,\\ \\beta_V < 1$","beta_A_prob_gt1":0.0,"beta_A_prob_lt1":1.0,"beta_V_prob_gt1":0.0,"beta_V_prob_lt1":1.0,"n_boot_valid":250.0},"geometry":{"type":"Point","coordinates":[106.88349441947409,47.925225720908244]}},{"type":"Feature","properties":{"fid":9619,"city":"Berhampore","country":"India","beta_A":1.8288,"beta_V":1.6519,"beta_h":-0.1768,"A_cls":2,"H_cls":0,"color":"#2ca02c","n_points":11.0,"svg_file":"9619.svg","rel_A":">","rel_V":">","regime_key":"A>_V>","regime_label":"$\\beta_A > 1,\\ \\beta_V > 1$","regime_color":"#2ca02c","beta_group":"A>_V>","beta_group_label":"$\\beta_A > 1,\\ \\beta_V > 1$","beta_A_prob_gt1":0.996,"beta_A_prob_lt1":0.004,"beta_V_prob_gt1":0.996,"beta_V_prob_lt1":0.004,"n_boot_valid":250.0},"geometry":{"type":"Point","coordinates":[88.24652755903422,24.03306123771576]}},{"type":"Feature","properties":{"fid":9650,"city":"Rajshahi","country":"Bangladesh","beta_A":1.0691,"beta_V":1.0271,"beta_h":-0.042,"A_cls":2,"H_cls":2,"color":"#9467bd","n_points":11.0,"svg_file":"9650.svg","rel_A":">","rel_V":"=","regime_key":"A>_V=","regime_label":"$\\beta_A > 1,\\ \\beta_V = 1$","regime_color":"#9467bd","beta_group":"A>_V=","beta_group_label":"$\\beta_A > 1,\\ \\beta_V = 1$","beta_A_prob_gt1":0.996,"beta_A_prob_lt1":0.004,"beta_V_prob_gt1":0.764,"beta_V_prob_lt1":0.236,"n_boot_valid":250.0},"geometry":{"type":"Point","coordinates":[88.58872842969011,24.43517850638357]}},{"type":"Feature","properties":{"fid":9653,"city":"Tamluk","country":"India","beta_A":2.8883,"beta_V":2.6543,"beta_h":-0.2339,"A_cls":2,"H_cls":0,"color":"#2ca02c","n_points":11.0,"svg_file":"9653.svg","rel_A":">","rel_V":">","regime_key":"A>_V>","regime_label":"$\\beta_A > 1,\\ \\beta_V > 1$","regime_color":"#2ca02c","beta_group":"A>_V>","beta_group_label":"$\\beta_A > 1,\\ \\beta_V > 1$","beta_A_prob_gt1":1.0,"beta_A_prob_lt1":0.0,"beta_V_prob_gt1":1.0,"beta_V_prob_lt1":0.0,"n_boot_valid":250.0},"geometry":{"type":"Point","coordinates":[87.86843160670644,22.400101458409182]}},{"type":"Feature","properties":{"fid":9657,"city":"Rangpur","country":"Bangladesh","beta_A":3.5963,"beta_V":3.2294,"beta_h":-0.3669,"A_cls":2,"H_cls":0,"color":"#2ca02c","n_points":11.0,"svg_file":"9657.svg","rel_A":">","rel_V":">","regime_key":"A>_V>","regime_label":"$\\beta_A > 1,\\ \\beta_V > 1$","regime_color":"#2ca02c","beta_group":"A>_V>","beta_group_label":"$\\beta_A > 1,\\ \\beta_V > 1$","beta_A_prob_gt1":1.0,"beta_A_prob_lt1":0.0,"beta_V_prob_gt1":1.0,"beta_V_prob_lt1":0.0,"n_boot_valid":250.0},"geometry":{"type":"Point","coordinates":[89.26366795040593,25.732856526367197]}},{"type":"Feature","properties":{"fid":9682,"city":"Naogaon","country":"Bangladesh","beta_A":3.8272,"beta_V":3.1164,"beta_h":-0.7108,"A_cls":2,"H_cls":0,"color":"#2ca02c","n_points":11.0,"svg_file":"9682.svg","rel_A":">","rel_V":">","regime_key":"A>_V>","regime_label":"$\\beta_A > 1,\\ \\beta_V > 1$","regime_color":"#2ca02c","beta_group":"A>_V>","beta_group_label":"$\\beta_A > 1,\\ \\beta_V > 1$","beta_A_prob_gt1":1.0,"beta_A_prob_lt1":0.0,"beta_V_prob_gt1":1.0,"beta_V_prob_lt1":0.0,"n_boot_valid":250.0},"geometry":{"type":"Point","coordinates":[88.9572841701359,24.791626377670934]}},{"type":"Feature","properties":{"fid":9691,"city":"Kolkata","country":"India","beta_A":1.3342,"beta_V":0.9749,"beta_h":-0.3594,"A_cls":2,"H_cls":0,"color":"#9467bd","n_points":11.0,"svg_file":"9691.svg","rel_A":">","rel_V":"=","regime_key":"A>_V=","regime_label":"$\\beta_A > 1,\\ \\beta_V = 1$","regime_color":"#9467bd","beta_group":"A>_V=","beta_group_label":"$\\beta_A > 1,\\ \\beta_V = 1$","beta_A_prob_gt1":1.0,"beta_A_prob_lt1":0.0,"beta_V_prob_gt1":0.28,"beta_V_prob_lt1":0.72,"n_boot_valid":250.0},"geometry":{"type":"Point","coordinates":[88.28432168550925,22.604332138325706]}},{"type":"Feature","properties":{"fid":9702,"city":"Bagha","country":"Bangladesh","beta_A":3.6054,"beta_V":3.3478,"beta_h":-0.2577,"A_cls":2,"H_cls":0,"color":"#2ca02c","n_points":11.0,"svg_file":"9702.svg","rel_A":">","rel_V":">","regime_key":"A>_V>","regime_label":"$\\beta_A > 1,\\ \\beta_V > 1$","regime_color":"#2ca02c","beta_group":"A>_V>","beta_group_label":"$\\beta_A > 1,\\ \\beta_V > 1$","beta_A_prob_gt1":1.0,"beta_A_prob_lt1":0.0,"beta_V_prob_gt1":1.0,"beta_V_prob_lt1":0.0,"n_boot_valid":250.0},"geometry":{"type":"Point","coordinates":[88.83749201236508,24.204739507946762]}},{"type":"Feature","properties":{"fid":9726,"city":"Bogura","country":"Bangladesh","beta_A":3.5467,"beta_V":2.7398,"beta_h":-0.8069,"A_cls":2,"H_cls":0,"color":"#2ca02c","n_points":11.0,"svg_file":"9726.svg","rel_A":">","rel_V":">","regime_key":"A>_V>","regime_label":"$\\beta_A > 1,\\ \\beta_V > 1$","regime_color":"#2ca02c","beta_group":"A>_V>","beta_group_label":"$\\beta_A > 1,\\ \\beta_V > 1$","beta_A_prob_gt1":1.0,"beta_A_prob_lt1":0.0,"beta_V_prob_gt1":1.0,"beta_V_prob_lt1":0.0,"n_boot_valid":250.0},"geometry":{"type":"Point","coordinates":[89.36999497700727,24.967897034440664]}},{"type":"Feature","properties":{"fid":9762,"city":"Hatisala","country":"India","beta_A":3.4007,"beta_V":3.5245,"beta_h":0.1237,"A_cls":2,"H_cls":2,"color":"#2ca02c","n_points":11.0,"svg_file":"9762.svg","rel_A":">","rel_V":">","regime_key":"A>_V>","regime_label":"$\\beta_A > 1,\\ \\beta_V > 1$","regime_color":"#2ca02c","beta_group":"A>_V>","beta_group_label":"$\\beta_A > 1,\\ \\beta_V > 1$","beta_A_prob_gt1":1.0,"beta_A_prob_lt1":0.0,"beta_V_prob_gt1":1.0,"beta_V_prob_lt1":0.0,"n_boot_valid":250.0},"geometry":{"type":"Point","coordinates":[88.56316402301023,22.47511155217225]}},{"type":"Feature","properties":{"fid":9764,"city":"Bahadurabad","country":"Bangladesh","beta_A":3.1691,"beta_V":3.1686,"beta_h":-0.0004,"A_cls":2,"H_cls":2,"color":"#2ca02c","n_points":11.0,"svg_file":"9764.svg","rel_A":">","rel_V":">","regime_key":"A>_V>","regime_label":"$\\beta_A > 1,\\ \\beta_V > 1$","regime_color":"#2ca02c","beta_group":"A>_V>","beta_group_label":"$\\beta_A > 1,\\ \\beta_V > 1$","beta_A_prob_gt1":1.0,"beta_A_prob_lt1":0.0,"beta_V_prob_gt1":1.0,"beta_V_prob_lt1":0.0,"n_boot_valid":250.0},"geometry":{"type":"Point","coordinates":[89.75920280903821,25.333335641171573]}},{"type":"Feature","properties":{"fid":9769,"city":"Pabna","country":"Bangladesh","beta_A":3.5128,"beta_V":3.2432,"beta_h":-0.2696,"A_cls":2,"H_cls":0,"color":"#2ca02c","n_points":11.0,"svg_file":"9769.svg","rel_A":">","rel_V":">","regime_key":"A>_V>","regime_label":"$\\beta_A > 1,\\ \\beta_V > 1$","regime_color":"#2ca02c","beta_group":"A>_V>","beta_group_label":"$\\beta_A > 1,\\ \\beta_V > 1$","beta_A_prob_gt1":1.0,"beta_A_prob_lt1":0.0,"beta_V_prob_gt1":1.0,"beta_V_prob_lt1":0.0,"n_boot_valid":250.0},"geometry":{"type":"Point","coordinates":[89.24895705370949,24.020502540634087]}},{"type":"Feature","properties":{"fid":9780,"city":"Sirajganj","country":"Bangladesh","beta_A":3.4724,"beta_V":3.0731,"beta_h":-0.3993,"A_cls":2,"H_cls":0,"color":"#2ca02c","n_points":11.0,"svg_file":"9780.svg","rel_A":">","rel_V":">","regime_key":"A>_V>","regime_label":"$\\beta_A > 1,\\ \\beta_V > 1$","regime_color":"#2ca02c","beta_group":"A>_V>","beta_group_label":"$\\beta_A > 1,\\ \\beta_V > 1$","beta_A_prob_gt1":1.0,"beta_A_prob_lt1":0.0,"beta_V_prob_gt1":1.0,"beta_V_prob_lt1":0.0,"n_boot_valid":250.0},"geometry":{"type":"Point","coordinates":[89.67071097329764,24.430987000017147]}},{"type":"Feature","properties":{"fid":9790,"city":"Canning","country":"India","beta_A":3.142,"beta_V":2.8247,"beta_h":-0.3172,"A_cls":2,"H_cls":0,"color":"#2ca02c","n_points":11.0,"svg_file":"9790.svg","rel_A":">","rel_V":">","regime_key":"A>_V>","regime_label":"$\\beta_A > 1,\\ \\beta_V > 1$","regime_color":"#2ca02c","beta_group":"A>_V>","beta_group_label":"$\\beta_A > 1,\\ \\beta_V > 1$","beta_A_prob_gt1":1.0,"beta_A_prob_lt1":0.0,"beta_V_prob_gt1":1.0,"beta_V_prob_lt1":0.0,"n_boot_valid":250.0},"geometry":{"type":"Point","coordinates":[88.75300174112031,22.34593733853621]}},{"type":"Feature","properties":{"fid":9835,"city":"Bhuapur","country":"Bangladesh","beta_A":2.7845,"beta_V":2.7731,"beta_h":-0.0114,"A_cls":2,"H_cls":2,"color":"#2ca02c","n_points":11.0,"svg_file":"9835.svg","rel_A":">","rel_V":">","regime_key":"A>_V>","regime_label":"$\\beta_A > 1,\\ \\beta_V > 1$","regime_color":"#2ca02c","beta_group":"A>_V>","beta_group_label":"$\\beta_A > 1,\\ \\beta_V > 1$","beta_A_prob_gt1":1.0,"beta_A_prob_lt1":0.0,"beta_V_prob_gt1":1.0,"beta_V_prob_lt1":0.0,"n_boot_valid":250.0},"geometry":{"type":"Point","coordinates":[89.85575147771631,24.430987000017147]}},{"type":"Feature","properties":{"fid":9845,"city":"Tangail","country":"Bangladesh","beta_A":3.2116,"beta_V":2.813,"beta_h":-0.3987,"A_cls":2,"H_cls":0,"color":"#2ca02c","n_points":11.0,"svg_file":"9845.svg","rel_A":">","rel_V":">","regime_key":"A>_V>","regime_label":"$\\beta_A > 1,\\ \\beta_V > 1$","regime_color":"#2ca02c","beta_group":"A>_V>","beta_group_label":"$\\beta_A > 1,\\ \\beta_V > 1$","beta_A_prob_gt1":1.0,"beta_A_prob_lt1":0.0,"beta_V_prob_gt1":1.0,"beta_V_prob_lt1":0.0,"n_boot_valid":250.0},"geometry":{"type":"Point","coordinates":[89.9173748309704,24.34298391467609]}},{"type":"Feature","properties":{"fid":9866,"city":"Mymensingh","country":"Bangladesh","beta_A":0.9761,"beta_V":0.699,"beta_h":-0.2771,"A_cls":1,"H_cls":0,"color":"#d62728","n_points":11.0,"svg_file":"9866.svg","rel_A":"=","rel_V":"<","regime_key":"A=_V<","regime_label":"$\\beta_A = 1,\\ \\beta_V < 1$","regime_color":"#d62728","beta_group":"A=_V<","beta_group_label":"$\\beta_A = 1,\\ \\beta_V < 1$","beta_A_prob_gt1":0.38,"beta_A_prob_lt1":0.62,"beta_V_prob_gt1":0.0,"beta_V_prob_lt1":1.0,"n_boot_valid":250.0},"geometry":{"type":"Point","coordinates":[90.40012770851426,24.749671221914575]}},{"type":"Feature","properties":{"fid":9868,"city":"Manikgonj","country":"Bangladesh","beta_A":2.8096,"beta_V":2.4075,"beta_h":-0.4021,"A_cls":2,"H_cls":0,"color":"#2ca02c","n_points":11.0,"svg_file":"9868.svg","rel_A":">","rel_V":">","regime_key":"A>_V>","regime_label":"$\\beta_A > 1,\\ \\beta_V > 1$","regime_color":"#2ca02c","beta_group":"A>_V>","beta_group_label":"$\\beta_A > 1,\\ \\beta_V > 1$","beta_A_prob_gt1":1.0,"beta_A_prob_lt1":0.0,"beta_V_prob_gt1":1.0,"beta_V_prob_lt1":0.0,"n_boot_valid":250.0},"geometry":{"type":"Point","coordinates":[89.97498381262257,23.844733547123493]}},{"type":"Feature","properties":{"fid":9872,"city":"Dhaka","country":"Bangladesh","beta_A":0.5841,"beta_V":0.4729,"beta_h":-0.1112,"A_cls":0,"H_cls":1,"color":"#1f77b4","n_points":11.0,"svg_file":"9872.svg","rel_A":"<","rel_V":"<","regime_key":"A<_V<","regime_label":"$\\beta_A < 1,\\ \\beta_V < 1$","regime_color":"#1f77b4","beta_group":"A<_V<","beta_group_label":"$\\beta_A < 1,\\ \\beta_V < 1$","beta_A_prob_gt1":0.0,"beta_A_prob_lt1":1.0,"beta_V_prob_gt1":0.0,"beta_V_prob_lt1":1.0,"n_boot_valid":250.0},"geometry":{"type":"Point","coordinates":[90.37265607754914,23.886575063922844]}},{"type":"Feature","properties":{"fid":9905,"city":"Kishoreganj","country":"Bangladesh","beta_A":2.1743,"beta_V":1.8479,"beta_h":-0.3264,"A_cls":2,"H_cls":0,"color":"#2ca02c","n_points":11.0,"svg_file":"9905.svg","rel_A":">","rel_V":">","regime_key":"A>_V>","regime_label":"$\\beta_A > 1,\\ \\beta_V > 1$","regime_color":"#2ca02c","beta_group":"A>_V>","beta_group_label":"$\\beta_A > 1,\\ \\beta_V > 1$","beta_A_prob_gt1":1.0,"beta_A_prob_lt1":0.0,"beta_V_prob_gt1":1.0,"beta_V_prob_lt1":0.0,"n_boot_valid":250.0},"geometry":{"type":"Point","coordinates":[90.8173151287333,24.405840802753513]}},{"type":"Feature","properties":{"fid":9907,"city":"Mondoldia","country":"Bangladesh","beta_A":2.137,"beta_V":2.0609,"beta_h":-0.0761,"A_cls":2,"H_cls":1,"color":"#2ca02c","n_points":11.0,"svg_file":"9907.svg","rel_A":">","rel_V":">","regime_key":"A>_V>","regime_label":"$\\beta_A > 1,\\ \\beta_V > 1$","regime_color":"#2ca02c","beta_group":"A>_V>","beta_group_label":"$\\beta_A > 1,\\ \\beta_V > 1$","beta_A_prob_gt1":1.0,"beta_A_prob_lt1":0.0,"beta_V_prob_gt1":1.0,"beta_V_prob_lt1":0.0,"n_boot_valid":250.0},"geometry":{"type":"Point","coordinates":[90.67955198041707,24.154483061447934]}},{"type":"Feature","properties":{"fid":9915,"city":"Guwahati","country":"India","beta_A":0.3333,"beta_V":0.2849,"beta_h":-0.0484,"A_cls":0,"H_cls":1,"color":"#1f77b4","n_points":11.0,"svg_file":"9915.svg","rel_A":"<","rel_V":"<","regime_key":"A<_V<","regime_label":"$\\beta_A < 1,\\ \\beta_V < 1$","regime_color":"#1f77b4","beta_group":"A<_V<","beta_group_label":"$\\beta_A < 1,\\ \\beta_V < 1$","beta_A_prob_gt1":0.0,"beta_A_prob_lt1":1.0,"beta_V_prob_gt1":0.0,"beta_V_prob_lt1":1.0,"n_boot_valid":250.0},"geometry":{"type":"Point","coordinates":[91.740634602042,26.145529049023487]}},{"type":"Feature","properties":{"fid":9924,"city":"Brahmanbaria","country":"Bangladesh","beta_A":1.303,"beta_V":1.0581,"beta_h":-0.2449,"A_cls":2,"H_cls":0,"color":"#ff7f0e","n_points":11.0,"svg_file":"9924.svg","rel_A":"=","rel_V":"=","regime_key":"A=_V=","regime_label":"$\\beta_A = 1,\\ \\beta_V = 1$","regime_color":"#ff7f0e","beta_group":"A=_V=","beta_group_label":"$\\beta_A = 1,\\ \\beta_V = 1$","beta_A_prob_gt1":0.908,"beta_A_prob_lt1":0.092,"beta_V_prob_gt1":0.736,"beta_V_prob_lt1":0.264,"n_boot_valid":250.0},"geometry":{"type":"Point","coordinates":[90.93992583586133,24.06236573786611]}},{"type":"Feature","properties":{"fid":9933,"city":"Homna","country":"Bangladesh","beta_A":1.5804,"beta_V":1.5397,"beta_h":-0.0407,"A_cls":2,"H_cls":2,"color":"#ff7f0e","n_points":11.0,"svg_file":"9933.svg","rel_A":"=","rel_V":"=","regime_key":"A=_V=","regime_label":"$\\beta_A = 1,\\ \\beta_V = 1$","regime_color":"#ff7f0e","beta_group":"A=_V=","beta_group_label":"$\\beta_A = 1,\\ \\beta_V = 1$","beta_A_prob_gt1":0.944,"beta_A_prob_lt1":0.056,"beta_V_prob_gt1":0.936,"beta_V_prob_lt1":0.064,"n_boot_valid":250.0},"geometry":{"type":"Point","coordinates":[90.78222580234055,23.761065900382548]}},{"type":"Feature","properties":{"fid":9937,"city":"Kharupetia","country":"India","beta_A":1.6002,"beta_V":1.2802,"beta_h":-0.3199,"A_cls":2,"H_cls":0,"color":"#ff7f0e","n_points":11.0,"svg_file":"9937.svg","rel_A":"=","rel_V":"=","regime_key":"A=_V=","regime_label":"$\\beta_A = 1,\\ \\beta_V = 1$","regime_color":"#ff7f0e","beta_group":"A=_V=","beta_group_label":"$\\beta_A = 1,\\ \\beta_V = 1$","beta_A_prob_gt1":0.84,"beta_A_prob_lt1":0.16,"beta_V_prob_gt1":0.704,"beta_V_prob_lt1":0.296,"n_boot_valid":250.0},"geometry":{"type":"Point","coordinates":[92.13864099148346,26.58407386076575]}},{"type":"Feature","properties":{"fid":9938,"city":"Comilla","country":"Bangladesh","beta_A":2.3771,"beta_V":2.0458,"beta_h":-0.3314,"A_cls":2,"H_cls":0,"color":"#2ca02c","n_points":11.0,"svg_file":"9938.svg","rel_A":">","rel_V":">","regime_key":"A>_V>","regime_label":"$\\beta_A > 1,\\ \\beta_V > 1$","regime_color":"#2ca02c","beta_group":"A>_V>","beta_group_label":"$\\beta_A > 1,\\ \\beta_V > 1$","beta_A_prob_gt1":1.0,"beta_A_prob_lt1":0.0,"beta_V_prob_gt1":1.0,"beta_V_prob_lt1":0.0,"n_boot_valid":250.0},"geometry":{"type":"Point","coordinates":[91.10395616330969,23.468389521483036]}},{"type":"Feature","properties":{"fid":9958,"city":"Lakshmipur","country":"Bangladesh","beta_A":3.2176,"beta_V":2.9719,"beta_h":-0.2457,"A_cls":2,"H_cls":0,"color":"#2ca02c","n_points":11.0,"svg_file":"9958.svg","rel_A":">","rel_V":">","regime_key":"A>_V>","regime_label":"$\\beta_A > 1,\\ \\beta_V > 1$","regime_color":"#2ca02c","beta_group":"A>_V>","beta_group_label":"$\\beta_A > 1,\\ \\beta_V > 1$","beta_A_prob_gt1":1.0,"beta_A_prob_lt1":0.0,"beta_V_prob_gt1":1.0,"beta_V_prob_lt1":0.0,"n_boot_valid":250.0},"geometry":{"type":"Point","coordinates":[90.8450319898938,22.992271196214677]}},{"type":"Feature","properties":{"fid":9962,"city":"Dhing","country":"India","beta_A":1.2807,"beta_V":1.1655,"beta_h":-0.1152,"A_cls":2,"H_cls":1,"color":"#ff7f0e","n_points":11.0,"svg_file":"9962.svg","rel_A":"=","rel_V":"=","regime_key":"A=_V=","regime_label":"$\\beta_A = 1,\\ \\beta_V = 1$","regime_color":"#ff7f0e","beta_group":"A=_V=","beta_group_label":"$\\beta_A = 1,\\ \\beta_V = 1$","beta_A_prob_gt1":0.768,"beta_A_prob_lt1":0.232,"beta_V_prob_gt1":0.68,"beta_V_prob_lt1":0.32,"n_boot_valid":250.0},"geometry":{"type":"Point","coordinates":[92.48277965158653,26.449069671466376]}},{"type":"Feature","properties":{"fid":9970,"city":"Madhabpur","country":"Bangladesh","beta_A":1.4356,"beta_V":1.3576,"beta_h":-0.078,"A_cls":2,"H_cls":1,"color":"#ff7f0e","n_points":11.0,"svg_file":"9970.svg","rel_A":"=","rel_V":"=","regime_key":"A=_V=","regime_label":"$\\beta_A = 1,\\ \\beta_V = 1$","regime_color":"#ff7f0e","beta_group":"A=_V=","beta_group_label":"$\\beta_A = 1,\\ \\beta_V = 1$","beta_A_prob_gt1":0.932,"beta_A_prob_lt1":0.068,"beta_V_prob_gt1":0.924,"beta_V_prob_lt1":0.076,"n_boot_valid":250.0},"geometry":{"type":"Point","coordinates":[91.29932011676033,24.087486147350152]}},{"type":"Feature","properties":{"fid":9977,"city":"Shaistaganj","country":"Bangladesh","beta_A":1.5948,"beta_V":1.5027,"beta_h":-0.0921,"A_cls":2,"H_cls":1,"color":"#ff7f0e","n_points":11.0,"svg_file":"9977.svg","rel_A":"=","rel_V":"=","regime_key":"A=_V=","regime_label":"$\\beta_A = 1,\\ \\beta_V = 1$","regime_color":"#ff7f0e","beta_group":"A=_V=","beta_group_label":"$\\beta_A = 1,\\ \\beta_V = 1$","beta_A_prob_gt1":0.988,"beta_A_prob_lt1":0.012,"beta_V_prob_gt1":0.988,"beta_V_prob_lt1":0.012,"n_boot_valid":250.0},"geometry":{"type":"Point","coordinates":[91.51672840065443,24.338793571213383]}},{"type":"Feature","properties":{"fid":9982,"city":"Sylhet","country":"Bangladesh","beta_A":0.7638,"beta_V":0.5605,"beta_h":-0.2033,"A_cls":1,"H_cls":0,"color":"#d62728","n_points":11.0,"svg_file":"9982.svg","rel_A":"=","rel_V":"<","regime_key":"A=_V<","regime_label":"$\\beta_A = 1,\\ \\beta_V < 1$","regime_color":"#d62728","beta_group":"A=_V<","beta_group_label":"$\\beta_A = 1,\\ \\beta_V < 1$","beta_A_prob_gt1":0.012,"beta_A_prob_lt1":0.988,"beta_V_prob_gt1":0.0,"beta_V_prob_lt1":1.0,"n_boot_valid":250.0},"geometry":{"type":"Point","coordinates":[91.87567988367823,24.883946712227836]}},{"type":"Feature","properties":{"fid":9987,"city":"Noakhali","country":"Bangladesh","beta_A":2.7817,"beta_V":2.478,"beta_h":-0.3037,"A_cls":2,"H_cls":0,"color":"#2ca02c","n_points":11.0,"svg_file":"9987.svg","rel_A":">","rel_V":">","regime_key":"A>_V>","regime_label":"$\\beta_A > 1,\\ \\beta_V > 1$","regime_color":"#2ca02c","beta_group":"A>_V>","beta_group_label":"$\\beta_A > 1,\\ \\beta_V > 1$","beta_A_prob_gt1":1.0,"beta_A_prob_lt1":0.0,"beta_V_prob_gt1":1.0,"beta_V_prob_lt1":0.0,"n_boot_valid":250.0},"geometry":{"type":"Point","coordinates":[91.17934120887536,22.988097831608954]}},{"type":"Feature","properties":{"fid":9989,"city":"Tezpur","country":"India","beta_A":1.2605,"beta_V":1.0498,"beta_h":-0.2107,"A_cls":2,"H_cls":0,"color":"#ff7f0e","n_points":11.0,"svg_file":"9989.svg","rel_A":"=","rel_V":"=","regime_key":"A=_V=","regime_label":"$\\beta_A = 1,\\ \\beta_V = 1$","regime_color":"#ff7f0e","beta_group":"A=_V=","beta_group_label":"$\\beta_A = 1,\\ \\beta_V = 1$","beta_A_prob_gt1":0.86,"beta_A_prob_lt1":0.14,"beta_V_prob_gt1":0.612,"beta_V_prob_lt1":0.388,"n_boot_valid":250.0},"geometry":{"type":"Point","coordinates":[92.83231653927581,26.676924260892047]}},{"type":"Feature","properties":{"fid":10000,"city":"Daganbhuiyan","country":"Bangladesh","beta_A":2.1914,"beta_V":2.0789,"beta_h":-0.1125,"A_cls":2,"H_cls":1,"color":"#2ca02c","n_points":11.0,"svg_file":"10000.svg","rel_A":">","rel_V":">","regime_key":"A>_V>","regime_label":"$\\beta_A > 1,\\ \\beta_V > 1$","regime_color":"#2ca02c","beta_group":"A>_V>","beta_group_label":"$\\beta_A > 1,\\ \\beta_V > 1$","beta_A_prob_gt1":1.0,"beta_A_prob_lt1":0.0,"beta_V_prob_gt1":1.0,"beta_V_prob_lt1":0.0,"n_boot_valid":250.0},"geometry":{"type":"Point","coordinates":[91.28801657233765,22.883772686670415]}},{"type":"Feature","properties":{"fid":10001,"city":"Samaguri","country":"India","beta_A":1.4161,"beta_V":1.4195,"beta_h":0.0034,"A_cls":2,"H_cls":2,"color":"#ff7f0e","n_points":11.0,"svg_file":"10001.svg","rel_A":"=","rel_V":"=","regime_key":"A=_V=","regime_label":"$\\beta_A = 1,\\ \\beta_V = 1$","regime_color":"#ff7f0e","beta_group":"A=_V=","beta_group_label":"$\\beta_A = 1,\\ \\beta_V = 1$","beta_A_prob_gt1":0.904,"beta_A_prob_lt1":0.096,"beta_V_prob_gt1":0.904,"beta_V_prob_lt1":0.096,"n_boot_valid":250.0},"geometry":{"type":"Point","coordinates":[92.8387318421353,26.423763078949573]}},{"type":"Feature","properties":{"fid":10035,"city":"Chattogram","country":"Bangladesh","beta_A":0.8134,"beta_V":0.558,"beta_h":-0.2554,"A_cls":1,"H_cls":0,"color":"#1f77b4","n_points":11.0,"svg_file":"10035.svg","rel_A":"<","rel_V":"<","regime_key":"A<_V<","regime_label":"$\\beta_A < 1,\\ \\beta_V < 1$","regime_color":"#1f77b4","beta_group":"A<_V<","beta_group_label":"$\\beta_A < 1,\\ \\beta_V < 1$","beta_A_prob_gt1":0.0,"beta_A_prob_lt1":1.0,"beta_V_prob_gt1":0.0,"beta_V_prob_lt1":1.0,"n_boot_valid":250.0},"geometry":{"type":"Point","coordinates":[91.87777840138496,22.433437373330648]}},{"type":"Feature","properties":{"fid":10051,"city":"Burumchhara","country":"Bangladesh","beta_A":1.7054,"beta_V":1.7169,"beta_h":0.0115,"A_cls":2,"H_cls":2,"color":"#2ca02c","n_points":11.0,"svg_file":"10051.svg","rel_A":">","rel_V":">","regime_key":"A>_V>","regime_label":"$\\beta_A > 1,\\ \\beta_V > 1$","regime_color":"#2ca02c","beta_group":"A>_V>","beta_group_label":"$\\beta_A > 1,\\ \\beta_V > 1$","beta_A_prob_gt1":1.0,"beta_A_prob_lt1":0.0,"beta_V_prob_gt1":1.0,"beta_V_prob_lt1":0.0,"n_boot_valid":250.0},"geometry":{"type":"Point","coordinates":[91.97089569850286,22.212643702261825]}},{"type":"Feature","properties":{"fid":10061,"city":"Satkania","country":"Bangladesh","beta_A":1.6801,"beta_V":1.65,"beta_h":-0.0301,"A_cls":2,"H_cls":2,"color":"#2ca02c","n_points":11.0,"svg_file":"10061.svg","rel_A":">","rel_V":">","regime_key":"A>_V>","regime_label":"$\\beta_A > 1,\\ \\beta_V > 1$","regime_color":"#2ca02c","beta_group":"A>_V>","beta_group_label":"$\\beta_A > 1,\\ \\beta_V > 1$","beta_A_prob_gt1":1.0,"beta_A_prob_lt1":0.0,"beta_V_prob_gt1":1.0,"beta_V_prob_lt1":0.0,"n_boot_valid":250.0},"geometry":{"type":"Point","coordinates":[92.08489592058311,22.041931319808274]}},{"type":"Feature","properties":{"fid":10084,"city":"Imphal","country":"India","beta_A":0.7749,"beta_V":0.7831,"beta_h":0.0082,"A_cls":1,"H_cls":2,"color":"#1f77b4","n_points":11.0,"svg_file":"10084.svg","rel_A":"<","rel_V":"<","regime_key":"A<_V<","regime_label":"$\\beta_A < 1,\\ \\beta_V < 1$","regime_color":"#1f77b4","beta_group":"A<_V<","beta_group_label":"$\\beta_A < 1,\\ \\beta_V < 1$","beta_A_prob_gt1":0.004,"beta_A_prob_lt1":0.996,"beta_V_prob_gt1":0.004,"beta_V_prob_lt1":0.996,"n_boot_valid":250.0},"geometry":{"type":"Point","coordinates":[93.95458821336396,24.741280836637387]}},{"type":"Feature","properties":{"fid":10097,"city":"Xining","country":"China","beta_A":1.0454,"beta_V":0.7487,"beta_h":-0.2967,"A_cls":1,"H_cls":0,"color":"#8c564b","n_points":11.0,"svg_file":"10097.svg","rel_A":">","rel_V":"<","regime_key":"A>_V<","regime_label":"$\\beta_A > 1,\\ \\beta_V < 1$","regime_color":"#8c564b","beta_group":"A>_V<","beta_group_label":"$\\beta_A > 1,\\ \\beta_V < 1$","beta_A_prob_gt1":0.992,"beta_A_prob_lt1":0.008,"beta_V_prob_gt1":0.0,"beta_V_prob_lt1":1.0,"n_boot_valid":250.0},"geometry":{"type":"Point","coordinates":[101.75210030768204,36.648931478716094]}},{"type":"Feature","properties":{"fid":10122,"city":"Lanzhou","country":"China","beta_A":0.6488,"beta_V":0.5172,"beta_h":-0.1317,"A_cls":1,"H_cls":0,"color":"#1f77b4","n_points":11.0,"svg_file":"10122.svg","rel_A":"<","rel_V":"<","regime_key":"A<_V<","regime_label":"$\\beta_A < 1,\\ \\beta_V < 1$","regime_color":"#1f77b4","beta_group":"A<_V<","beta_group_label":"$\\beta_A < 1,\\ \\beta_V < 1$","beta_A_prob_gt1":0.0,"beta_A_prob_lt1":1.0,"beta_V_prob_gt1":0.0,"beta_V_prob_lt1":1.0,"n_boot_valid":250.0},"geometry":{"type":"Point","coordinates":[103.77547589209013,36.078200357874664]}},{"type":"Feature","properties":{"fid":10137,"city":"Yinchuan","country":"China","beta_A":1.1873,"beta_V":0.9843,"beta_h":-0.203,"A_cls":2,"H_cls":0,"color":"#9467bd","n_points":11.0,"svg_file":"10137.svg","rel_A":">","rel_V":"=","regime_key":"A>_V=","regime_label":"$\\beta_A > 1,\\ \\beta_V = 1$","regime_color":"#9467bd","beta_group":"A>_V=","beta_group_label":"$\\beta_A > 1,\\ \\beta_V = 1$","beta_A_prob_gt1":0.996,"beta_A_prob_lt1":0.004,"beta_V_prob_gt1":0.352,"beta_V_prob_lt1":0.648,"n_boot_valid":250.0},"geometry":{"type":"Point","coordinates":[106.20487515161706,38.47731535130981]}},{"type":"Feature","properties":{"fid":10155,"city":"Mandalay","country":"Myanmar","beta_A":0.7302,"beta_V":0.6319,"beta_h":-0.0983,"A_cls":1,"H_cls":1,"color":"#1f77b4","n_points":11.0,"svg_file":"10155.svg","rel_A":"<","rel_V":"<","regime_key":"A<_V<","regime_label":"$\\beta_A < 1,\\ \\beta_V < 1$","regime_color":"#1f77b4","beta_group":"A<_V<","beta_group_label":"$\\beta_A < 1,\\ \\beta_V < 1$","beta_A_prob_gt1":0.0,"beta_A_prob_lt1":1.0,"beta_V_prob_gt1":0.0,"beta_V_prob_lt1":1.0,"n_boot_valid":250.0},"geometry":{"type":"Point","coordinates":[96.109027650449,21.9253924877334]}},{"type":"Feature","properties":{"fid":10186,"city":"Baotou","country":"China","beta_A":1.0766,"beta_V":0.9657,"beta_h":-0.1109,"A_cls":2,"H_cls":1,"color":"#ff7f0e","n_points":11.0,"svg_file":"10186.svg","rel_A":"=","rel_V":"=","regime_key":"A=_V=","regime_label":"$\\beta_A = 1,\\ \\beta_V = 1$","regime_color":"#ff7f0e","beta_group":"A=_V=","beta_group_label":"$\\beta_A = 1,\\ \\beta_V = 1$","beta_A_prob_gt1":0.972,"beta_A_prob_lt1":0.028,"beta_V_prob_gt1":0.252,"beta_V_prob_lt1":0.748,"n_boot_valid":250.0},"geometry":{"type":"Point","coordinates":[109.87795169879121,40.62824518155816]}},{"type":"Feature","properties":{"fid":10248,"city":"Yangon","country":"Myanmar","beta_A":0.6778,"beta_V":0.5267,"beta_h":-0.1511,"A_cls":1,"H_cls":0,"color":"#1f77b4","n_points":11.0,"svg_file":"10248.svg","rel_A":"<","rel_V":"<","regime_key":"A<_V<","regime_label":"$\\beta_A < 1,\\ \\beta_V < 1$","regime_color":"#1f77b4","beta_group":"A<_V<","beta_group_label":"$\\beta_A < 1,\\ \\beta_V < 1$","beta_A_prob_gt1":0.0,"beta_A_prob_lt1":1.0,"beta_V_prob_gt1":0.0,"beta_V_prob_lt1":1.0,"n_boot_valid":250.0},"geometry":{"type":"Point","coordinates":[96.14266965419465,16.90033750626688]}},{"type":"Feature","properties":{"fid":10340,"city":"Banda Aceh","country":"Indonesia","beta_A":0.3931,"beta_V":0.3272,"beta_h":-0.066,"A_cls":0,"H_cls":1,"color":"#1f77b4","n_points":11.0,"svg_file":"10340.svg","rel_A":"<","rel_V":"<","regime_key":"A<_V<","regime_label":"$\\beta_A < 1,\\ \\beta_V < 1$","regime_color":"#1f77b4","beta_group":"A<_V<","beta_group_label":"$\\beta_A < 1,\\ \\beta_V < 1$","beta_A_prob_gt1":0.0,"beta_A_prob_lt1":1.0,"beta_V_prob_gt1":0.0,"beta_V_prob_lt1":1.0,"n_boot_valid":250.0},"geometry":{"type":"Point","coordinates":[95.32476050065547,5.555528014306068]}},{"type":"Feature","properties":{"fid":10385,"city":"Chiang Mai","country":"Thailand","beta_A":0.4807,"beta_V":0.3961,"beta_h":-0.0846,"A_cls":0,"H_cls":1,"color":"#1f77b4","n_points":11.0,"svg_file":"10385.svg","rel_A":"<","rel_V":"<","regime_key":"A<_V<","regime_label":"$\\beta_A < 1,\\ \\beta_V < 1$","regime_color":"#1f77b4","beta_group":"A<_V<","beta_group_label":"$\\beta_A < 1,\\ \\beta_V < 1$","beta_A_prob_gt1":0.0,"beta_A_prob_lt1":1.0,"beta_V_prob_gt1":0.0,"beta_V_prob_lt1":1.0,"n_boot_valid":250.0},"geometry":{"type":"Point","coordinates":[99.0245581817979,18.77117205704203]}},{"type":"Feature","properties":{"fid":10463,"city":"渭城区","country":"China","beta_A":1.2124,"beta_V":0.9541,"beta_h":-0.2583,"A_cls":2,"H_cls":0,"color":"#ff7f0e","n_points":11.0,"svg_file":"10463.svg","rel_A":"=","rel_V":"=","regime_key":"A=_V=","regime_label":"$\\beta_A = 1,\\ \\beta_V = 1$","regime_color":"#ff7f0e","beta_group":"A=_V=","beta_group_label":"$\\beta_A = 1,\\ \\beta_V = 1$","beta_A_prob_gt1":0.972,"beta_A_prob_lt1":0.028,"beta_V_prob_gt1":0.288,"beta_V_prob_lt1":0.712,"n_boot_valid":250.0},"geometry":{"type":"Point","coordinates":[108.69433503973654,34.35777275924767]}},{"type":"Feature","properties":{"fid":10532,"city":"Taiyuan","country":"China","beta_A":0.2991,"beta_V":0.2643,"beta_h":-0.0348,"A_cls":0,"H_cls":2,"color":"#1f77b4","n_points":11.0,"svg_file":"10532.svg","rel_A":"<","rel_V":"<","regime_key":"A<_V<","regime_label":"$\\beta_A < 1,\\ \\beta_V < 1$","regime_color":"#1f77b4","beta_group":"A<_V<","beta_group_label":"$\\beta_A < 1,\\ \\beta_V < 1$","beta_A_prob_gt1":0.0,"beta_A_prob_lt1":1.0,"beta_V_prob_gt1":0.0,"beta_V_prob_lt1":1.0,"n_boot_valid":250.0},"geometry":{"type":"Point","coordinates":[112.53551051948322,37.85270549761974]}},{"type":"Feature","properties":{"fid":10573,"city":"Qujing","country":"China","beta_A":1.3012,"beta_V":1.0785,"beta_h":-0.2226,"A_cls":2,"H_cls":0,"color":"#9467bd","n_points":11.0,"svg_file":"10573.svg","rel_A":">","rel_V":"=","regime_key":"A>_V=","regime_label":"$\\beta_A > 1,\\ \\beta_V = 1$","regime_color":"#9467bd","beta_group":"A>_V=","beta_group_label":"$\\beta_A > 1,\\ \\beta_V = 1$","beta_A_prob_gt1":1.0,"beta_A_prob_lt1":0.0,"beta_V_prob_gt1":0.956,"beta_V_prob_lt1":0.044,"n_boot_valid":250.0},"geometry":{"type":"Point","coordinates":[103.82256217010028,25.522519251371147]}},{"type":"Feature","properties":{"fid":10627,"city":"Phuket","country":"Thailand","beta_A":0.5713,"beta_V":0.5131,"beta_h":-0.0582,"A_cls":0,"H_cls":1,"color":"#1f77b4","n_points":11.0,"svg_file":"10627.svg","rel_A":"<","rel_V":"<","regime_key":"A<_V<","regime_label":"$\\beta_A < 1,\\ \\beta_V < 1$","regime_color":"#1f77b4","beta_group":"A<_V<","beta_group_label":"$\\beta_A < 1,\\ \\beta_V < 1$","beta_A_prob_gt1":0.004,"beta_A_prob_lt1":0.996,"beta_V_prob_gt1":0.0,"beta_V_prob_lt1":1.0,"n_boot_valid":250.0},"geometry":{"type":"Point","coordinates":[98.37439118339306,7.866655275534549]}},{"type":"Feature","properties":{"fid":10687,"city":"Beijing","country":"China","beta_A":0.7691,"beta_V":0.5764,"beta_h":-0.1927,"A_cls":1,"H_cls":0,"color":"#1f77b4","n_points":11.0,"svg_file":"10687.svg","rel_A":"<","rel_V":"<","regime_key":"A<_V<","regime_label":"$\\beta_A < 1,\\ \\beta_V < 1$","regime_color":"#1f77b4","beta_group":"A<_V<","beta_group_label":"$\\beta_A < 1,\\ \\beta_V < 1$","beta_A_prob_gt1":0.0,"beta_A_prob_lt1":1.0,"beta_V_prob_gt1":0.0,"beta_V_prob_lt1":1.0,"n_boot_valid":250.0},"geometry":{"type":"Point","coordinates":[116.4107143951463,39.9114590149926]}},{"type":"Feature","properties":{"fid":10692,"city":"Medan","country":"Indonesia","beta_A":0.452,"beta_V":0.3387,"beta_h":-0.1133,"A_cls":0,"H_cls":1,"color":"#1f77b4","n_points":11.0,"svg_file":"10692.svg","rel_A":"<","rel_V":"<","regime_key":"A<_V<","regime_label":"$\\beta_A < 1,\\ \\beta_V < 1$","regime_color":"#1f77b4","beta_group":"A<_V<","beta_group_label":"$\\beta_A < 1,\\ \\beta_V < 1$","beta_A_prob_gt1":0.0,"beta_A_prob_lt1":1.0,"beta_V_prob_gt1":0.0,"beta_V_prob_lt1":1.0,"n_boot_valid":250.0},"geometry":{"type":"Point","coordinates":[98.63701645415554,3.620159405621476]}},{"type":"Feature","properties":{"fid":10715,"city":"Bangkok","country":"Thailand","beta_A":0.9306,"beta_V":0.7354,"beta_h":-0.1952,"A_cls":1,"H_cls":0,"color":"#d62728","n_points":11.0,"svg_file":"10715.svg","rel_A":"=","rel_V":"<","regime_key":"A=_V<","regime_label":"$\\beta_A = 1,\\ \\beta_V < 1$","regime_color":"#d62728","beta_group":"A=_V<","beta_group_label":"$\\beta_A = 1,\\ \\beta_V < 1$","beta_A_prob_gt1":0.164,"beta_A_prob_lt1":0.836,"beta_V_prob_gt1":0.004,"beta_V_prob_lt1":0.996,"n_boot_valid":250.0},"geometry":{"type":"Point","coordinates":[100.5669086098042,13.837072627927807]}},{"type":"Feature","properties":{"fid":10738,"city":"Shunyi","country":"China","beta_A":1.2684,"beta_V":1.1226,"beta_h":-0.1458,"A_cls":2,"H_cls":0,"color":"#2ca02c","n_points":11.0,"svg_file":"10738.svg","rel_A":">","rel_V":">","regime_key":"A>_V>","regime_label":"$\\beta_A > 1,\\ \\beta_V > 1$","regime_color":"#2ca02c","beta_group":"A>_V>","beta_group_label":"$\\beta_A > 1,\\ \\beta_V > 1$","beta_A_prob_gt1":1.0,"beta_A_prob_lt1":0.0,"beta_V_prob_gt1":0.992,"beta_V_prob_lt1":0.008,"n_boot_valid":250.0},"geometry":{"type":"Point","coordinates":[116.59518384544508,40.11724455959168]}},{"type":"Feature","properties":{"fid":10779,"city":"Daqing","country":"China","beta_A":1.736,"beta_V":1.5815,"beta_h":-0.1545,"A_cls":2,"H_cls":0,"color":"#2ca02c","n_points":11.0,"svg_file":"10779.svg","rel_A":">","rel_V":">","regime_key":"A>_V>","regime_label":"$\\beta_A > 1,\\ \\beta_V > 1$","regime_color":"#2ca02c","beta_group":"A>_V>","beta_group_label":"$\\beta_A > 1,\\ \\beta_V > 1$","beta_A_prob_gt1":1.0,"beta_A_prob_lt1":0.0,"beta_V_prob_gt1":1.0,"beta_V_prob_lt1":0.0,"n_boot_valid":250.0},"geometry":{"type":"Point","coordinates":[125.14836569083624,46.577556682746746]}},{"type":"Feature","properties":{"fid":10854,"city":"Guiyang","country":"China","beta_A":1.1861,"beta_V":0.8693,"beta_h":-0.3168,"A_cls":2,"H_cls":0,"color":"#8c564b","n_points":11.0,"svg_file":"10854.svg","rel_A":">","rel_V":"<","regime_key":"A>_V<","regime_label":"$\\beta_A > 1,\\ \\beta_V < 1$","regime_color":"#8c564b","beta_group":"A>_V<","beta_group_label":"$\\beta_A > 1,\\ \\beta_V < 1$","beta_A_prob_gt1":0.996,"beta_A_prob_lt1":0.004,"beta_V_prob_gt1":0.0,"beta_V_prob_lt1":1.0,"n_boot_valid":250.0},"geometry":{"type":"Point","coordinates":[106.67353926102605,26.600953623955455]}},{"type":"Feature","properties":{"fid":10910,"city":"Jiaozuo","country":"China","beta_A":0.953,"beta_V":0.7494,"beta_h":-0.2035,"A_cls":1,"H_cls":0,"color":"#ff7f0e","n_points":11.0,"svg_file":"10910.svg","rel_A":"=","rel_V":"=","regime_key":"A=_V=","regime_label":"$\\beta_A = 1,\\ \\beta_V = 1$","regime_color":"#ff7f0e","beta_group":"A=_V=","beta_group_label":"$\\beta_A = 1,\\ \\beta_V = 1$","beta_A_prob_gt1":0.28,"beta_A_prob_lt1":0.72,"beta_V_prob_gt1":0.028,"beta_V_prob_lt1":0.972,"n_boot_valid":250.0},"geometry":{"type":"Point","coordinates":[113.24411183182241,35.25120588423192]}},{"type":"Feature","properties":{"fid":10912,"city":"Handan","country":"China","beta_A":0.2722,"beta_V":0.2472,"beta_h":-0.025,"A_cls":0,"H_cls":2,"color":"#1f77b4","n_points":11.0,"svg_file":"10912.svg","rel_A":"<","rel_V":"<","regime_key":"A<_V<","regime_label":"$\\beta_A < 1,\\ \\beta_V < 1$","regime_color":"#1f77b4","beta_group":"A<_V<","beta_group_label":"$\\beta_A < 1,\\ \\beta_V < 1$","beta_A_prob_gt1":0.0,"beta_A_prob_lt1":1.0,"beta_V_prob_gt1":0.0,"beta_V_prob_lt1":1.0,"n_boot_valid":250.0},"geometry":{"type":"Point","coordinates":[114.48897192817124,36.60497301753676]}},{"type":"Feature","properties":{"fid":10922,"city":"Tianjin","country":"China","beta_A":0.865,"beta_V":0.6898,"beta_h":-0.1752,"A_cls":1,"H_cls":0,"color":"#1f77b4","n_points":11.0,"svg_file":"10922.svg","rel_A":"<","rel_V":"<","regime_key":"A<_V<","regime_label":"$\\beta_A < 1,\\ \\beta_V < 1$","regime_color":"#1f77b4","beta_group":"A<_V<","beta_group_label":"$\\beta_A < 1,\\ \\beta_V < 1$","beta_A_prob_gt1":0.0,"beta_A_prob_lt1":1.0,"beta_V_prob_gt1":0.0,"beta_V_prob_lt1":1.0,"n_boot_valid":250.0},"geometry":{"type":"Point","coordinates":[117.23908515921954,39.09951033503948]}},{"type":"Feature","properties":{"fid":10940,"city":"George Town","country":"Malaysia","beta_A":0.6361,"beta_V":0.5644,"beta_h":-0.0717,"A_cls":1,"H_cls":1,"color":"#1f77b4","n_points":11.0,"svg_file":"10940.svg","rel_A":"<","rel_V":"<","regime_key":"A<_V<","regime_label":"$\\beta_A < 1,\\ \\beta_V < 1$","regime_color":"#1f77b4","beta_group":"A<_V<","beta_group_label":"$\\beta_A < 1,\\ \\beta_V < 1$","beta_A_prob_gt1":0.0,"beta_A_prob_lt1":1.0,"beta_V_prob_gt1":0.0,"beta_V_prob_lt1":1.0,"n_boot_valid":250.0},"geometry":{"type":"Point","coordinates":[100.29472965238595,5.377288243317163]}},{"type":"Feature","properties":{"fid":10956,"city":"Bukit Mertajam","country":"Malaysia","beta_A":1.2228,"beta_V":1.1126,"beta_h":-0.1102,"A_cls":2,"H_cls":1,"color":"#9467bd","n_points":11.0,"svg_file":"10956.svg","rel_A":">","rel_V":"=","regime_key":"A>_V=","regime_label":"$\\beta_A > 1,\\ \\beta_V = 1$","regime_color":"#9467bd","beta_group":"A>_V=","beta_group_label":"$\\beta_A > 1,\\ \\beta_V = 1$","beta_A_prob_gt1":0.992,"beta_A_prob_lt1":0.008,"beta_V_prob_gt1":0.988,"beta_V_prob_lt1":0.012,"n_boot_valid":250.0},"geometry":{"type":"Point","coordinates":[100.43732787197426,5.35298421409861]}},{"type":"Feature","properties":{"fid":10988,"city":"Padang","country":"Indonesia","beta_A":0.4446,"beta_V":0.3508,"beta_h":-0.0938,"A_cls":0,"H_cls":1,"color":"#1f77b4","n_points":11.0,"svg_file":"10988.svg","rel_A":"<","rel_V":"<","regime_key":"A<_V<","regime_label":"$\\beta_A < 1,\\ \\beta_V < 1$","regime_color":"#1f77b4","beta_group":"A<_V<","beta_group_label":"$\\beta_A < 1,\\ \\beta_V < 1$","beta_A_prob_gt1":0.0,"beta_A_prob_lt1":1.0,"beta_V_prob_gt1":0.0,"beta_V_prob_lt1":1.0,"n_boot_valid":250.0},"geometry":{"type":"Point","coordinates":[100.37376161488643,-0.881570358571487]}},{"type":"Feature","properties":{"fid":10991,"city":"Tangshan","country":"China","beta_A":0.8482,"beta_V":0.7602,"beta_h":-0.088,"A_cls":1,"H_cls":1,"color":"#d62728","n_points":11.0,"svg_file":"10991.svg","rel_A":"=","rel_V":"<","regime_key":"A=_V<","regime_label":"$\\beta_A = 1,\\ \\beta_V < 1$","regime_color":"#d62728","beta_group":"A=_V<","beta_group_label":"$\\beta_A = 1,\\ \\beta_V < 1$","beta_A_prob_gt1":0.068,"beta_A_prob_lt1":0.932,"beta_V_prob_gt1":0.008,"beta_V_prob_lt1":0.992,"n_boot_valid":250.0},"geometry":{"type":"Point","coordinates":[118.14242288508574,39.634461284309744]}},{"type":"Feature","properties":{"fid":11007,"city":"Cangzhou","country":"China","beta_A":1.3684,"beta_V":1.1296,"beta_h":-0.2388,"A_cls":2,"H_cls":0,"color":"#9467bd","n_points":11.0,"svg_file":"11007.svg","rel_A":">","rel_V":"=","regime_key":"A>_V=","regime_label":"$\\beta_A > 1,\\ \\beta_V = 1$","regime_color":"#9467bd","beta_group":"A>_V=","beta_group_label":"$\\beta_A > 1,\\ \\beta_V = 1$","beta_A_prob_gt1":0.992,"beta_A_prob_lt1":0.008,"beta_V_prob_gt1":0.944,"beta_V_prob_lt1":0.056,"n_boot_valid":250.0},"geometry":{"type":"Point","coordinates":[116.84768376524129,38.313216332121264]}},{"type":"Feature","properties":{"fid":11009,"city":"Zhengzhou","country":"China","beta_A":0.7568,"beta_V":0.6058,"beta_h":-0.1509,"A_cls":1,"H_cls":0,"color":"#1f77b4","n_points":11.0,"svg_file":"11009.svg","rel_A":"<","rel_V":"<","regime_key":"A<_V<","regime_label":"$\\beta_A < 1,\\ \\beta_V < 1$","regime_color":"#1f77b4","beta_group":"A<_V<","beta_group_label":"$\\beta_A < 1,\\ \\beta_V < 1$","beta_A_prob_gt1":0.0,"beta_A_prob_lt1":1.0,"beta_V_prob_gt1":0.0,"beta_V_prob_lt1":1.0,"n_boot_valid":250.0},"geometry":{"type":"Point","coordinates":[113.64973619964127,34.76699188514708]}},{"type":"Feature","properties":{"fid":11011,"city":"Binhai","country":"China","beta_A":1.1394,"beta_V":1.0053,"beta_h":-0.1341,"A_cls":2,"H_cls":0,"color":"#ff7f0e","n_points":11.0,"svg_file":"11011.svg","rel_A":"=","rel_V":"=","regime_key":"A=_V=","regime_label":"$\\beta_A = 1,\\ \\beta_V = 1$","regime_color":"#ff7f0e","beta_group":"A=_V=","beta_group_label":"$\\beta_A = 1,\\ \\beta_V = 1$","beta_A_prob_gt1":0.972,"beta_A_prob_lt1":0.028,"beta_V_prob_gt1":0.492,"beta_V_prob_lt1":0.508,"n_boot_valid":250.0},"geometry":{"type":"Point","coordinates":[117.6519682003645,39.01939940411003]}},{"type":"Feature","properties":{"fid":11022,"city":"中塘镇","country":"China","beta_A":1.2332,"beta_V":1.0889,"beta_h":-0.1443,"A_cls":2,"H_cls":0,"color":"#9467bd","n_points":11.0,"svg_file":"11022.svg","rel_A":">","rel_V":"=","regime_key":"A>_V=","regime_label":"$\\beta_A > 1,\\ \\beta_V = 1$","regime_color":"#9467bd","beta_group":"A>_V=","beta_group_label":"$\\beta_A > 1,\\ \\beta_V = 1$","beta_A_prob_gt1":1.0,"beta_A_prob_lt1":0.0,"beta_V_prob_gt1":0.96,"beta_V_prob_lt1":0.04,"n_boot_valid":250.0},"geometry":{"type":"Point","coordinates":[117.47258481293093,38.82371557981046]}},{"type":"Feature","properties":{"fid":11074,"city":"Ipoh","country":"Malaysia","beta_A":0.6169,"beta_V":0.5452,"beta_h":-0.0717,"A_cls":0,"H_cls":1,"color":"#1f77b4","n_points":11.0,"svg_file":"11074.svg","rel_A":"<","rel_V":"<","regime_key":"A<_V<","regime_label":"$\\beta_A < 1,\\ \\beta_V < 1$","regime_color":"#1f77b4","beta_group":"A<_V<","beta_group_label":"$\\beta_A < 1,\\ \\beta_V < 1$","beta_A_prob_gt1":0.0,"beta_A_prob_lt1":1.0,"beta_V_prob_gt1":0.0,"beta_V_prob_lt1":1.0,"n_boot_valid":250.0},"geometry":{"type":"Point","coordinates":[101.1037360261892,4.628081160329383]}},{"type":"Feature","properties":{"fid":11090,"city":"Puyang","country":"China","beta_A":0.9939,"beta_V":0.9169,"beta_h":-0.077,"A_cls":1,"H_cls":1,"color":"#ff7f0e","n_points":11.0,"svg_file":"11090.svg","rel_A":"=","rel_V":"=","regime_key":"A=_V=","regime_label":"$\\beta_A = 1,\\ \\beta_V = 1$","regime_color":"#ff7f0e","beta_group":"A=_V=","beta_group_label":"$\\beta_A = 1,\\ \\beta_V = 1$","beta_A_prob_gt1":0.476,"beta_A_prob_lt1":0.524,"beta_V_prob_gt1":0.092,"beta_V_prob_lt1":0.908,"n_boot_valid":250.0},"geometry":{"type":"Point","coordinates":[115.01037560121345,35.75401900681164]}},{"type":"Feature","properties":{"fid":11112,"city":"Harbin","country":"China","beta_A":0.6911,"beta_V":0.4781,"beta_h":-0.2131,"A_cls":1,"H_cls":0,"color":"#1f77b4","n_points":11.0,"svg_file":"11112.svg","rel_A":"<","rel_V":"<","regime_key":"A<_V<","regime_label":"$\\beta_A < 1,\\ \\beta_V < 1$","regime_color":"#1f77b4","beta_group":"A<_V<","beta_group_label":"$\\beta_A < 1,\\ \\beta_V < 1$","beta_A_prob_gt1":0.0,"beta_A_prob_lt1":1.0,"beta_V_prob_gt1":0.0,"beta_V_prob_lt1":1.0,"n_boot_valid":250.0},"geometry":{"type":"Point","coordinates":[126.64637857552148,45.713780694081855]}},{"type":"Feature","properties":{"fid":11131,"city":"Xuchang","country":"China","beta_A":0.911,"beta_V":0.7948,"beta_h":-0.1162,"A_cls":1,"H_cls":1,"color":"#ff7f0e","n_points":11.0,"svg_file":"11131.svg","rel_A":"=","rel_V":"=","regime_key":"A=_V=","regime_label":"$\\beta_A = 1,\\ \\beta_V = 1$","regime_color":"#ff7f0e","beta_group":"A=_V=","beta_group_label":"$\\beta_A = 1,\\ \\beta_V = 1$","beta_A_prob_gt1":0.14,"beta_A_prob_lt1":0.86,"beta_V_prob_gt1":0.024,"beta_V_prob_lt1":0.976,"n_boot_valid":250.0},"geometry":{"type":"Point","coordinates":[113.80786867704255,34.044837195701376]}},{"type":"Feature","properties":{"fid":11139,"city":"Kuala Lumpur","country":"Malaysia","beta_A":0.5009,"beta_V":0.4573,"beta_h":-0.0436,"A_cls":0,"H_cls":2,"color":"#1f77b4","n_points":11.0,"svg_file":"11139.svg","rel_A":"<","rel_V":"<","regime_key":"A<_V<","regime_label":"$\\beta_A < 1,\\ \\beta_V < 1$","regime_color":"#1f77b4","beta_group":"A<_V<","beta_group_label":"$\\beta_A < 1,\\ \\beta_V < 1$","beta_A_prob_gt1":0.0,"beta_A_prob_lt1":1.0,"beta_V_prob_gt1":0.0,"beta_V_prob_lt1":1.0,"n_boot_valid":250.0},"geometry":{"type":"Point","coordinates":[101.62928210560074,3.077929160718755]}},{"type":"Feature","properties":{"fid":11146,"city":"Pekanbaru","country":"Indonesia","beta_A":0.4819,"beta_V":0.4014,"beta_h":-0.0805,"A_cls":0,"H_cls":1,"color":"#1f77b4","n_points":11.0,"svg_file":"11146.svg","rel_A":"<","rel_V":"<","regime_key":"A<_V<","regime_label":"$\\beta_A < 1,\\ \\beta_V < 1$","regime_color":"#1f77b4","beta_group":"A<_V<","beta_group_label":"$\\beta_A < 1,\\ \\beta_V < 1$","beta_A_prob_gt1":0.0,"beta_A_prob_lt1":1.0,"beta_V_prob_gt1":0.0,"beta_V_prob_lt1":1.0,"n_boot_valid":250.0},"geometry":{"type":"Point","coordinates":[101.4515334699542,0.513570257885463]}},{"type":"Feature","properties":{"fid":11199,"city":"Luohe","country":"China","beta_A":0.8239,"beta_V":0.716,"beta_h":-0.1079,"A_cls":1,"H_cls":1,"color":"#1f77b4","n_points":11.0,"svg_file":"11199.svg","rel_A":"<","rel_V":"<","regime_key":"A<_V<","regime_label":"$\\beta_A < 1,\\ \\beta_V < 1$","regime_color":"#1f77b4","beta_group":"A<_V<","beta_group_label":"$\\beta_A < 1,\\ \\beta_V < 1$","beta_A_prob_gt1":0.008,"beta_A_prob_lt1":0.992,"beta_V_prob_gt1":0.0,"beta_V_prob_lt1":1.0,"n_boot_valid":250.0},"geometry":{"type":"Point","coordinates":[114.04987602296303,33.56757822540786]}},{"type":"Feature","properties":{"fid":11216,"city":"Seremban","country":"Malaysia","beta_A":1.3459,"beta_V":1.2886,"beta_h":-0.0573,"A_cls":2,"H_cls":1,"color":"#2ca02c","n_points":11.0,"svg_file":"11216.svg","rel_A":">","rel_V":">","regime_key":"A>_V>","regime_label":"$\\beta_A > 1,\\ \\beta_V > 1$","regime_color":"#2ca02c","beta_group":"A>_V>","beta_group_label":"$\\beta_A > 1,\\ \\beta_V > 1$","beta_A_prob_gt1":1.0,"beta_A_prob_lt1":0.0,"beta_V_prob_gt1":1.0,"beta_V_prob_lt1":0.0,"n_boot_valid":250.0},"geometry":{"type":"Point","coordinates":[101.95318119136309,2.705714000861743]}},{"type":"Feature","properties":{"fid":11220,"city":"Kota Bharu","country":"Malaysia","beta_A":1.2381,"beta_V":1.0359,"beta_h":-0.2022,"A_cls":2,"H_cls":0,"color":"#9467bd","n_points":11.0,"svg_file":"11220.svg","rel_A":">","rel_V":"=","regime_key":"A>_V=","regime_label":"$\\beta_A > 1,\\ \\beta_V = 1$","regime_color":"#9467bd","beta_group":"A>_V=","beta_group_label":"$\\beta_A > 1,\\ \\beta_V = 1$","beta_A_prob_gt1":1.0,"beta_A_prob_lt1":0.0,"beta_V_prob_gt1":0.688,"beta_V_prob_lt1":0.312,"n_boot_valid":250.0},"geometry":{"type":"Point","coordinates":[102.25638148545472,6.106584971120617]}},{"type":"Feature","properties":{"fid":11223,"city":"Jinan","country":"China","beta_A":0.8848,"beta_V":0.7261,"beta_h":-0.1586,"A_cls":1,"H_cls":0,"color":"#ff7f0e","n_points":11.0,"svg_file":"11223.svg","rel_A":"=","rel_V":"=","regime_key":"A=_V=","regime_label":"$\\beta_A = 1,\\ \\beta_V = 1$","regime_color":"#ff7f0e","beta_group":"A=_V=","beta_group_label":"$\\beta_A = 1,\\ \\beta_V = 1$","beta_A_prob_gt1":0.096,"beta_A_prob_lt1":0.904,"beta_V_prob_gt1":0.024,"beta_V_prob_lt1":0.976,"n_boot_valid":250.0},"geometry":{"type":"Point","coordinates":[117.04590446801443,36.66651750287681]}},{"type":"Feature","properties":{"fid":11248,"city":"Changchun","country":"China","beta_A":1.7126,"beta_V":1.3985,"beta_h":-0.3141,"A_cls":2,"H_cls":0,"color":"#2ca02c","n_points":11.0,"svg_file":"11248.svg","rel_A":">","rel_V":">","regime_key":"A>_V>","regime_label":"$\\beta_A > 1,\\ \\beta_V > 1$","regime_color":"#2ca02c","beta_group":"A>_V>","beta_group_label":"$\\beta_A > 1,\\ \\beta_V > 1$","beta_A_prob_gt1":1.0,"beta_A_prob_lt1":0.0,"beta_V_prob_gt1":1.0,"beta_V_prob_lt1":0.0,"n_boot_valid":250.0},"geometry":{"type":"Point","coordinates":[125.28324841242228,43.88180515846282]}},{"type":"Feature","properties":{"fid":11266,"city":"Melaka City","country":"Malaysia","beta_A":1.0699,"beta_V":0.9544,"beta_h":-0.1155,"A_cls":2,"H_cls":1,"color":"#ff7f0e","n_points":11.0,"svg_file":"11266.svg","rel_A":"=","rel_V":"=","regime_key":"A=_V=","regime_label":"$\\beta_A = 1,\\ \\beta_V = 1$","regime_color":"#ff7f0e","beta_group":"A=_V=","beta_group_label":"$\\beta_A = 1,\\ \\beta_V = 1$","beta_A_prob_gt1":0.96,"beta_A_prob_lt1":0.04,"beta_V_prob_gt1":0.172,"beta_V_prob_lt1":0.828,"n_boot_valid":250.0},"geometry":{"type":"Point","coordinates":[102.22543644027607,2.236460879640222]}},{"type":"Feature","properties":{"fid":11334,"city":"Shenyang","country":"China","beta_A":1.7461,"beta_V":1.3555,"beta_h":-0.3906,"A_cls":2,"H_cls":0,"color":"#2ca02c","n_points":11.0,"svg_file":"11334.svg","rel_A":">","rel_V":">","regime_key":"A>_V>","regime_label":"$\\beta_A > 1,\\ \\beta_V > 1$","regime_color":"#2ca02c","beta_group":"A>_V>","beta_group_label":"$\\beta_A > 1,\\ \\beta_V > 1$","beta_A_prob_gt1":1.0,"beta_A_prob_lt1":0.0,"beta_V_prob_gt1":1.0,"beta_V_prob_lt1":0.0,"n_boot_valid":250.0},"geometry":{"type":"Point","coordinates":[123.37243273960426,41.77211581301258]}},{"type":"Feature","properties":{"fid":11341,"city":"Jining","country":"China","beta_A":0.9288,"beta_V":0.7745,"beta_h":-0.1543,"A_cls":1,"H_cls":0,"color":"#ff7f0e","n_points":11.0,"svg_file":"11341.svg","rel_A":"=","rel_V":"=","regime_key":"A=_V=","regime_label":"$\\beta_A = 1,\\ \\beta_V = 1$","regime_color":"#ff7f0e","beta_group":"A=_V=","beta_group_label":"$\\beta_A = 1,\\ \\beta_V = 1$","beta_A_prob_gt1":0.428,"beta_A_prob_lt1":0.572,"beta_V_prob_gt1":0.228,"beta_V_prob_lt1":0.772,"n_boot_valid":250.0},"geometry":{"type":"Point","coordinates":[116.60476477409475,35.42159223668475]}},{"type":"Feature","properties":{"fid":11368,"city":"Jiamusi","country":"China","beta_A":0.8154,"beta_V":0.56,"beta_h":-0.2554,"A_cls":1,"H_cls":0,"color":"#d62728","n_points":11.0,"svg_file":"11368.svg","rel_A":"=","rel_V":"<","regime_key":"A=_V<","regime_label":"$\\beta_A = 1,\\ \\beta_V < 1$","regime_color":"#d62728","beta_group":"A=_V<","beta_group_label":"$\\beta_A = 1,\\ \\beta_V < 1$","beta_A_prob_gt1":0.092,"beta_A_prob_lt1":0.908,"beta_V_prob_gt1":0.0,"beta_V_prob_lt1":1.0,"n_boot_valid":250.0},"geometry":{"type":"Point","coordinates":[130.33974326277593,46.801291818027515]}},{"type":"Feature","properties":{"fid":11382,"city":"Nanning","country":"China","beta_A":0.6135,"beta_V":0.5382,"beta_h":-0.0753,"A_cls":0,"H_cls":1,"color":"#1f77b4","n_points":11.0,"svg_file":"11382.svg","rel_A":"<","rel_V":"<","regime_key":"A<_V<","regime_label":"$\\beta_A < 1,\\ \\beta_V < 1$","regime_color":"#1f77b4","beta_group":"A<_V<","beta_group_label":"$\\beta_A < 1,\\ \\beta_V < 1$","beta_A_prob_gt1":0.0,"beta_A_prob_lt1":1.0,"beta_V_prob_gt1":0.0,"beta_V_prob_lt1":1.0,"n_boot_valid":250.0},"geometry":{"type":"Point","coordinates":[108.29385787836267,22.833707584453187]}},{"type":"Feature","properties":{"fid":11388,"city":"临淄区","country":"China","beta_A":0.6356,"beta_V":0.568,"beta_h":-0.0676,"A_cls":1,"H_cls":1,"color":"#1f77b4","n_points":11.0,"svg_file":"11388.svg","rel_A":"<","rel_V":"<","regime_key":"A<_V<","regime_label":"$\\beta_A < 1,\\ \\beta_V < 1$","regime_color":"#1f77b4","beta_group":"A<_V<","beta_group_label":"$\\beta_A < 1,\\ \\beta_V < 1$","beta_A_prob_gt1":0.0,"beta_A_prob_lt1":1.0,"beta_V_prob_gt1":0.0,"beta_V_prob_lt1":1.0,"n_boot_valid":250.0},"geometry":{"type":"Point","coordinates":[118.2854672449163,36.78966202445641]}},{"type":"Feature","properties":{"fid":11389,"city":"Zoucheng","country":"China","beta_A":1.8053,"beta_V":1.486,"beta_h":-0.3193,"A_cls":2,"H_cls":0,"color":"#9467bd","n_points":11.0,"svg_file":"11389.svg","rel_A":">","rel_V":"=","regime_key":"A>_V=","regime_label":"$\\beta_A > 1,\\ \\beta_V = 1$","regime_color":"#9467bd","beta_group":"A>_V=","beta_group_label":"$\\beta_A > 1,\\ \\beta_V = 1$","beta_A_prob_gt1":1.0,"beta_A_prob_lt1":0.0,"beta_V_prob_gt1":0.98,"beta_V_prob_lt1":0.02,"n_boot_valid":250.0},"geometry":{"type":"Point","coordinates":[116.96449486367277,35.39974069690018]}},{"type":"Feature","properties":{"fid":11401,"city":"Anshan","country":"China","beta_A":1.6322,"beta_V":1.3302,"beta_h":-0.302,"A_cls":2,"H_cls":0,"color":"#9467bd","n_points":11.0,"svg_file":"11401.svg","rel_A":">","rel_V":"=","regime_key":"A>_V=","regime_label":"$\\beta_A > 1,\\ \\beta_V = 1$","regime_color":"#9467bd","beta_group":"A>_V=","beta_group_label":"$\\beta_A > 1,\\ \\beta_V = 1$","beta_A_prob_gt1":1.0,"beta_A_prob_lt1":0.0,"beta_V_prob_gt1":0.988,"beta_V_prob_lt1":0.012,"n_boot_valid":250.0},"geometry":{"type":"Point","coordinates":[122.9913660590426,41.14071252107835]}},{"type":"Feature","properties":{"fid":11478,"city":"Phnom Penh","country":"Cambodia","beta_A":0.8452,"beta_V":0.6997,"beta_h":-0.1455,"A_cls":1,"H_cls":0,"color":"#d62728","n_points":11.0,"svg_file":"11478.svg","rel_A":"=","rel_V":"<","regime_key":"A=_V<","regime_label":"$\\beta_A = 1,\\ \\beta_V < 1$","regime_color":"#d62728","beta_group":"A=_V<","beta_group_label":"$\\beta_A = 1,\\ \\beta_V < 1$","beta_A_prob_gt1":0.164,"beta_A_prob_lt1":0.836,"beta_V_prob_gt1":0.008,"beta_V_prob_lt1":0.992,"n_boot_valid":250.0},"geometry":{"type":"Point","coordinates":[104.90032729470941,11.571292382895724]}},{"type":"Feature","properties":{"fid":11489,"city":"Jambi","country":"Indonesia","beta_A":0.5145,"beta_V":0.4537,"beta_h":-0.0608,"A_cls":0,"H_cls":1,"color":"#1f77b4","n_points":11.0,"svg_file":"11489.svg","rel_A":"<","rel_V":"<","regime_key":"A<_V<","regime_label":"$\\beta_A < 1,\\ \\beta_V < 1$","regime_color":"#1f77b4","beta_group":"A<_V<","beta_group_label":"$\\beta_A < 1,\\ \\beta_V < 1$","beta_A_prob_gt1":0.0,"beta_A_prob_lt1":1.0,"beta_V_prob_gt1":0.0,"beta_V_prob_lt1":1.0,"n_boot_valid":250.0},"geometry":{"type":"Point","coordinates":[103.6046178387101,-1.613573704488592]}},{"type":"Feature","properties":{"fid":11498,"city":"Singapore","country":"Singapore","beta_A":0.4746,"beta_V":0.3539,"beta_h":-0.1207,"A_cls":0,"H_cls":0,"color":"#1f77b4","n_points":11.0,"svg_file":"11498.svg","rel_A":"<","rel_V":"<","regime_key":"A<_V<","regime_label":"$\\beta_A < 1,\\ \\beta_V < 1$","regime_color":"#1f77b4","beta_group":"A<_V<","beta_group_label":"$\\beta_A < 1,\\ \\beta_V < 1$","beta_A_prob_gt1":0.0,"beta_A_prob_lt1":1.0,"beta_V_prob_gt1":0.0,"beta_V_prob_lt1":1.0,"n_boot_valid":250.0},"geometry":{"type":"Point","coordinates":[103.8389629372426,1.439664939842613]}},{"type":"Feature","properties":{"fid":11537,"city":"Yueyang","country":"China","beta_A":0.5227,"beta_V":0.4875,"beta_h":-0.0352,"A_cls":0,"H_cls":2,"color":"#1f77b4","n_points":11.0,"svg_file":"11537.svg","rel_A":"<","rel_V":"<","regime_key":"A<_V<","regime_label":"$\\beta_A < 1,\\ \\beta_V < 1$","regime_color":"#1f77b4","beta_group":"A<_V<","beta_group_label":"$\\beta_A < 1,\\ \\beta_V < 1$","beta_A_prob_gt1":0.0,"beta_A_prob_lt1":1.0,"beta_V_prob_gt1":0.0,"beta_V_prob_lt1":1.0,"n_boot_valid":250.0},"geometry":{"type":"Point","coordinates":[113.13585176024176,29.39965818685105]}},{"type":"Feature","properties":{"fid":11544,"city":"市中区","country":"China","beta_A":0.5168,"beta_V":0.4251,"beta_h":-0.0916,"A_cls":0,"H_cls":1,"color":"#1f77b4","n_points":11.0,"svg_file":"11544.svg","rel_A":"<","rel_V":"<","regime_key":"A<_V<","regime_label":"$\\beta_A < 1,\\ \\beta_V < 1$","regime_color":"#1f77b4","beta_group":"A<_V<","beta_group_label":"$\\beta_A < 1,\\ \\beta_V < 1$","beta_A_prob_gt1":0.004,"beta_A_prob_lt1":0.996,"beta_V_prob_gt1":0.004,"beta_V_prob_lt1":0.996,"n_boot_valid":250.0},"geometry":{"type":"Point","coordinates":[117.54418511015436,34.83672204162154]}},{"type":"Feature","properties":{"fid":11547,"city":"Batam City","country":"Indonesia","beta_A":0.5014,"beta_V":0.4368,"beta_h":-0.0646,"A_cls":0,"H_cls":1,"color":"#1f77b4","n_points":11.0,"svg_file":"11547.svg","rel_A":"<","rel_V":"<","regime_key":"A<_V<","regime_label":"$\\beta_A < 1,\\ \\beta_V < 1$","regime_color":"#1f77b4","beta_group":"A<_V<","beta_group_label":"$\\beta_A < 1,\\ \\beta_V < 1$","beta_A_prob_gt1":0.0,"beta_A_prob_lt1":1.0,"beta_V_prob_gt1":0.0,"beta_V_prob_lt1":1.0,"n_boot_valid":250.0},"geometry":{"type":"Point","coordinates":[104.00044626895026,1.112082630382927]}},{"type":"Feature","properties":{"fid":11549,"city":"Wuhan","country":"China","beta_A":0.6868,"beta_V":0.5674,"beta_h":-0.1194,"A_cls":1,"H_cls":1,"color":"#1f77b4","n_points":11.0,"svg_file":"11549.svg","rel_A":"<","rel_V":"<","regime_key":"A<_V<","regime_label":"$\\beta_A < 1,\\ \\beta_V < 1$","regime_color":"#1f77b4","beta_group":"A<_V<","beta_group_label":"$\\beta_A < 1,\\ \\beta_V < 1$","beta_A_prob_gt1":0.004,"beta_A_prob_lt1":0.996,"beta_V_prob_gt1":0.004,"beta_V_prob_lt1":0.996,"n_boot_valid":250.0},"geometry":{"type":"Point","coordinates":[114.34239812934572,30.535733293497724]}},{"type":"Feature","properties":{"fid":11620,"city":"Beihai","country":"China","beta_A":1.3993,"beta_V":1.1525,"beta_h":-0.2468,"A_cls":2,"H_cls":0,"color":"#2ca02c","n_points":11.0,"svg_file":"11620.svg","rel_A":">","rel_V":">","regime_key":"A>_V>","regime_label":"$\\beta_A > 1,\\ \\beta_V > 1$","regime_color":"#2ca02c","beta_group":"A>_V>","beta_group_label":"$\\beta_A > 1,\\ \\beta_V > 1$","beta_A_prob_gt1":1.0,"beta_A_prob_lt1":0.0,"beta_V_prob_gt1":1.0,"beta_V_prob_lt1":0.0,"n_boot_valid":250.0},"geometry":{"type":"Point","coordinates":[109.138930948285,21.484536642019883]}},{"type":"Feature","properties":{"fid":11640,"city":"Perth","country":"Australia","beta_A":0.3544,"beta_V":0.321,"beta_h":-0.0334,"A_cls":0,"H_cls":2,"color":"#1f77b4","n_points":11.0,"svg_file":"11640.svg","rel_A":"<","rel_V":"<","regime_key":"A<_V<","regime_label":"$\\beta_A < 1,\\ \\beta_V < 1$","regime_color":"#1f77b4","beta_group":"A<_V<","beta_group_label":"$\\beta_A < 1,\\ \\beta_V < 1$","beta_A_prob_gt1":0.0,"beta_A_prob_lt1":1.0,"beta_V_prob_gt1":0.0,"beta_V_prob_lt1":1.0,"n_boot_valid":250.0},"geometry":{"type":"Point","coordinates":[115.85258622224501,-31.926368649088893]}},{"type":"Feature","properties":{"fid":11671,"city":"Gaomi","country":"China","beta_A":0.9902,"beta_V":0.829,"beta_h":-0.1612,"A_cls":1,"H_cls":0,"color":"#ff7f0e","n_points":11.0,"svg_file":"11671.svg","rel_A":"=","rel_V":"=","regime_key":"A=_V=","regime_label":"$\\beta_A = 1,\\ \\beta_V = 1$","regime_color":"#ff7f0e","beta_group":"A=_V=","beta_group_label":"$\\beta_A = 1,\\ \\beta_V = 1$","beta_A_prob_gt1":0.44,"beta_A_prob_lt1":0.56,"beta_V_prob_gt1":0.012,"beta_V_prob_lt1":0.988,"n_boot_valid":250.0},"geometry":{"type":"Point","coordinates":[119.7544855950985,36.36775950407044]}},{"type":"Feature","properties":{"fid":11673,"city":"Can Tho","country":"Vietnam","beta_A":1.6296,"beta_V":1.4726,"beta_h":-0.1569,"A_cls":2,"H_cls":0,"color":"#2ca02c","n_points":11.0,"svg_file":"11673.svg","rel_A":">","rel_V":">","regime_key":"A>_V>","regime_label":"$\\beta_A > 1,\\ \\beta_V > 1$","regime_color":"#2ca02c","beta_group":"A>_V>","beta_group_label":"$\\beta_A > 1,\\ \\beta_V > 1$","beta_A_prob_gt1":1.0,"beta_A_prob_lt1":0.0,"beta_V_prob_gt1":1.0,"beta_V_prob_lt1":0.0,"n_boot_valid":250.0},"geometry":{"type":"Point","coordinates":[105.76510725893496,10.020002263026115]}},{"type":"Feature","properties":{"fid":11689,"city":"Yulin","country":"China","beta_A":0.7596,"beta_V":0.6712,"beta_h":-0.0884,"A_cls":1,"H_cls":1,"color":"#1f77b4","n_points":11.0,"svg_file":"11689.svg","rel_A":"<","rel_V":"<","regime_key":"A<_V<","regime_label":"$\\beta_A < 1,\\ \\beta_V < 1$","regime_color":"#1f77b4","beta_group":"A<_V<","beta_group_label":"$\\beta_A < 1,\\ \\beta_V < 1$","beta_A_prob_gt1":0.0,"beta_A_prob_lt1":1.0,"beta_V_prob_gt1":0.0,"beta_V_prob_lt1":1.0,"n_boot_valid":250.0},"geometry":{"type":"Point","coordinates":[110.14897447471614,22.629347847521924]}},{"type":"Feature","properties":{"fid":11692,"city":"Zhuzhou","country":"China","beta_A":0.9366,"beta_V":0.813,"beta_h":-0.1236,"A_cls":1,"H_cls":0,"color":"#d62728","n_points":11.0,"svg_file":"11692.svg","rel_A":"=","rel_V":"<","regime_key":"A=_V<","regime_label":"$\\beta_A = 1,\\ \\beta_V < 1$","regime_color":"#d62728","beta_group":"A=_V<","beta_group_label":"$\\beta_A = 1,\\ \\beta_V < 1$","beta_A_prob_gt1":0.072,"beta_A_prob_lt1":0.928,"beta_V_prob_gt1":0.0,"beta_V_prob_lt1":1.0,"n_boot_valid":250.0},"geometry":{"type":"Point","coordinates":[113.15445842397878,27.844255561860965]}},{"type":"Feature","properties":{"fid":11719,"city":"Bandar Lampung","country":"Indonesia","beta_A":0.5996,"beta_V":0.5623,"beta_h":-0.0373,"A_cls":0,"H_cls":2,"color":"#1f77b4","n_points":11.0,"svg_file":"11719.svg","rel_A":"<","rel_V":"<","regime_key":"A<_V<","regime_label":"$\\beta_A < 1,\\ \\beta_V < 1$","regime_color":"#1f77b4","beta_group":"A<_V<","beta_group_label":"$\\beta_A < 1,\\ \\beta_V < 1$","beta_A_prob_gt1":0.0,"beta_A_prob_lt1":1.0,"beta_V_prob_gt1":0.0,"beta_V_prob_lt1":1.0,"n_boot_valid":250.0},"geometry":{"type":"Point","coordinates":[105.27240364597473,-5.425897121569888]}},{"type":"Feature","properties":{"fid":11738,"city":"Tianjia‘an","country":"China","beta_A":0.6366,"beta_V":0.5422,"beta_h":-0.0944,"A_cls":1,"H_cls":1,"color":"#1f77b4","n_points":11.0,"svg_file":"11738.svg","rel_A":"<","rel_V":"<","regime_key":"A<_V<","regime_label":"$\\beta_A < 1,\\ \\beta_V < 1$","regime_color":"#1f77b4","beta_group":"A<_V<","beta_group_label":"$\\beta_A < 1,\\ \\beta_V < 1$","beta_A_prob_gt1":0.0,"beta_A_prob_lt1":1.0,"beta_V_prob_gt1":0.0,"beta_V_prob_lt1":1.0,"n_boot_valid":250.0},"geometry":{"type":"Point","coordinates":[116.93621240753622,32.6246496904451]}},{"type":"Feature","properties":{"fid":11771,"city":"Qingdao","country":"China","beta_A":0.8812,"beta_V":0.7478,"beta_h":-0.1334,"A_cls":1,"H_cls":0,"color":"#ff7f0e","n_points":11.0,"svg_file":"11771.svg","rel_A":"=","rel_V":"=","regime_key":"A=_V=","regime_label":"$\\beta_A = 1,\\ \\beta_V = 1$","regime_color":"#ff7f0e","beta_group":"A=_V=","beta_group_label":"$\\beta_A = 1,\\ \\beta_V = 1$","beta_A_prob_gt1":0.148,"beta_A_prob_lt1":0.852,"beta_V_prob_gt1":0.064,"beta_V_prob_lt1":0.936,"n_boot_valid":250.0},"geometry":{"type":"Point","coordinates":[120.38361240141788,36.24486835028447]}},{"type":"Feature","properties":{"fid":11800,"city":"Ho Chi Minh City","country":"Vietnam","beta_A":1.2722,"beta_V":1.1546,"beta_h":-0.1176,"A_cls":2,"H_cls":1,"color":"#ff7f0e","n_points":11.0,"svg_file":"11800.svg","rel_A":"=","rel_V":"=","regime_key":"A=_V=","regime_label":"$\\beta_A = 1,\\ \\beta_V = 1$","regime_color":"#ff7f0e","beta_group":"A=_V=","beta_group_label":"$\\beta_A = 1,\\ \\beta_V = 1$","beta_A_prob_gt1":0.972,"beta_A_prob_lt1":0.028,"beta_V_prob_gt1":0.952,"beta_V_prob_lt1":0.048,"n_boot_valid":250.0},"geometry":{"type":"Point","coordinates":[106.69948194390477,10.842088698860934]}},{"type":"Feature","properties":{"fid":11821,"city":"Đà Nẵng","country":"Vietnam","beta_A":1.3695,"beta_V":1.2713,"beta_h":-0.0982,"A_cls":2,"H_cls":1,"color":"#2ca02c","n_points":11.0,"svg_file":"11821.svg","rel_A":">","rel_V":">","regime_key":"A>_V>","regime_label":"$\\beta_A > 1,\\ \\beta_V > 1$","regime_color":"#2ca02c","beta_group":"A>_V>","beta_group_label":"$\\beta_A > 1,\\ \\beta_V > 1$","beta_A_prob_gt1":0.996,"beta_A_prob_lt1":0.004,"beta_V_prob_gt1":0.992,"beta_V_prob_lt1":0.008,"n_boot_valid":250.0},"geometry":{"type":"Point","coordinates":[108.20880207743383,16.033307867232114]}},{"type":"Feature","properties":{"fid":11834,"city":"Cilegon","country":"Indonesia","beta_A":0.6743,"beta_V":0.5625,"beta_h":-0.1118,"A_cls":1,"H_cls":1,"color":"#1f77b4","n_points":11.0,"svg_file":"11834.svg","rel_A":"<","rel_V":"<","regime_key":"A<_V<","regime_label":"$\\beta_A < 1,\\ \\beta_V < 1$","regime_color":"#1f77b4","beta_group":"A<_V<","beta_group_label":"$\\beta_A < 1,\\ \\beta_V < 1$","beta_A_prob_gt1":0.0,"beta_A_prob_lt1":1.0,"beta_V_prob_gt1":0.0,"beta_V_prob_lt1":1.0,"n_boot_valid":250.0},"geometry":{"type":"Point","coordinates":[106.0055483153802,-5.976905704693205]}},{"type":"Feature","properties":{"fid":11842,"city":"Zhanjiang","country":"China","beta_A":0.9343,"beta_V":0.759,"beta_h":-0.1753,"A_cls":1,"H_cls":0,"color":"#1f77b4","n_points":11.0,"svg_file":"11842.svg","rel_A":"<","rel_V":"<","regime_key":"A<_V<","regime_label":"$\\beta_A < 1,\\ \\beta_V < 1$","regime_color":"#1f77b4","beta_group":"A<_V<","beta_group_label":"$\\beta_A < 1,\\ \\beta_V < 1$","beta_A_prob_gt1":0.004,"beta_A_prob_lt1":0.996,"beta_V_prob_gt1":0.0,"beta_V_prob_lt1":1.0,"n_boot_valid":250.0},"geometry":{"type":"Point","coordinates":[110.40474693092567,21.235221411295907]}},{"type":"Feature","properties":{"fid":11862,"city":"Jakarta","country":"Indonesia","beta_A":0.6586,"beta_V":0.551,"beta_h":-0.1077,"A_cls":1,"H_cls":1,"color":"#1f77b4","n_points":11.0,"svg_file":"11862.svg","rel_A":"<","rel_V":"<","regime_key":"A<_V<","regime_label":"$\\beta_A < 1,\\ \\beta_V < 1$","regime_color":"#1f77b4","beta_group":"A<_V<","beta_group_label":"$\\beta_A < 1,\\ \\beta_V < 1$","beta_A_prob_gt1":0.0,"beta_A_prob_lt1":1.0,"beta_V_prob_gt1":0.0,"beta_V_prob_lt1":1.0,"n_boot_valid":250.0},"geometry":{"type":"Point","coordinates":[106.82661092285669,-6.495695965788474]}},{"type":"Feature","properties":{"fid":11881,"city":"Hefei","country":"China","beta_A":1.1752,"beta_V":1.021,"beta_h":-0.1542,"A_cls":2,"H_cls":0,"color":"#9467bd","n_points":11.0,"svg_file":"11881.svg","rel_A":">","rel_V":"=","regime_key":"A>_V=","regime_label":"$\\beta_A > 1,\\ \\beta_V = 1$","regime_color":"#9467bd","beta_group":"A>_V=","beta_group_label":"$\\beta_A > 1,\\ \\beta_V = 1$","beta_A_prob_gt1":1.0,"beta_A_prob_lt1":0.0,"beta_V_prob_gt1":0.648,"beta_V_prob_lt1":0.352,"n_boot_valid":250.0},"geometry":{"type":"Point","coordinates":[117.29201887778301,31.840300882735434]}},{"type":"Feature","properties":{"fid":11893,"city":"Sanya","country":"China","beta_A":0.8601,"beta_V":0.7242,"beta_h":-0.1359,"A_cls":1,"H_cls":0,"color":"#1f77b4","n_points":11.0,"svg_file":"11893.svg","rel_A":"<","rel_V":"<","regime_key":"A<_V<","regime_label":"$\\beta_A < 1,\\ \\beta_V < 1$","regime_color":"#1f77b4","beta_group":"A<_V<","beta_group_label":"$\\beta_A < 1,\\ \\beta_V < 1$","beta_A_prob_gt1":0.008,"beta_A_prob_lt1":0.992,"beta_V_prob_gt1":0.0,"beta_V_prob_lt1":1.0,"n_boot_valid":250.0},"geometry":{"type":"Point","coordinates":[109.49984383407815,18.263568568509097]}},{"type":"Feature","properties":{"fid":12010,"city":"Nanchang","country":"China","beta_A":1.2465,"beta_V":1.0113,"beta_h":-0.2351,"A_cls":2,"H_cls":0,"color":"#9467bd","n_points":11.0,"svg_file":"12010.svg","rel_A":">","rel_V":"=","regime_key":"A>_V=","regime_label":"$\\beta_A > 1,\\ \\beta_V = 1$","regime_color":"#9467bd","beta_group":"A>_V=","beta_group_label":"$\\beta_A > 1,\\ \\beta_V = 1$","beta_A_prob_gt1":1.0,"beta_A_prob_lt1":0.0,"beta_V_prob_gt1":0.628,"beta_V_prob_lt1":0.372,"n_boot_valid":250.0},"geometry":{"type":"Point","coordinates":[115.90837044757222,28.7186254513297]}},{"type":"Feature","properties":{"fid":12011,"city":"Zhaoqing","country":"China","beta_A":0.8323,"beta_V":0.7208,"beta_h":-0.1115,"A_cls":1,"H_cls":1,"color":"#ff7f0e","n_points":11.0,"svg_file":"12011.svg","rel_A":"=","rel_V":"=","regime_key":"A=_V=","regime_label":"$\\beta_A = 1,\\ \\beta_V = 1$","regime_color":"#ff7f0e","beta_group":"A=_V=","beta_group_label":"$\\beta_A = 1,\\ \\beta_V = 1$","beta_A_prob_gt1":0.072,"beta_A_prob_lt1":0.928,"beta_V_prob_gt1":0.012,"beta_V_prob_lt1":0.988,"n_boot_valid":250.0},"geometry":{"type":"Point","coordinates":[112.45624043133729,23.05070719573666]}},{"type":"Feature","properties":{"fid":12041,"city":"Qingyuan","country":"China","beta_A":1.3805,"beta_V":1.2126,"beta_h":-0.1679,"A_cls":2,"H_cls":0,"color":"#2ca02c","n_points":11.0,"svg_file":"12041.svg","rel_A":">","rel_V":">","regime_key":"A>_V>","regime_label":"$\\beta_A > 1,\\ \\beta_V > 1$","regime_color":"#2ca02c","beta_group":"A>_V>","beta_group_label":"$\\beta_A > 1,\\ \\beta_V > 1$","beta_A_prob_gt1":1.0,"beta_A_prob_lt1":0.0,"beta_V_prob_gt1":1.0,"beta_V_prob_lt1":0.0,"n_boot_valid":250.0},"geometry":{"type":"Point","coordinates":[113.02526102755766,23.71087512973081]}},{"type":"Feature","properties":{"fid":12044,"city":"Bandung","country":"Indonesia","beta_A":0.6328,"beta_V":0.5224,"beta_h":-0.1104,"A_cls":0,"H_cls":1,"color":"#1f77b4","n_points":11.0,"svg_file":"12044.svg","rel_A":"<","rel_V":"<","regime_key":"A<_V<","regime_label":"$\\beta_A < 1,\\ \\beta_V < 1$","regime_color":"#1f77b4","beta_group":"A<_V<","beta_group_label":"$\\beta_A < 1,\\ \\beta_V < 1$","beta_A_prob_gt1":0.0,"beta_A_prob_lt1":1.0,"beta_V_prob_gt1":0.0,"beta_V_prob_lt1":1.0,"n_boot_valid":250.0},"geometry":{"type":"Point","coordinates":[107.67619070281768,-6.957915533406529]}},{"type":"Feature","properties":{"fid":12050,"city":"Purwakarta","country":"Indonesia","beta_A":1.4515,"beta_V":1.2693,"beta_h":-0.1821,"A_cls":2,"H_cls":0,"color":"#ff7f0e","n_points":11.0,"svg_file":"12050.svg","rel_A":"=","rel_V":"=","regime_key":"A=_V=","regime_label":"$\\beta_A = 1,\\ \\beta_V = 1$","regime_color":"#ff7f0e","beta_group":"A=_V=","beta_group_label":"$\\beta_A = 1,\\ \\beta_V = 1$","beta_A_prob_gt1":0.984,"beta_A_prob_lt1":0.016,"beta_V_prob_gt1":0.972,"beta_V_prob_lt1":0.028,"n_boot_valid":250.0},"geometry":{"type":"Point","coordinates":[107.43856701567731,-6.540288895887793]}},{"type":"Feature","properties":{"fid":12055,"city":"Luhe","country":"China","beta_A":0.9391,"beta_V":0.802,"beta_h":-0.137,"A_cls":1,"H_cls":0,"color":"#d62728","n_points":11.0,"svg_file":"12055.svg","rel_A":"=","rel_V":"<","regime_key":"A=_V<","regime_label":"$\\beta_A = 1,\\ \\beta_V < 1$","regime_color":"#d62728","beta_group":"A=_V<","beta_group_label":"$\\beta_A = 1,\\ \\beta_V < 1$","beta_A_prob_gt1":0.068,"beta_A_prob_lt1":0.932,"beta_V_prob_gt1":0.0,"beta_V_prob_lt1":1.0,"n_boot_valid":250.0},"geometry":{"type":"Point","coordinates":[118.78350063123229,32.279565951473856]}},{"type":"Feature","properties":{"fid":12072,"city":"Nanjing","country":"China","beta_A":0.7964,"beta_V":0.636,"beta_h":-0.1604,"A_cls":1,"H_cls":0,"color":"#1f77b4","n_points":11.0,"svg_file":"12072.svg","rel_A":"<","rel_V":"<","regime_key":"A<_V<","regime_label":"$\\beta_A < 1,\\ \\beta_V < 1$","regime_color":"#1f77b4","beta_group":"A<_V<","beta_group_label":"$\\beta_A < 1,\\ \\beta_V < 1$","beta_A_prob_gt1":0.004,"beta_A_prob_lt1":0.996,"beta_V_prob_gt1":0.0,"beta_V_prob_lt1":1.0,"n_boot_valid":250.0},"geometry":{"type":"Point","coordinates":[118.77077196116689,31.990939854726044]}},{"type":"Feature","properties":{"fid":12080,"city":"Guangzhou","country":"China","beta_A":0.7672,"beta_V":0.6882,"beta_h":-0.079,"A_cls":1,"H_cls":1,"color":"#1f77b4","n_points":11.0,"svg_file":"12080.svg","rel_A":"<","rel_V":"<","regime_key":"A<_V<","regime_label":"$\\beta_A < 1,\\ \\beta_V < 1$","regime_color":"#1f77b4","beta_group":"A<_V<","beta_group_label":"$\\beta_A < 1,\\ \\beta_V < 1$","beta_A_prob_gt1":0.0,"beta_A_prob_lt1":1.0,"beta_V_prob_gt1":0.0,"beta_V_prob_lt1":1.0,"n_boot_valid":250.0},"geometry":{"type":"Point","coordinates":[113.19572033071572,22.917153322536297]}},{"type":"Feature","properties":{"fid":12090,"city":"Garut","country":"Indonesia","beta_A":1.2381,"beta_V":0.9306,"beta_h":-0.3075,"A_cls":2,"H_cls":0,"color":"#ff7f0e","n_points":11.0,"svg_file":"12090.svg","rel_A":"=","rel_V":"=","regime_key":"A=_V=","regime_label":"$\\beta_A = 1,\\ \\beta_V = 1$","regime_color":"#ff7f0e","beta_group":"A=_V=","beta_group_label":"$\\beta_A = 1,\\ \\beta_V = 1$","beta_A_prob_gt1":0.9,"beta_A_prob_lt1":0.1,"beta_V_prob_gt1":0.132,"beta_V_prob_lt1":0.868,"n_boot_valid":250.0},"geometry":{"type":"Point","coordinates":[107.93710303176132,-7.168809706330549]}},{"type":"Feature","properties":{"fid":12095,"city":"花都区","country":"China","beta_A":0.9022,"beta_V":0.8377,"beta_h":-0.0645,"A_cls":1,"H_cls":1,"color":"#1f77b4","n_points":11.0,"svg_file":"12095.svg","rel_A":"<","rel_V":"<","regime_key":"A<_V<","regime_label":"$\\beta_A < 1,\\ \\beta_V < 1$","regime_color":"#1f77b4","beta_group":"A<_V<","beta_group_label":"$\\beta_A < 1,\\ \\beta_V < 1$","beta_A_prob_gt1":0.0,"beta_A_prob_lt1":1.0,"beta_V_prob_gt1":0.0,"beta_V_prob_lt1":1.0,"n_boot_valid":250.0},"geometry":{"type":"Point","coordinates":[113.20768773463767,23.40152682195933]}},{"type":"Feature","properties":{"fid":12136,"city":"Tasikmalaya","country":"Indonesia","beta_A":1.6646,"beta_V":1.3679,"beta_h":-0.2967,"A_cls":2,"H_cls":0,"color":"#ff7f0e","n_points":11.0,"svg_file":"12136.svg","rel_A":"=","rel_V":"=","regime_key":"A=_V=","regime_label":"$\\beta_A = 1,\\ \\beta_V = 1$","regime_color":"#ff7f0e","beta_group":"A=_V=","beta_group_label":"$\\beta_A = 1,\\ \\beta_V = 1$","beta_A_prob_gt1":0.976,"beta_A_prob_lt1":0.024,"beta_V_prob_gt1":0.952,"beta_V_prob_lt1":0.048,"n_boot_valid":250.0},"geometry":{"type":"Point","coordinates":[108.1682340579369,-7.274270743467216]}},{"type":"Feature","properties":{"fid":12145,"city":"Ganzhou","country":"China","beta_A":0.5821,"beta_V":0.5209,"beta_h":-0.0612,"A_cls":0,"H_cls":1,"color":"#1f77b4","n_points":11.0,"svg_file":"12145.svg","rel_A":"<","rel_V":"<","regime_key":"A<_V<","regime_label":"$\\beta_A < 1,\\ \\beta_V < 1$","regime_color":"#1f77b4","beta_group":"A<_V<","beta_group_label":"$\\beta_A < 1,\\ \\beta_V < 1$","beta_A_prob_gt1":0.0,"beta_A_prob_lt1":1.0,"beta_V_prob_gt1":0.0,"beta_V_prob_lt1":1.0,"n_boot_valid":250.0},"geometry":{"type":"Point","coordinates":[114.95375655841848,25.859126650657128]}},{"type":"Feature","properties":{"fid":12179,"city":"Cirebon","country":"Indonesia","beta_A":1.1649,"beta_V":0.9605,"beta_h":-0.2044,"A_cls":2,"H_cls":0,"color":"#9467bd","n_points":11.0,"svg_file":"12179.svg","rel_A":">","rel_V":"=","regime_key":"A>_V=","regime_label":"$\\beta_A > 1,\\ \\beta_V = 1$","regime_color":"#9467bd","beta_group":"A>_V=","beta_group_label":"$\\beta_A > 1,\\ \\beta_V = 1$","beta_A_prob_gt1":1.0,"beta_A_prob_lt1":0.0,"beta_V_prob_gt1":0.18,"beta_V_prob_lt1":0.82,"n_boot_valid":250.0},"geometry":{"type":"Point","coordinates":[108.48462871888138,-6.682185394616067]}},{"type":"Feature","properties":{"fid":12181,"city":"Zhongshan","country":"China","beta_A":0.8997,"beta_V":0.8721,"beta_h":-0.0277,"A_cls":1,"H_cls":2,"color":"#1f77b4","n_points":11.0,"svg_file":"12181.svg","rel_A":"<","rel_V":"<","regime_key":"A<_V<","regime_label":"$\\beta_A < 1,\\ \\beta_V < 1$","regime_color":"#1f77b4","beta_group":"A<_V<","beta_group_label":"$\\beta_A < 1,\\ \\beta_V < 1$","beta_A_prob_gt1":0.008,"beta_A_prob_lt1":0.992,"beta_V_prob_gt1":0.008,"beta_V_prob_lt1":0.992,"n_boot_valid":250.0},"geometry":{"type":"Point","coordinates":[113.3931639587869,22.525126865963028]}},{"type":"Feature","properties":{"fid":12199,"city":"Kuningan","country":"Indonesia","beta_A":1.628,"beta_V":1.3221,"beta_h":-0.3059,"A_cls":2,"H_cls":0,"color":"#2ca02c","n_points":11.0,"svg_file":"12199.svg","rel_A":">","rel_V":">","regime_key":"A>_V>","regime_label":"$\\beta_A > 1,\\ \\beta_V > 1$","regime_color":"#2ca02c","beta_group":"A>_V>","beta_group_label":"$\\beta_A > 1,\\ \\beta_V > 1$","beta_A_prob_gt1":1.0,"beta_A_prob_lt1":0.0,"beta_V_prob_gt1":1.0,"beta_V_prob_lt1":0.0,"n_boot_valid":250.0},"geometry":{"type":"Point","coordinates":[108.48462072254503,-6.933583945390285]}},{"type":"Feature","properties":{"fid":12211,"city":"Zhuhai","country":"China","beta_A":0.8655,"beta_V":0.7002,"beta_h":-0.1654,"A_cls":1,"H_cls":0,"color":"#1f77b4","n_points":11.0,"svg_file":"12211.svg","rel_A":"<","rel_V":"<","regime_key":"A<_V<","regime_label":"$\\beta_A < 1,\\ \\beta_V < 1$","regime_color":"#1f77b4","beta_group":"A<_V<","beta_group_label":"$\\beta_A < 1,\\ \\beta_V < 1$","beta_A_prob_gt1":0.0,"beta_A_prob_lt1":1.0,"beta_V_prob_gt1":0.0,"beta_V_prob_lt1":1.0,"n_boot_valid":250.0},"geometry":{"type":"Point","coordinates":[113.46891845190623,22.291780710163756]}},{"type":"Feature","properties":{"fid":12298,"city":"Suzhou","country":"China","beta_A":1.5143,"beta_V":1.3917,"beta_h":-0.1226,"A_cls":2,"H_cls":0,"color":"#2ca02c","n_points":11.0,"svg_file":"12298.svg","rel_A":">","rel_V":">","regime_key":"A>_V>","regime_label":"$\\beta_A > 1,\\ \\beta_V > 1$","regime_color":"#2ca02c","beta_group":"A>_V>","beta_group_label":"$\\beta_A > 1,\\ \\beta_V > 1$","beta_A_prob_gt1":1.0,"beta_A_prob_lt1":0.0,"beta_V_prob_gt1":1.0,"beta_V_prob_lt1":0.0,"n_boot_valid":250.0},"geometry":{"type":"Point","coordinates":[120.90402650869913,31.393234383355455]}},{"type":"Feature","properties":{"fid":12306,"city":"惠阳区","country":"China","beta_A":1.7469,"beta_V":1.5243,"beta_h":-0.2225,"A_cls":2,"H_cls":0,"color":"#2ca02c","n_points":11.0,"svg_file":"12306.svg","rel_A":">","rel_V":">","regime_key":"A>_V>","regime_label":"$\\beta_A > 1,\\ \\beta_V > 1$","regime_color":"#2ca02c","beta_group":"A>_V>","beta_group_label":"$\\beta_A > 1,\\ \\beta_V > 1$","beta_A_prob_gt1":1.0,"beta_A_prob_lt1":0.0,"beta_V_prob_gt1":1.0,"beta_V_prob_lt1":0.0,"n_boot_valid":250.0},"geometry":{"type":"Point","coordinates":[114.42875073696327,22.77530715092399]}},{"type":"Feature","properties":{"fid":12351,"city":"Pontianak","country":"Indonesia","beta_A":1.121,"beta_V":0.999,"beta_h":-0.122,"A_cls":2,"H_cls":0,"color":"#9467bd","n_points":11.0,"svg_file":"12351.svg","rel_A":">","rel_V":"=","regime_key":"A>_V=","regime_label":"$\\beta_A > 1,\\ \\beta_V = 1$","regime_color":"#9467bd","beta_group":"A>_V=","beta_group_label":"$\\beta_A > 1,\\ \\beta_V = 1$","beta_A_prob_gt1":1.0,"beta_A_prob_lt1":0.0,"beta_V_prob_gt1":0.444,"beta_V_prob_lt1":0.556,"n_boot_valid":250.0},"geometry":{"type":"Point","coordinates":[109.36643138577836,-0.068745278681004]}},{"type":"Feature","properties":{"fid":12384,"city":"Semarang","country":"Indonesia","beta_A":1.75,"beta_V":1.3857,"beta_h":-0.3644,"A_cls":2,"H_cls":0,"color":"#2ca02c","n_points":11.0,"svg_file":"12384.svg","rel_A":">","rel_V":">","regime_key":"A>_V>","regime_label":"$\\beta_A > 1,\\ \\beta_V > 1$","regime_color":"#2ca02c","beta_group":"A>_V>","beta_group_label":"$\\beta_A > 1,\\ \\beta_V > 1$","beta_A_prob_gt1":1.0,"beta_A_prob_lt1":0.0,"beta_V_prob_gt1":1.0,"beta_V_prob_lt1":0.0,"n_boot_valid":250.0},"geometry":{"type":"Point","coordinates":[110.41033941173755,-7.079580750555249]}},{"type":"Feature","properties":{"fid":12387,"city":"Meizhou","country":"China","beta_A":0.7641,"beta_V":0.7006,"beta_h":-0.0635,"A_cls":1,"H_cls":1,"color":"#ff7f0e","n_points":11.0,"svg_file":"12387.svg","rel_A":"=","rel_V":"=","regime_key":"A=_V=","regime_label":"$\\beta_A = 1,\\ \\beta_V = 1$","regime_color":"#ff7f0e","beta_group":"A=_V=","beta_group_label":"$\\beta_A = 1,\\ \\beta_V = 1$","beta_A_prob_gt1":0.048,"beta_A_prob_lt1":0.952,"beta_V_prob_gt1":0.04,"beta_V_prob_lt1":0.96,"n_boot_valid":250.0},"geometry":{"type":"Point","coordinates":[116.10225800649994,24.305275014188332]}},{"type":"Feature","properties":{"fid":12389,"city":"Seoul","country":"South Korea","beta_A":1.1972,"beta_V":0.945,"beta_h":-0.2523,"A_cls":2,"H_cls":0,"color":"#ff7f0e","n_points":11.0,"svg_file":"12389.svg","rel_A":"=","rel_V":"=","regime_key":"A=_V=","regime_label":"$\\beta_A = 1,\\ \\beta_V = 1$","regime_color":"#ff7f0e","beta_group":"A=_V=","beta_group_label":"$\\beta_A = 1,\\ \\beta_V = 1$","beta_A_prob_gt1":0.94,"beta_A_prob_lt1":0.06,"beta_V_prob_gt1":0.328,"beta_V_prob_lt1":0.672,"n_boot_valid":250.0},"geometry":{"type":"Point","coordinates":[126.80769461148893,37.40650913183772]}},{"type":"Feature","properties":{"fid":12400,"city":"Shanghai","country":"China","beta_A":0.9467,"beta_V":0.7171,"beta_h":-0.2297,"A_cls":1,"H_cls":0,"color":"#d62728","n_points":11.0,"svg_file":"12400.svg","rel_A":"=","rel_V":"<","regime_key":"A=_V<","regime_label":"$\\beta_A = 1,\\ \\beta_V < 1$","regime_color":"#d62728","beta_group":"A=_V<","beta_group_label":"$\\beta_A = 1,\\ \\beta_V < 1$","beta_A_prob_gt1":0.104,"beta_A_prob_lt1":0.896,"beta_V_prob_gt1":0.0,"beta_V_prob_lt1":1.0,"n_boot_valid":250.0},"geometry":{"type":"Point","coordinates":[121.42799423664822,31.195750491226157]}},{"type":"Feature","properties":{"fid":12401,"city":"Shengze","country":"China","beta_A":1.8774,"beta_V":1.6882,"beta_h":-0.1892,"A_cls":2,"H_cls":0,"color":"#2ca02c","n_points":11.0,"svg_file":"12401.svg","rel_A":">","rel_V":">","regime_key":"A>_V>","regime_label":"$\\beta_A > 1,\\ \\beta_V > 1$","regime_color":"#2ca02c","beta_group":"A>_V>","beta_group_label":"$\\beta_A > 1,\\ \\beta_V > 1$","beta_A_prob_gt1":1.0,"beta_A_prob_lt1":0.0,"beta_V_prob_gt1":1.0,"beta_V_prob_lt1":0.0,"n_boot_valid":250.0},"geometry":{"type":"Point","coordinates":[120.66890926246575,30.895530703088692]}},{"type":"Feature","properties":{"fid":12421,"city":"Jinhua","country":"China","beta_A":0.8895,"beta_V":0.8642,"beta_h":-0.0253,"A_cls":1,"H_cls":2,"color":"#ff7f0e","n_points":11.0,"svg_file":"12421.svg","rel_A":"=","rel_V":"=","regime_key":"A=_V=","regime_label":"$\\beta_A = 1,\\ \\beta_V = 1$","regime_color":"#ff7f0e","beta_group":"A=_V=","beta_group_label":"$\\beta_A = 1,\\ \\beta_V = 1$","beta_A_prob_gt1":0.044,"beta_A_prob_lt1":0.956,"beta_V_prob_gt1":0.032,"beta_V_prob_lt1":0.968,"n_boot_valid":250.0},"geometry":{"type":"Point","coordinates":[119.64559288266666,29.101496687700415]}},{"type":"Feature","properties":{"fid":12430,"city":"Jieyang","country":"China","beta_A":0.9807,"beta_V":0.9313,"beta_h":-0.0494,"A_cls":1,"H_cls":1,"color":"#d62728","n_points":11.0,"svg_file":"12430.svg","rel_A":"=","rel_V":"<","regime_key":"A=_V<","regime_label":"$\\beta_A = 1,\\ \\beta_V < 1$","regime_color":"#d62728","beta_group":"A=_V<","beta_group_label":"$\\beta_A = 1,\\ \\beta_V < 1$","beta_A_prob_gt1":0.108,"beta_A_prob_lt1":0.892,"beta_V_prob_gt1":0.008,"beta_V_prob_lt1":0.992,"n_boot_valid":250.0},"geometry":{"type":"Point","coordinates":[116.72053491450333,23.418241291637653]}},{"type":"Feature","properties":{"fid":12454,"city":"Kuching","country":"Malaysia","beta_A":0.7163,"beta_V":0.6481,"beta_h":-0.0683,"A_cls":1,"H_cls":1,"color":"#1f77b4","n_points":11.0,"svg_file":"12454.svg","rel_A":"<","rel_V":"<","regime_key":"A<_V<","regime_label":"$\\beta_A < 1,\\ \\beta_V < 1$","regime_color":"#1f77b4","beta_group":"A<_V<","beta_group_label":"$\\beta_A < 1,\\ \\beta_V < 1$","beta_A_prob_gt1":0.004,"beta_A_prob_lt1":0.996,"beta_V_prob_gt1":0.004,"beta_V_prob_lt1":0.996,"n_boot_valid":250.0},"geometry":{"type":"Point","coordinates":[110.35359416038162,1.532685228700327]}},{"type":"Feature","properties":{"fid":12479,"city":"Cixi","country":"China","beta_A":0.9967,"beta_V":0.967,"beta_h":-0.0297,"A_cls":1,"H_cls":2,"color":"#ff7f0e","n_points":11.0,"svg_file":"12479.svg","rel_A":"=","rel_V":"=","regime_key":"A=_V=","regime_label":"$\\beta_A = 1,\\ \\beta_V = 1$","regime_color":"#ff7f0e","beta_group":"A=_V=","beta_group_label":"$\\beta_A = 1,\\ \\beta_V = 1$","beta_A_prob_gt1":0.448,"beta_A_prob_lt1":0.552,"beta_V_prob_gt1":0.204,"beta_V_prob_lt1":0.796,"n_boot_valid":250.0},"geometry":{"type":"Point","coordinates":[121.23392564886792,30.133700296524616]}},{"type":"Feature","properties":{"fid":12492,"city":"Cheonan-si","country":"South Korea","beta_A":0.8911,"beta_V":0.8927,"beta_h":0.0016,"A_cls":1,"H_cls":2,"color":"#ff7f0e","n_points":11.0,"svg_file":"12492.svg","rel_A":"=","rel_V":"=","regime_key":"A=_V=","regime_label":"$\\beta_A = 1,\\ \\beta_V = 1$","regime_color":"#ff7f0e","beta_group":"A=_V=","beta_group_label":"$\\beta_A = 1,\\ \\beta_V = 1$","beta_A_prob_gt1":0.012,"beta_A_prob_lt1":0.988,"beta_V_prob_gt1":0.012,"beta_V_prob_lt1":0.988,"n_boot_valid":250.0},"geometry":{"type":"Point","coordinates":[127.13791673628656,36.8336602226548]}},{"type":"Feature","properties":{"fid":12528,"city":"Ningbo","country":"China","beta_A":1.2379,"beta_V":1.1258,"beta_h":-0.1121,"A_cls":2,"H_cls":1,"color":"#2ca02c","n_points":11.0,"svg_file":"12528.svg","rel_A":">","rel_V":">","regime_key":"A>_V>","regime_label":"$\\beta_A > 1,\\ \\beta_V > 1$","regime_color":"#2ca02c","beta_group":"A>_V>","beta_group_label":"$\\beta_A > 1,\\ \\beta_V > 1$","beta_A_prob_gt1":1.0,"beta_A_prob_lt1":0.0,"beta_V_prob_gt1":1.0,"beta_V_prob_lt1":0.0,"n_boot_valid":250.0},"geometry":{"type":"Point","coordinates":[121.54073145555404,29.87740756588583]}},{"type":"Feature","properties":{"fid":12599,"city":"龙港市","country":"China","beta_A":2.9246,"beta_V":2.6326,"beta_h":-0.2921,"A_cls":2,"H_cls":0,"color":"#2ca02c","n_points":11.0,"svg_file":"12599.svg","rel_A":">","rel_V":">","regime_key":"A>_V>","regime_label":"$\\beta_A > 1,\\ \\beta_V > 1$","regime_color":"#2ca02c","beta_group":"A>_V>","beta_group_label":"$\\beta_A > 1,\\ \\beta_V > 1$","beta_A_prob_gt1":1.0,"beta_A_prob_lt1":0.0,"beta_V_prob_gt1":1.0,"beta_V_prob_lt1":0.0,"n_boot_valid":250.0},"geometry":{"type":"Point","coordinates":[120.52742302004795,27.581622203846113]}},{"type":"Feature","properties":{"fid":12610,"city":"Surabaya","country":"Indonesia","beta_A":1.141,"beta_V":0.9107,"beta_h":-0.2304,"A_cls":2,"H_cls":0,"color":"#8c564b","n_points":11.0,"svg_file":"12610.svg","rel_A":">","rel_V":"<","regime_key":"A>_V<","regime_label":"$\\beta_A > 1,\\ \\beta_V < 1$","regime_color":"#8c564b","beta_group":"A>_V<","beta_group_label":"$\\beta_A > 1,\\ \\beta_V < 1$","beta_A_prob_gt1":1.0,"beta_A_prob_lt1":0.0,"beta_V_prob_gt1":0.004,"beta_V_prob_lt1":0.996,"n_boot_valid":250.0},"geometry":{"type":"Point","coordinates":[112.7041633056019,-7.7043269623322]}},{"type":"Feature","properties":{"fid":12644,"city":"Probolinggo","country":"Indonesia","beta_A":1.4697,"beta_V":1.1304,"beta_h":-0.3393,"A_cls":2,"H_cls":0,"color":"#9467bd","n_points":11.0,"svg_file":"12644.svg","rel_A":">","rel_V":"=","regime_key":"A>_V=","regime_label":"$\\beta_A > 1,\\ \\beta_V = 1$","regime_color":"#9467bd","beta_group":"A>_V=","beta_group_label":"$\\beta_A > 1,\\ \\beta_V = 1$","beta_A_prob_gt1":1.0,"beta_A_prob_lt1":0.0,"beta_V_prob_gt1":0.984,"beta_V_prob_lt1":0.016,"n_boot_valid":250.0},"geometry":{"type":"Point","coordinates":[113.1938412225772,-7.753022932293598]}},{"type":"Feature","properties":{"fid":12708,"city":"Denpasar","country":"Indonesia","beta_A":0.2384,"beta_V":0.1969,"beta_h":-0.0415,"A_cls":0,"H_cls":2,"color":"#1f77b4","n_points":11.0,"svg_file":"12708.svg","rel_A":"<","rel_V":"<","regime_key":"A<_V<","regime_label":"$\\beta_A < 1,\\ \\beta_V < 1$","regime_color":"#1f77b4","beta_group":"A<_V<","beta_group_label":"$\\beta_A < 1,\\ \\beta_V < 1$","beta_A_prob_gt1":0.0,"beta_A_prob_lt1":1.0,"beta_V_prob_gt1":0.0,"beta_V_prob_lt1":1.0,"n_boot_valid":250.0},"geometry":{"type":"Point","coordinates":[115.1978335616679,-8.662425393077068]}},{"type":"Feature","properties":{"fid":12710,"city":"Banjarmasin","country":"Indonesia","beta_A":1.2511,"beta_V":0.9861,"beta_h":-0.265,"A_cls":2,"H_cls":0,"color":"#9467bd","n_points":11.0,"svg_file":"12710.svg","rel_A":">","rel_V":"=","regime_key":"A>_V=","regime_label":"$\\beta_A > 1,\\ \\beta_V = 1$","regime_color":"#9467bd","beta_group":"A>_V=","beta_group_label":"$\\beta_A > 1,\\ \\beta_V = 1$","beta_A_prob_gt1":1.0,"beta_A_prob_lt1":0.0,"beta_V_prob_gt1":0.388,"beta_V_prob_lt1":0.612,"n_boot_valid":250.0},"geometry":{"type":"Point","coordinates":[114.59489573687222,-3.336890466618166]}},{"type":"Feature","properties":{"fid":12725,"city":"Mataram","country":"Indonesia","beta_A":0.714,"beta_V":0.549,"beta_h":-0.165,"A_cls":1,"H_cls":0,"color":"#1f77b4","n_points":11.0,"svg_file":"12725.svg","rel_A":"<","rel_V":"<","regime_key":"A<_V<","regime_label":"$\\beta_A < 1,\\ \\beta_V < 1$","regime_color":"#1f77b4","beta_group":"A<_V<","beta_group_label":"$\\beta_A < 1,\\ \\beta_V < 1$","beta_A_prob_gt1":0.0,"beta_A_prob_lt1":1.0,"beta_V_prob_gt1":0.0,"beta_V_prob_lt1":1.0,"n_boot_valid":250.0},"geometry":{"type":"Point","coordinates":[116.16872850401228,-8.58931849214398]}},{"type":"Feature","properties":{"fid":12731,"city":"Selong","country":"Indonesia","beta_A":1.5184,"beta_V":1.1801,"beta_h":-0.3384,"A_cls":2,"H_cls":0,"color":"#ff7f0e","n_points":11.0,"svg_file":"12731.svg","rel_A":"=","rel_V":"=","regime_key":"A=_V=","regime_label":"$\\beta_A = 1,\\ \\beta_V = 1$","regime_color":"#ff7f0e","beta_group":"A=_V=","beta_group_label":"$\\beta_A = 1,\\ \\beta_V = 1$","beta_A_prob_gt1":0.988,"beta_A_prob_lt1":0.012,"beta_V_prob_gt1":0.892,"beta_V_prob_lt1":0.108,"n_boot_valid":250.0},"geometry":{"type":"Point","coordinates":[116.49718465334279,-8.625871356171205]}},{"type":"Feature","properties":{"fid":12732,"city":"Kota Kinabalu","country":"Malaysia","beta_A":0.3576,"beta_V":0.3028,"beta_h":-0.0547,"A_cls":0,"H_cls":1,"color":"#1f77b4","n_points":11.0,"svg_file":"12732.svg","rel_A":"<","rel_V":"<","regime_key":"A<_V<","regime_label":"$\\beta_A < 1,\\ \\beta_V < 1$","regime_color":"#1f77b4","beta_group":"A<_V<","beta_group_label":"$\\beta_A < 1,\\ \\beta_V < 1$","beta_A_prob_gt1":0.0,"beta_A_prob_lt1":1.0,"beta_V_prob_gt1":0.0,"beta_V_prob_lt1":1.0,"n_boot_valid":250.0},"geometry":{"type":"Point","coordinates":[116.08542382720205,5.964748942885848]}},{"type":"Feature","properties":{"fid":12755,"city":"Balikpapan","country":"Indonesia","beta_A":0.2212,"beta_V":0.1691,"beta_h":-0.0521,"A_cls":0,"H_cls":1,"color":"#1f77b4","n_points":11.0,"svg_file":"12755.svg","rel_A":"<","rel_V":"<","regime_key":"A<_V<","regime_label":"$\\beta_A < 1,\\ \\beta_V < 1$","regime_color":"#1f77b4","beta_group":"A<_V<","beta_group_label":"$\\beta_A < 1,\\ \\beta_V < 1$","beta_A_prob_gt1":0.0,"beta_A_prob_lt1":1.0,"beta_V_prob_gt1":0.0,"beta_V_prob_lt1":1.0,"n_boot_valid":250.0},"geometry":{"type":"Point","coordinates":[116.8616499026969,-1.241495965266279]}},{"type":"Feature","properties":{"fid":12763,"city":"Samarinda","country":"Indonesia","beta_A":0.5652,"beta_V":0.5058,"beta_h":-0.0593,"A_cls":0,"H_cls":1,"color":"#1f77b4","n_points":11.0,"svg_file":"12763.svg","rel_A":"<","rel_V":"<","regime_key":"A<_V<","regime_label":"$\\beta_A < 1,\\ \\beta_V < 1$","regime_color":"#1f77b4","beta_group":"A<_V<","beta_group_label":"$\\beta_A < 1,\\ \\beta_V < 1$","beta_A_prob_gt1":0.0,"beta_A_prob_lt1":1.0,"beta_V_prob_gt1":0.0,"beta_V_prob_lt1":1.0,"n_boot_valid":250.0},"geometry":{"type":"Point","coordinates":[117.14179371853713,-0.497394672176388]}},{"type":"Feature","properties":{"fid":12772,"city":"Dagupan","country":"Philippines","beta_A":0.7139,"beta_V":0.5641,"beta_h":-0.1497,"A_cls":1,"H_cls":0,"color":"#1f77b4","n_points":11.0,"svg_file":"12772.svg","rel_A":"<","rel_V":"<","regime_key":"A<_V<","regime_label":"$\\beta_A < 1,\\ \\beta_V < 1$","regime_color":"#1f77b4","beta_group":"A<_V<","beta_group_label":"$\\beta_A < 1,\\ \\beta_V < 1$","beta_A_prob_gt1":0.0,"beta_A_prob_lt1":1.0,"beta_V_prob_gt1":0.0,"beta_V_prob_lt1":1.0,"n_boot_valid":250.0},"geometry":{"type":"Point","coordinates":[120.38094982282514,16.05794247258572]}},{"type":"Feature","properties":{"fid":12803,"city":"Angeles [San Fernando]","country":"Philippines","beta_A":0.6658,"beta_V":0.5562,"beta_h":-0.1096,"A_cls":1,"H_cls":1,"color":"#1f77b4","n_points":11.0,"svg_file":"12803.svg","rel_A":"<","rel_V":"<","regime_key":"A<_V<","regime_label":"$\\beta_A < 1,\\ \\beta_V < 1$","regime_color":"#1f77b4","beta_group":"A<_V<","beta_group_label":"$\\beta_A < 1,\\ \\beta_V < 1$","beta_A_prob_gt1":0.004,"beta_A_prob_lt1":0.996,"beta_V_prob_gt1":0.0,"beta_V_prob_lt1":1.0,"n_boot_valid":250.0},"geometry":{"type":"Point","coordinates":[120.61352908284611,15.122627755058295]}},{"type":"Feature","properties":{"fid":12829,"city":"Quezon City [Manila]","country":"Philippines","beta_A":0.57,"beta_V":0.4565,"beta_h":-0.1135,"A_cls":0,"H_cls":1,"color":"#1f77b4","n_points":11.0,"svg_file":"12829.svg","rel_A":"<","rel_V":"<","regime_key":"A<_V<","regime_label":"$\\beta_A < 1,\\ \\beta_V < 1$","regime_color":"#1f77b4","beta_group":"A<_V<","beta_group_label":"$\\beta_A < 1,\\ \\beta_V < 1$","beta_A_prob_gt1":0.0,"beta_A_prob_lt1":1.0,"beta_V_prob_gt1":0.0,"beta_V_prob_lt1":1.0,"n_boot_valid":250.0},"geometry":{"type":"Point","coordinates":[121.02321191933099,14.508153799307232]}},{"type":"Feature","properties":{"fid":12863,"city":"Makassar","country":"Indonesia","beta_A":0.6308,"beta_V":0.508,"beta_h":-0.1228,"A_cls":0,"H_cls":0,"color":"#1f77b4","n_points":11.0,"svg_file":"12863.svg","rel_A":"<","rel_V":"<","regime_key":"A<_V<","regime_label":"$\\beta_A < 1,\\ \\beta_V < 1$","regime_color":"#1f77b4","beta_group":"A<_V<","beta_group_label":"$\\beta_A < 1,\\ \\beta_V < 1$","beta_A_prob_gt1":0.0,"beta_A_prob_lt1":1.0,"beta_V_prob_gt1":0.0,"beta_V_prob_lt1":1.0,"n_boot_valid":250.0},"geometry":{"type":"Point","coordinates":[119.44923251201696,-5.166666632240592]}},{"type":"Feature","properties":{"fid":12977,"city":"Adelaide","country":"Australia","beta_A":0.5969,"beta_V":0.5895,"beta_h":-0.0074,"A_cls":0,"H_cls":2,"color":"#1f77b4","n_points":11.0,"svg_file":"12977.svg","rel_A":"<","rel_V":"<","regime_key":"A<_V<","regime_label":"$\\beta_A < 1,\\ \\beta_V < 1$","regime_color":"#1f77b4","beta_group":"A<_V<","beta_group_label":"$\\beta_A < 1,\\ \\beta_V < 1$","beta_A_prob_gt1":0.0,"beta_A_prob_lt1":1.0,"beta_V_prob_gt1":0.0,"beta_V_prob_lt1":1.0,"n_boot_valid":250.0},"geometry":{"type":"Point","coordinates":[138.58735415346703,-34.889034253613644]}},{"type":"Feature","properties":{"fid":12981,"city":"Cebu City","country":"Philippines","beta_A":0.5697,"beta_V":0.4582,"beta_h":-0.1115,"A_cls":0,"H_cls":1,"color":"#1f77b4","n_points":11.0,"svg_file":"12981.svg","rel_A":"<","rel_V":"<","regime_key":"A<_V<","regime_label":"$\\beta_A < 1,\\ \\beta_V < 1$","regime_color":"#1f77b4","beta_group":"A<_V<","beta_group_label":"$\\beta_A < 1,\\ \\beta_V < 1$","beta_A_prob_gt1":0.0,"beta_A_prob_lt1":1.0,"beta_V_prob_gt1":0.0,"beta_V_prob_lt1":1.0,"n_boot_valid":250.0},"geometry":{"type":"Point","coordinates":[123.93617913788415,10.31292808219777]}},{"type":"Feature","properties":{"fid":13005,"city":"Cagayan de Oro","country":"Philippines","beta_A":0.3975,"beta_V":0.3073,"beta_h":-0.0902,"A_cls":0,"H_cls":1,"color":"#1f77b4","n_points":11.0,"svg_file":"13005.svg","rel_A":"<","rel_V":"<","regime_key":"A<_V<","regime_label":"$\\beta_A < 1,\\ \\beta_V < 1$","regime_color":"#1f77b4","beta_group":"A<_V<","beta_group_label":"$\\beta_A < 1,\\ \\beta_V < 1$","beta_A_prob_gt1":0.0,"beta_A_prob_lt1":1.0,"beta_V_prob_gt1":0.0,"beta_V_prob_lt1":1.0,"n_boot_valid":250.0},"geometry":{"type":"Point","coordinates":[124.62912425241295,8.491851004487872]}},{"type":"Feature","properties":{"fid":13023,"city":"Melbourne","country":"Australia","beta_A":0.6338,"beta_V":0.586,"beta_h":-0.0478,"A_cls":1,"H_cls":1,"color":"#1f77b4","n_points":11.0,"svg_file":"13023.svg","rel_A":"<","rel_V":"<","regime_key":"A<_V<","regime_label":"$\\beta_A < 1,\\ \\beta_V < 1$","regime_color":"#1f77b4","beta_group":"A<_V<","beta_group_label":"$\\beta_A < 1,\\ \\beta_V < 1$","beta_A_prob_gt1":0.008,"beta_A_prob_lt1":0.992,"beta_V_prob_gt1":0.0,"beta_V_prob_lt1":1.0,"n_boot_valid":250.0},"geometry":{"type":"Point","coordinates":[145.13000568464128,-37.91905778948634]}},{"type":"Feature","properties":{"fid":13039,"city":"Wollongong","country":"Australia","beta_A":0.657,"beta_V":0.5823,"beta_h":-0.0747,"A_cls":1,"H_cls":1,"color":"#1f77b4","n_points":11.0,"svg_file":"13039.svg","rel_A":"<","rel_V":"<","regime_key":"A<_V<","regime_label":"$\\beta_A < 1,\\ \\beta_V < 1$","regime_color":"#1f77b4","beta_group":"A<_V<","beta_group_label":"$\\beta_A < 1,\\ \\beta_V < 1$","beta_A_prob_gt1":0.0,"beta_A_prob_lt1":1.0,"beta_V_prob_gt1":0.0,"beta_V_prob_lt1":1.0,"n_boot_valid":250.0},"geometry":{"type":"Point","coordinates":[150.88365302088408,-34.40127075147073]}},{"type":"Feature","properties":{"fid":13047,"city":"Newcastle","country":"Australia","beta_A":0.6744,"beta_V":0.6114,"beta_h":-0.063,"A_cls":1,"H_cls":1,"color":"#1f77b4","n_points":11.0,"svg_file":"13047.svg","rel_A":"<","rel_V":"<","regime_key":"A<_V<","regime_label":"$\\beta_A < 1,\\ \\beta_V < 1$","regime_color":"#1f77b4","beta_group":"A<_V<","beta_group_label":"$\\beta_A < 1,\\ \\beta_V < 1$","beta_A_prob_gt1":0.0,"beta_A_prob_lt1":1.0,"beta_V_prob_gt1":0.0,"beta_V_prob_lt1":1.0,"n_boot_valid":250.0},"geometry":{"type":"Point","coordinates":[151.71490265323985,-32.93565471871633]}},{"type":"Feature","properties":{"fid":13076,"city":"Brisbane","country":"Australia","beta_A":0.5023,"beta_V":0.4464,"beta_h":-0.0559,"A_cls":0,"H_cls":1,"color":"#1f77b4","n_points":11.0,"svg_file":"13076.svg","rel_A":"<","rel_V":"<","regime_key":"A<_V<","regime_label":"$\\beta_A < 1,\\ \\beta_V < 1$","regime_color":"#1f77b4","beta_group":"A<_V<","beta_group_label":"$\\beta_A < 1,\\ \\beta_V < 1$","beta_A_prob_gt1":0.0,"beta_A_prob_lt1":1.0,"beta_V_prob_gt1":0.0,"beta_V_prob_lt1":1.0,"n_boot_valid":250.0},"geometry":{"type":"Point","coordinates":[153.0428705899548,-27.48002178329251]}},{"type":"Feature","properties":{"fid":13129,"city":"Auckland","country":"New Zealand","beta_A":0.2725,"beta_V":0.2487,"beta_h":-0.0238,"A_cls":0,"H_cls":2,"color":"#1f77b4","n_points":11.0,"svg_file":"13129.svg","rel_A":"<","rel_V":"<","regime_key":"A<_V<","regime_label":"$\\beta_A < 1,\\ \\beta_V < 1$","regime_color":"#1f77b4","beta_group":"A<_V<","beta_group_label":"$\\beta_A < 1,\\ \\beta_V < 1$","beta_A_prob_gt1":0.0,"beta_A_prob_lt1":1.0,"beta_V_prob_gt1":0.0,"beta_V_prob_lt1":1.0,"n_boot_valid":250.0},"geometry":{"type":"Point","coordinates":[174.8514727191659,-36.94810009230462]}},{"type":"Feature","properties":{"fid":13130,"city":"Hillcrest","country":"New Zealand","beta_A":0.3227,"beta_V":0.3024,"beta_h":-0.0203,"A_cls":0,"H_cls":2,"color":"#1f77b4","n_points":11.0,"svg_file":"13130.svg","rel_A":"<","rel_V":"<","regime_key":"A<_V<","regime_label":"$\\beta_A < 1,\\ \\beta_V < 1$","regime_color":"#1f77b4","beta_group":"A<_V<","beta_group_label":"$\\beta_A < 1,\\ \\beta_V < 1$","beta_A_prob_gt1":0.0,"beta_A_prob_lt1":1.0,"beta_V_prob_gt1":0.0,"beta_V_prob_lt1":1.0,"n_boot_valid":250.0},"geometry":{"type":"Point","coordinates":[174.74227541051533,-36.76326766253513]}}]}